# ApexAI synthetic incident-response training data; all identities and addresses are fictional.
2026-07-12T00:02:12.819Z host=eng-x12 service=auditd level=INFO user=deploybot repo=safety-filters event=session_close status=success job=42864 trace=d5043f1da9f24f
2026-07-12T00:02:24.013Z host=gpu-node-084 service=kubelet level=INFO namespace=monitoring pod=checkpoint-ce2825 event=started gpu_util=65
2026-07-12T00:02:43.749Z host=gpu-node-038 service=scheduler level=INFO namespace=training pod=checkpoint-b9159c event=probe_ok gpu_util=33
2026-07-12T00:10:28.076Z host=eng-x12 service=auditd level=INFO user=deploybot repo=model-runtime event=checkout status=success job=47458 trace=2093d6bc8b58be
2026-07-12T00:13:35.260Z host=gpu-node-092 service=nvidia-dcgm level=INFO namespace=monitoring pod=checkpoint-a02af8 event=completed gpu_util=46
2026-07-12T00:14:15.317Z host=gpu-node-065 service=containerd level=INFO namespace=training pod=node-exporter-a25414 event=started gpu_util=51
2026-07-12T00:16:49.529Z host=eng-x12 service=dockerd level=INFO user=sre repo=model-runtime event=fetch status=success job=45955 trace=20a57648b349fe
2026-07-12T00:17:14.129Z host=eng-x12 service=dockerd level=INFO user=mchen repo=safety-filters event=checkout status=success job=47848 trace=f4378db63ac196
2026-07-12T00:18:54.320Z host=eng-x12 service=sshd level=INFO user=deploybot repo=safety-filters event=session_close status=success job=43081 trace=bb7530f3bc0dbf
2026-07-12T00:19:19.010Z host=eng-x12 service=dockerd level=INFO user=builder repo=evaluation event=session_close status=success job=44588 trace=ede1e4567a1e45
2026-07-12T00:20:12.507Z host=gpu-node-042 service=scheduler level=INFO namespace=training pod=node-exporter-4e8ddc event=probe_ok gpu_util=26
2026-07-12T00:21:23.566Z host=gpu-node-123 service=scheduler level=INFO namespace=monitoring pod=node-exporter-db6334 event=probe_ok gpu_util=40
2026-07-12T00:21:32.299Z host=eng-x12 service=dockerd level=INFO user=deploybot repo=evaluation event=build status=success job=48057 trace=00976484f777f8
2026-07-12T00:23:48.472Z host=eng-x12 service=dockerd level=INFO user=builder repo=infra-charts event=build status=success job=46102 trace=f26730946b3fcd
2026-07-12T00:24:55.907Z host=eng-x12 service=auditd level=INFO user=sre repo=infra-charts event=session_close status=success job=48252 trace=e287559aa289e5
2026-07-12T00:25:21.693Z host=eng-x12 service=gitlab-runner level=INFO user=deploybot repo=evaluation event=push status=success job=47167 trace=b8c2ecd0633a60
2026-07-12T00:25:38.387Z host=eng-x12 service=gitlab-runner level=INFO user=sre repo=safety-filters event=checkout status=success job=41646 trace=02299d773afd98
2026-07-12T00:27:14.809Z host=gpu-node-029 service=kubelet level=INFO namespace=inference pod=trainer-af83e9 event=completed gpu_util=81
2026-07-12T00:27:56.592Z host=gpu-node-010 service=scheduler level=INFO namespace=inference pod=model-eval-597c29 event=image_present gpu_util=63
2026-07-12T00:29:01.371Z host=eng-x12 service=auditd level=INFO user=sre repo=evaluation event=push status=success job=41616 trace=c5a283b295a6b6
2026-07-12T00:29:36.027Z host=eng-x12 service=auditd level=INFO user=sre repo=model-runtime event=fetch status=success job=41847 trace=07bb16d238cb3f
2026-07-12T00:30:23.057Z host=gpu-node-101 service=scheduler level=INFO namespace=training pod=model-eval-97b26b event=started gpu_util=65
2026-07-12T00:31:28.087Z host=eng-x12 service=dockerd level=INFO user=mchen repo=safety-filters event=build status=success job=41575 trace=eeaaf961aee19c
2026-07-12T00:34:08.897Z host=gpu-node-001 service=scheduler level=INFO namespace=monitoring pod=model-eval-a0565a event=probe_ok gpu_util=24
2026-07-12T00:34:33.551Z host=gpu-node-053 service=containerd level=INFO namespace=inference pod=checkpoint-085f63 event=probe_ok gpu_util=54
2026-07-12T00:36:16.755Z host=eng-x12 service=dockerd level=INFO user=mchen repo=evaluation event=fetch status=success job=41169 trace=7edddb07bfd0f2
2026-07-12T00:39:38.879Z host=gpu-node-065 service=kubelet level=INFO namespace=training pod=node-exporter-7bcdae event=started gpu_util=27
2026-07-12T00:39:59.111Z host=gpu-node-025 service=nvidia-dcgm level=INFO namespace=training pod=node-exporter-2fb8a8 event=completed gpu_util=32
2026-07-12T00:40:44.020Z host=eng-x12 service=dockerd level=INFO user=sre repo=model-runtime event=fetch status=success job=48945 trace=c99b45175ab8a2
2026-07-12T00:41:02.305Z host=eng-x12 service=gitlab-runner level=INFO user=mchen repo=infra-charts event=push status=success job=46749 trace=25465dd20237c0
2026-07-12T00:41:24.787Z host=gpu-node-010 service=containerd level=INFO namespace=training pod=checkpoint-61c4d0 event=started gpu_util=10
2026-07-12T00:41:32.552Z host=gpu-node-122 service=kubelet level=INFO namespace=training pod=node-exporter-f6b41d event=completed gpu_util=98
2026-07-12T00:43:46.633Z host=eng-x12 service=dockerd level=INFO user=sre repo=evaluation event=fetch status=success job=46520 trace=a0e8049773a7e7
2026-07-12T00:47:55.026Z host=eng-x12 service=auditd level=INFO user=builder repo=safety-filters event=build status=success job=47176 trace=937c230bc58422
2026-07-12T00:48:51.957Z host=eng-x12 service=gitlab-runner level=INFO user=deploybot repo=infra-charts event=build status=success job=47274 trace=3becdb7fb158a2
2026-07-12T00:49:09.252Z host=gpu-node-106 service=scheduler level=INFO namespace=monitoring pod=checkpoint-913a4a event=image_present gpu_util=20
2026-07-12T00:50:08.970Z host=gpu-node-057 service=kubelet level=INFO namespace=monitoring pod=trainer-994adf event=image_present gpu_util=18
2026-07-12T00:50:25.943Z host=eng-x12 service=auditd level=INFO user=sre repo=model-runtime event=build status=success job=41737 trace=5b40a206683cb0
2026-07-12T00:53:23.325Z host=eng-x12 service=gitlab-runner level=INFO user=builder repo=infra-charts event=fetch status=success job=48012 trace=217db5e1a80672
2026-07-12T00:56:59.043Z host=gpu-node-075 service=scheduler level=INFO namespace=monitoring pod=model-eval-0f07b6 event=completed gpu_util=66
2026-07-12T00:57:10.215Z host=gpu-node-087 service=nvidia-dcgm level=INFO namespace=training pod=node-exporter-9d0acb event=started gpu_util=23
2026-07-12T00:58:25.666Z host=eng-x12 service=auditd level=INFO user=sre repo=api-gateway event=checkout status=success job=45858 trace=89282ad6b264df
2026-07-12T00:59:24.782Z host=eng-x12 service=auditd level=INFO user=mchen repo=evaluation event=checkout status=success job=42447 trace=cdd21432208271
2026-07-12T00:59:28.651Z host=eng-x12 service=dockerd level=INFO user=sre repo=evaluation event=build status=success job=46231 trace=12409c041f3c13
2026-07-12T00:59:41.478Z host=gpu-node-039 service=nvidia-dcgm level=INFO namespace=monitoring pod=node-exporter-9ede1a event=completed gpu_util=5
2026-07-12T00:59:43.101Z host=gpu-node-048 service=kubelet level=INFO namespace=inference pod=node-exporter-1a82b8 event=probe_ok gpu_util=87
2026-07-12T00:59:49.595Z host=eng-x12 service=sshd level=INFO user=sre repo=infra-charts event=checkout status=success job=48305 trace=ca33ab85f058e6
2026-07-12T01:02:35.605Z host=eng-x12 service=dockerd level=INFO user=mchen repo=evaluation event=build status=success job=48231 trace=0a81a494ed0131
2026-07-12T01:04:00.305Z host=eng-x12 service=gitlab-runner level=INFO user=builder repo=api-gateway event=push status=success job=42515 trace=c8000a2873efb0
2026-07-12T01:05:12.366Z host=eng-x12 service=sshd level=INFO user=deploybot repo=safety-filters event=build status=success job=46159 trace=8af0802bf5a338
2026-07-12T01:09:03.128Z host=eng-x12 service=sshd level=INFO user=builder repo=model-runtime event=fetch status=success job=42279 trace=52daf0ab96af88
2026-07-12T01:09:29.030Z host=gpu-node-028 service=nvidia-dcgm level=INFO namespace=monitoring pod=node-exporter-9d76a5 event=completed gpu_util=100
2026-07-12T01:10:34.437Z host=gpu-node-098 service=containerd level=INFO namespace=training pod=model-eval-b46a2f event=started gpu_util=16
2026-07-12T01:10:47.789Z host=gpu-node-070 service=containerd level=INFO namespace=monitoring pod=checkpoint-74c8ff event=probe_ok gpu_util=60
2026-07-12T01:14:42.212Z host=gpu-node-085 service=kubelet level=INFO namespace=inference pod=checkpoint-f2c679 event=started gpu_util=79
2026-07-12T01:17:42.662Z host=eng-x12 service=sshd level=INFO user=mchen repo=evaluation event=checkout status=success job=42728 trace=ca7d3403c4b4a9
2026-07-12T01:19:00.052Z host=gpu-node-044 service=nvidia-dcgm level=INFO namespace=inference pod=node-exporter-376aa3 event=started gpu_util=84
2026-07-12T01:19:30.814Z host=eng-x12 service=sshd level=INFO user=mchen repo=api-gateway event=build status=success job=41319 trace=d4a65613c72734
2026-07-12T01:19:33.240Z host=gpu-node-059 service=nvidia-dcgm level=INFO namespace=monitoring pod=node-exporter-52566e event=probe_ok gpu_util=11
2026-07-12T01:22:52.784Z host=gpu-node-021 service=nvidia-dcgm level=INFO namespace=monitoring pod=trainer-ee81bc event=completed gpu_util=19
2026-07-12T01:24:05.968Z host=eng-x12 service=gitlab-runner level=INFO user=mchen repo=api-gateway event=session_close status=success job=42302 trace=869bab74adcfe4
2026-07-12T01:26:00.376Z host=eng-x12 service=gitlab-runner level=INFO user=deploybot repo=safety-filters event=session_close status=success job=47928 trace=f7917bfd24edb0
2026-07-12T01:30:49.118Z host=gpu-node-046 service=nvidia-dcgm level=INFO namespace=inference pod=model-eval-8d91fc event=image_present gpu_util=96
2026-07-12T01:32:46.867Z host=gpu-node-085 service=containerd level=INFO namespace=inference pod=checkpoint-44cd8f event=completed gpu_util=47
2026-07-12T01:34:11.403Z host=eng-x12 service=sshd level=INFO user=mchen repo=evaluation event=session_close status=success job=41922 trace=46a0725f4dd9a4
2026-07-12T01:35:09.119Z host=eng-x12 service=auditd level=INFO user=deploybot repo=model-runtime event=build status=success job=48103 trace=e30cbbe4716102
2026-07-12T01:35:16.791Z host=eng-x12 service=auditd level=INFO user=sre repo=infra-charts event=fetch status=success job=41566 trace=61f5f1cd9a1c3d
2026-07-12T01:35:26.781Z host=eng-x12 service=auditd level=INFO user=builder repo=evaluation event=checkout status=success job=44476 trace=271f5b0b8f264f
2026-07-12T01:36:23.276Z host=gpu-node-063 service=nvidia-dcgm level=INFO namespace=inference pod=trainer-b91075 event=started gpu_util=42
2026-07-12T01:36:26.110Z host=gpu-node-121 service=scheduler level=INFO namespace=monitoring pod=node-exporter-d2597a event=completed gpu_util=28
2026-07-12T01:36:44.006Z host=gpu-node-073 service=nvidia-dcgm level=INFO namespace=inference pod=checkpoint-a7da58 event=started gpu_util=76
2026-07-12T01:37:57.689Z host=eng-x12 service=sshd level=INFO user=builder repo=safety-filters event=build status=success job=47044 trace=b0f4c2f03acfd7
2026-07-12T01:38:40.574Z host=gpu-node-092 service=nvidia-dcgm level=INFO namespace=inference pod=node-exporter-e08939 event=started gpu_util=57
2026-07-12T01:40:59.455Z host=eng-x12 service=gitlab-runner level=INFO user=mchen repo=api-gateway event=build status=success job=41313 trace=7c5d8a7e5833f4
2026-07-12T01:41:14.570Z host=gpu-node-010 service=nvidia-dcgm level=INFO namespace=inference pod=trainer-d4a077 event=probe_ok gpu_util=0
2026-07-12T01:41:26.044Z host=gpu-node-128 service=containerd level=INFO namespace=training pod=checkpoint-63198c event=probe_ok gpu_util=95
2026-07-12T01:41:55.583Z host=gpu-node-079 service=kubelet level=INFO namespace=monitoring pod=checkpoint-ab43aa event=image_present gpu_util=64
2026-07-12T01:42:30.935Z host=gpu-node-081 service=nvidia-dcgm level=INFO namespace=inference pod=model-eval-200144 event=started gpu_util=70
2026-07-12T01:43:34.622Z host=eng-x12 service=sshd level=INFO user=mchen repo=safety-filters event=checkout status=success job=42316 trace=fcb7f50c3f5817
2026-07-12T01:45:04.623Z host=gpu-node-065 service=kubelet level=INFO namespace=training pod=checkpoint-d642ba event=started gpu_util=77
2026-07-12T01:47:49.699Z host=eng-x12 service=gitlab-runner level=INFO user=builder repo=evaluation event=checkout status=success job=42695 trace=5648875618eeb2
2026-07-12T01:48:59.478Z host=eng-x12 service=auditd level=INFO user=builder repo=model-runtime event=fetch status=success job=42952 trace=f4832f68742d74
2026-07-12T01:49:22.803Z host=eng-x12 service=sshd level=INFO user=builder repo=evaluation event=checkout status=success job=41518 trace=e683e81684162d
2026-07-12T01:50:58.379Z host=eng-x12 service=gitlab-runner level=INFO user=mchen repo=api-gateway event=session_close status=success job=43250 trace=b4b7d70898d4c4
2026-07-12T01:51:07.379Z host=eng-x12 service=gitlab-runner level=INFO user=deploybot repo=api-gateway event=checkout status=success job=48060 trace=c68ba20fbbf02a
2026-07-12T01:52:21.328Z host=eng-x12 service=sshd level=INFO user=sre repo=safety-filters event=session_close status=success job=42093 trace=8472d43e175d35
2026-07-12T01:52:39.267Z host=eng-x12 service=auditd level=INFO user=sre repo=api-gateway event=checkout status=success job=42220 trace=2c7774bc275f17
2026-07-12T01:55:40.359Z host=eng-x12 service=gitlab-runner level=INFO user=mchen repo=model-runtime event=session_close status=success job=47707 trace=f8fe9cdaf98cc9
2026-07-12T01:57:20.755Z host=eng-x12 service=sshd level=INFO user=sre repo=infra-charts event=session_close status=success job=44743 trace=8e62e64a486cae
2026-07-12T01:58:10.217Z host=gpu-node-127 service=containerd level=INFO namespace=inference pod=checkpoint-ed54dd event=started gpu_util=76
2026-07-12T01:59:45.528Z host=eng-x12 service=sshd level=INFO user=deploybot repo=safety-filters event=build status=success job=44302 trace=17aeb3b154e811
2026-07-12T02:01:11.162Z host=gpu-node-084 service=nvidia-dcgm level=INFO namespace=training pod=checkpoint-949bad event=image_present gpu_util=68
2026-07-12T02:01:26.286Z host=eng-x12 service=auditd level=INFO user=builder repo=evaluation event=build status=success job=47185 trace=e376047e87e6fd
2026-07-12T02:01:35.836Z host=eng-x12 service=sshd level=INFO user=sre repo=infra-charts event=fetch status=success job=44568 trace=31a849acae4c7f
2026-07-12T02:02:04.963Z host=eng-x12 service=gitlab-runner level=INFO user=deploybot repo=infra-charts event=session_close status=success job=42564 trace=650ef10b82e88e
2026-07-12T02:02:35.674Z host=eng-x12 service=dockerd level=INFO user=builder repo=api-gateway event=checkout status=success job=43227 trace=5f9f7cce864e40
2026-07-12T02:04:17.530Z host=eng-x12 service=gitlab-runner level=INFO user=builder repo=model-runtime event=session_close status=success job=48131 trace=4bb190d1371737
2026-07-12T02:04:41.818Z host=eng-x12 service=dockerd level=INFO user=sre repo=api-gateway event=session_close status=success job=46535 trace=d73f7daa09cf28
2026-07-12T02:05:33.972Z host=eng-x12 service=gitlab-runner level=INFO user=builder repo=evaluation event=fetch status=success job=44551 trace=79e872c7ecdbfc
2026-07-12T02:05:52.583Z host=gpu-node-004 service=nvidia-dcgm level=INFO namespace=training pod=checkpoint-261d25 event=image_present gpu_util=20
2026-07-12T02:09:04.808Z host=gpu-node-044 service=nvidia-dcgm level=INFO namespace=training pod=node-exporter-982bd9 event=probe_ok gpu_util=89
2026-07-12T02:11:48.059Z host=gpu-node-089 service=nvidia-dcgm level=INFO namespace=training pod=checkpoint-42c29f event=started gpu_util=14
2026-07-12T02:12:17.452Z host=gpu-node-071 service=scheduler level=INFO namespace=training pod=checkpoint-c4a489 event=completed gpu_util=72
2026-07-12T02:13:42.085Z host=gpu-node-040 service=containerd level=INFO namespace=inference pod=checkpoint-a86080 event=started gpu_util=52
2026-07-12T02:15:41.297Z host=gpu-node-068 service=nvidia-dcgm level=INFO namespace=training pod=trainer-4e08d9 event=started gpu_util=51
2026-07-12T02:16:43.504Z host=eng-x12 service=dockerd level=INFO user=mchen repo=model-runtime event=build status=success job=43910 trace=c1e46a1d1e8209
2026-07-12T02:17:09.701Z host=eng-x12 service=sshd level=INFO user=mchen repo=safety-filters event=push status=success job=45282 trace=3056e3ed3ee92e
2026-07-12T02:17:25.053Z host=gpu-node-115 service=scheduler level=INFO namespace=inference pod=trainer-555fa4 event=started gpu_util=31
2026-07-12T02:20:03.834Z host=gpu-node-021 service=nvidia-dcgm level=INFO namespace=training pod=model-eval-9db9e3 event=completed gpu_util=19
2026-07-12T02:20:23.448Z host=gpu-node-127 service=kubelet level=INFO namespace=monitoring pod=model-eval-26ddc1 event=probe_ok gpu_util=100
2026-07-12T02:23:23.669Z host=eng-x12 service=sshd level=INFO user=mchen repo=api-gateway event=fetch status=success job=45174 trace=e4da695e79f744
2026-07-12T02:23:45.439Z host=eng-x12 service=auditd level=INFO user=deploybot repo=infra-charts event=checkout status=success job=43591 trace=6575f622486240
2026-07-12T02:24:23.014Z host=eng-x12 service=sshd level=INFO user=deploybot repo=infra-charts event=push status=success job=47264 trace=c8e56ca9f944fb
2026-07-12T02:24:27.410Z host=eng-x12 service=sshd level=INFO user=mchen repo=evaluation event=build status=success job=45955 trace=1abccde12ee714
2026-07-12T02:25:03.304Z host=eng-x12 service=auditd level=INFO user=sre repo=model-runtime event=build status=success job=48006 trace=c669048d32415d
2026-07-12T02:26:05.559Z host=eng-x12 service=gitlab-runner level=INFO user=deploybot repo=evaluation event=checkout status=success job=45727 trace=74e84a0abfeaed
2026-07-12T02:27:00.743Z host=gpu-node-026 service=kubelet level=INFO namespace=monitoring pod=model-eval-0d5d47 event=probe_ok gpu_util=98
2026-07-12T02:27:54.743Z host=eng-x12 service=dockerd level=INFO user=builder repo=model-runtime event=session_close status=success job=46353 trace=36be9991dc256d
2026-07-12T02:27:58.362Z host=eng-x12 service=gitlab-runner level=INFO user=builder repo=model-runtime event=build status=success job=44102 trace=735132c63dc537
2026-07-12T02:28:45.798Z host=gpu-node-065 service=nvidia-dcgm level=INFO namespace=monitoring pod=trainer-ac9dcd event=image_present gpu_util=66
2026-07-12T02:29:00.474Z host=gpu-node-056 service=containerd level=INFO namespace=monitoring pod=model-eval-9768b8 event=completed gpu_util=7
2026-07-12T02:29:59.982Z host=gpu-node-038 service=scheduler level=INFO namespace=training pod=model-eval-3990e4 event=probe_ok gpu_util=45
2026-07-12T02:32:00.801Z host=gpu-node-038 service=kubelet level=INFO namespace=monitoring pod=node-exporter-48b21c event=completed gpu_util=21
2026-07-12T02:32:49.216Z host=gpu-node-010 service=kubelet level=INFO namespace=training pod=checkpoint-a34b4d event=started gpu_util=60
2026-07-12T02:33:03.035Z host=gpu-node-053 service=scheduler level=INFO namespace=training pod=trainer-60d67f event=probe_ok gpu_util=43
2026-07-12T02:34:26.227Z host=gpu-node-063 service=containerd level=INFO namespace=monitoring pod=node-exporter-1d59a1 event=completed gpu_util=25
2026-07-12T02:34:49.353Z host=gpu-node-041 service=containerd level=INFO namespace=training pod=checkpoint-14a47f event=image_present gpu_util=63
2026-07-12T02:40:44.828Z host=eng-x12 service=dockerd level=INFO user=deploybot repo=infra-charts event=push status=success job=44183 trace=4959737b78af67
2026-07-12T02:42:04.858Z host=eng-x12 service=sshd level=INFO user=mchen repo=api-gateway event=fetch status=success job=42904 trace=b4519d9bd137d1
2026-07-12T02:43:09.808Z host=gpu-node-056 service=containerd level=INFO namespace=monitoring pod=model-eval-0c228c event=completed gpu_util=91
2026-07-12T02:47:56.745Z host=eng-x12 service=gitlab-runner level=INFO user=sre repo=model-runtime event=build status=success job=45972 trace=4dfa6d4110ad3c
2026-07-12T02:48:36.321Z host=eng-x12 service=auditd level=INFO user=builder repo=model-runtime event=fetch status=success job=45940 trace=b11be7480b90c3
2026-07-12T02:49:02.311Z host=gpu-node-008 service=containerd level=INFO namespace=monitoring pod=model-eval-4b09e5 event=started gpu_util=70
2026-07-12T02:50:15.928Z host=eng-x12 service=sshd level=INFO user=mchen repo=evaluation event=push status=success job=43753 trace=0a1f5116ab30ec
2026-07-12T02:52:02.966Z host=eng-x12 service=sshd level=INFO user=builder repo=api-gateway event=fetch status=success job=43779 trace=01129f85d3c685
2026-07-12T02:53:18.716Z host=gpu-node-071 service=containerd level=INFO namespace=monitoring pod=trainer-f8b305 event=probe_ok gpu_util=76
2026-07-12T02:53:30.516Z host=gpu-node-089 service=nvidia-dcgm level=INFO namespace=training pod=checkpoint-0d6327 event=completed gpu_util=86
2026-07-12T02:54:39.181Z host=gpu-node-055 service=nvidia-dcgm level=INFO namespace=training pod=trainer-f35dc8 event=completed gpu_util=96
2026-07-12T02:55:53.785Z host=gpu-node-083 service=scheduler level=INFO namespace=monitoring pod=model-eval-07c404 event=started gpu_util=19
2026-07-12T02:56:44.161Z host=eng-x12 service=dockerd level=INFO user=deploybot repo=evaluation event=push status=success job=44216 trace=96b80884887022
2026-07-12T02:57:22.795Z host=gpu-node-004 service=containerd level=INFO namespace=training pod=checkpoint-bc2025 event=image_present gpu_util=10
2026-07-12T02:57:45.816Z host=gpu-node-057 service=scheduler level=INFO namespace=monitoring pod=model-eval-113b2d event=started gpu_util=90
2026-07-12T02:58:48.395Z host=gpu-node-065 service=kubelet level=INFO namespace=monitoring pod=trainer-a10a3f event=probe_ok gpu_util=60
2026-07-12T02:59:13.551Z host=eng-x12 service=sshd level=INFO user=deploybot repo=model-runtime event=fetch status=success job=45931 trace=63e2a22d03a33f
2026-07-12T02:59:20.438Z host=eng-x12 service=sshd level=INFO user=deploybot repo=model-runtime event=fetch status=success job=43407 trace=7d8e17c07afa44
2026-07-12T02:59:28.092Z host=gpu-node-038 service=containerd level=INFO namespace=training pod=node-exporter-dd04f5 event=started gpu_util=60
2026-07-12T03:02:07.630Z host=gpu-node-122 service=kubelet level=INFO namespace=training pod=checkpoint-ee54a8 event=image_present gpu_util=43
2026-07-12T03:03:55.703Z host=eng-x12 service=auditd level=INFO user=mchen repo=infra-charts event=push status=success job=46019 trace=b31770a4f1851b
2026-07-12T03:04:35.147Z host=eng-x12 service=gitlab-runner level=INFO user=deploybot repo=infra-charts event=build status=success job=43237 trace=6fe40f3a574e56
2026-07-12T03:05:39.342Z host=gpu-node-024 service=nvidia-dcgm level=INFO namespace=monitoring pod=model-eval-0b4667 event=probe_ok gpu_util=29
2026-07-12T03:06:43.597Z host=gpu-node-117 service=containerd level=INFO namespace=monitoring pod=node-exporter-eac62c event=probe_ok gpu_util=69
2026-07-12T03:08:16.543Z host=gpu-node-054 service=containerd level=INFO namespace=training pod=trainer-72dde2 event=image_present gpu_util=60
2026-07-12T03:10:09.673Z host=eng-x12 service=auditd level=INFO user=sre repo=evaluation event=fetch status=success job=44324 trace=4a19bdcb69197d
2026-07-12T03:10:13.620Z host=gpu-node-106 service=nvidia-dcgm level=INFO namespace=inference pod=node-exporter-d26c44 event=started gpu_util=52
2026-07-12T03:10:29.798Z host=eng-x12 service=sshd level=INFO user=builder repo=evaluation event=fetch status=success job=41318 trace=e294a4ae2590f5
2026-07-12T03:11:38.250Z host=gpu-node-009 service=scheduler level=INFO namespace=inference pod=checkpoint-90a25c event=probe_ok gpu_util=0
2026-07-12T03:12:03.931Z host=eng-x12 service=gitlab-runner level=INFO user=mchen repo=model-runtime event=push status=success job=45850 trace=a4f3182d496ed1
2026-07-12T03:13:40.496Z host=eng-x12 service=auditd level=INFO user=builder repo=api-gateway event=checkout status=success job=45143 trace=ada4c0a7197a0c
2026-07-12T03:16:30.283Z host=gpu-node-069 service=containerd level=INFO namespace=monitoring pod=model-eval-3e7964 event=completed gpu_util=48
2026-07-12T03:17:04.074Z host=gpu-node-063 service=containerd level=INFO namespace=training pod=checkpoint-7e1bb3 event=completed gpu_util=45
2026-07-12T03:19:35.457Z host=eng-x12 service=sshd level=INFO user=mchen repo=safety-filters event=build status=success job=43238 trace=24aa2889018663
2026-07-12T03:20:42.929Z host=gpu-node-127 service=containerd level=INFO namespace=monitoring pod=model-eval-f502b6 event=completed gpu_util=72
2026-07-12T03:20:51.080Z host=eng-x12 service=auditd level=INFO user=builder repo=infra-charts event=build status=success job=48664 trace=785e1f9982ce02
2026-07-12T03:21:27.915Z host=eng-x12 service=gitlab-runner level=INFO user=sre repo=api-gateway event=push status=success job=48966 trace=c8e9a4dbf4d7ae
2026-07-12T03:22:36.709Z host=gpu-node-006 service=kubelet level=INFO namespace=monitoring pod=model-eval-74d7ce event=image_present gpu_util=20
2026-07-12T03:24:05.238Z host=eng-x12 service=dockerd level=INFO user=mchen repo=safety-filters event=session_close status=success job=44434 trace=334f19ac560b64
2026-07-12T03:25:31.157Z host=eng-x12 service=dockerd level=INFO user=builder repo=safety-filters event=session_close status=success job=47401 trace=2ba909a7c5d78a
2026-07-12T03:26:50.508Z host=eng-x12 service=sshd level=INFO user=deploybot repo=infra-charts event=push status=success job=45775 trace=82a1940fdf2392
2026-07-12T03:27:32.076Z host=eng-x12 service=gitlab-runner level=INFO user=mchen repo=model-runtime event=fetch status=success job=42951 trace=abe606a5e9f94c
2026-07-12T03:28:32.346Z host=eng-x12 service=dockerd level=INFO user=sre repo=evaluation event=session_close status=success job=45673 trace=459b891eb4f9fa
2026-07-12T03:29:59.275Z host=eng-x12 service=dockerd level=INFO user=builder repo=evaluation event=build status=success job=44894 trace=04b04ce595fcdf
2026-07-12T03:31:09.027Z host=gpu-node-027 service=containerd level=INFO namespace=inference pod=checkpoint-21f28d event=started gpu_util=69
2026-07-12T03:33:20.104Z host=gpu-node-091 service=nvidia-dcgm level=INFO namespace=training pod=trainer-c189e3 event=completed gpu_util=58
2026-07-12T03:34:00.930Z host=gpu-node-075 service=nvidia-dcgm level=INFO namespace=monitoring pod=checkpoint-77ab37 event=completed gpu_util=86
2026-07-12T03:36:15.214Z host=eng-x12 service=dockerd level=INFO user=sre repo=api-gateway event=build status=success job=46425 trace=194ea903793eb5
2026-07-12T03:36:31.247Z host=eng-x12 service=dockerd level=INFO user=mchen repo=infra-charts event=push status=success job=43394 trace=eb51a39ebbe31f
2026-07-12T03:38:08.193Z host=gpu-node-095 service=nvidia-dcgm level=INFO namespace=inference pod=model-eval-e438af event=completed gpu_util=37
2026-07-12T03:39:36.687Z host=gpu-node-024 service=kubelet level=INFO namespace=inference pod=checkpoint-c6ea75 event=probe_ok gpu_util=54
2026-07-12T03:40:25.776Z host=eng-x12 service=auditd level=INFO user=builder repo=safety-filters event=fetch status=success job=42919 trace=28de8b70ac64f6
2026-07-12T03:42:57.002Z host=gpu-node-072 service=nvidia-dcgm level=INFO namespace=monitoring pod=model-eval-a55a88 event=started gpu_util=11
2026-07-12T03:44:23.471Z host=gpu-node-080 service=containerd level=INFO namespace=inference pod=trainer-4bfdb5 event=started gpu_util=75
2026-07-12T03:44:59.320Z host=gpu-node-125 service=scheduler level=INFO namespace=training pod=trainer-72c683 event=image_present gpu_util=7
2026-07-12T03:45:06.098Z host=eng-x12 service=auditd level=INFO user=sre repo=evaluation event=push status=success job=46399 trace=6a5e1f4e0ee4ff
2026-07-12T03:45:35.442Z host=gpu-node-093 service=containerd level=INFO namespace=inference pod=trainer-a92f91 event=image_present gpu_util=56
2026-07-12T03:47:26.524Z host=gpu-node-075 service=containerd level=INFO namespace=training pod=node-exporter-474685 event=completed gpu_util=10
2026-07-12T03:48:42.840Z host=eng-x12 service=dockerd level=INFO user=deploybot repo=api-gateway event=session_close status=success job=48177 trace=77204b5253951e
2026-07-12T03:49:34.721Z host=eng-x12 service=sshd level=INFO user=sre repo=infra-charts event=build status=success job=43173 trace=0f36dc1bddf48a
2026-07-12T03:49:51.840Z host=gpu-node-088 service=kubelet level=INFO namespace=training pod=node-exporter-5fd944 event=probe_ok gpu_util=15
2026-07-12T03:50:30.723Z host=gpu-node-106 service=scheduler level=INFO namespace=training pod=node-exporter-ccfe02 event=completed gpu_util=6
2026-07-12T03:52:34.010Z host=eng-x12 service=dockerd level=INFO user=mchen repo=model-runtime event=push status=success job=41217 trace=9d1e632b390cd6
2026-07-12T03:52:38.803Z host=eng-x12 service=sshd level=INFO user=builder repo=safety-filters event=fetch status=success job=45467 trace=c1304955fcf59f
2026-07-12T03:53:57.433Z host=gpu-node-058 service=scheduler level=INFO namespace=inference pod=model-eval-7ded78 event=image_present gpu_util=2
2026-07-12T03:53:59.227Z host=gpu-node-037 service=nvidia-dcgm level=INFO namespace=training pod=trainer-804b7d event=completed gpu_util=38
2026-07-12T03:55:17.624Z host=gpu-node-030 service=scheduler level=INFO namespace=inference pod=model-eval-3d7d50 event=image_present gpu_util=98
2026-07-12T03:55:53.345Z host=gpu-node-058 service=kubelet level=INFO namespace=training pod=model-eval-d2cbe1 event=completed gpu_util=19
2026-07-12T03:56:08.565Z host=eng-x12 service=dockerd level=INFO user=sre repo=infra-charts event=checkout status=success job=43723 trace=1685df2be1b0f6
2026-07-12T03:56:28.841Z host=eng-x12 service=gitlab-runner level=INFO user=builder repo=api-gateway event=push status=success job=41523 trace=ba855b52dc1754
2026-07-12T03:57:16.220Z host=gpu-node-106 service=scheduler level=INFO namespace=training pod=model-eval-1fd46e event=completed gpu_util=83
2026-07-12T03:57:27.798Z host=eng-x12 service=dockerd level=INFO user=mchen repo=infra-charts event=fetch status=success job=46060 trace=bb9443b805af64
2026-07-12T03:57:42.150Z host=gpu-node-061 service=containerd level=INFO namespace=inference pod=trainer-0bb9c0 event=probe_ok gpu_util=9
2026-07-12T03:57:49.663Z host=gpu-node-013 service=containerd level=INFO namespace=inference pod=checkpoint-d47563 event=probe_ok gpu_util=12
2026-07-12T03:58:51.736Z host=gpu-node-007 service=nvidia-dcgm level=INFO namespace=inference pod=model-eval-a501a7 event=image_present gpu_util=77
2026-07-12T04:00:27.774Z host=gpu-node-067 service=nvidia-dcgm level=INFO namespace=training pod=node-exporter-d82068 event=probe_ok gpu_util=88
2026-07-12T04:00:32.726Z host=gpu-node-110 service=scheduler level=INFO namespace=inference pod=model-eval-512a72 event=completed gpu_util=21
2026-07-12T04:00:38.535Z host=eng-x12 service=sshd level=INFO user=sre repo=model-runtime event=fetch status=success job=46153 trace=153dd3331bc9a3
2026-07-12T04:01:06.167Z host=eng-x12 service=auditd level=INFO user=deploybot repo=infra-charts event=checkout status=success job=44541 trace=4eec3e94ffb290
2026-07-12T04:02:09.716Z host=gpu-node-080 service=containerd level=INFO namespace=monitoring pod=checkpoint-2ca6a7 event=started gpu_util=17
2026-07-12T04:03:00.794Z host=gpu-node-069 service=nvidia-dcgm level=INFO namespace=inference pod=checkpoint-a04db0 event=completed gpu_util=53
2026-07-12T04:06:34.187Z host=gpu-node-048 service=scheduler level=INFO namespace=inference pod=checkpoint-615a72 event=completed gpu_util=11
2026-07-12T04:07:08.110Z host=eng-x12 service=dockerd level=INFO user=builder repo=api-gateway event=build status=success job=45804 trace=74f99020aa7175
2026-07-12T04:09:36.667Z host=gpu-node-030 service=containerd level=INFO namespace=monitoring pod=model-eval-d373a2 event=started gpu_util=24
2026-07-12T04:10:15.217Z host=eng-x12 service=gitlab-runner level=INFO user=deploybot repo=evaluation event=build status=success job=43255 trace=29171db9de1692
2026-07-12T04:11:05.777Z host=eng-x12 service=dockerd level=INFO user=mchen repo=api-gateway event=checkout status=success job=44408 trace=0fc171799b8cc3
2026-07-12T04:14:09.257Z host=gpu-node-012 service=containerd level=INFO namespace=training pod=checkpoint-9b64a7 event=image_present gpu_util=61
2026-07-12T04:15:15.478Z host=gpu-node-125 service=scheduler level=INFO namespace=training pod=node-exporter-250879 event=started gpu_util=11
2026-07-12T04:15:42.354Z host=eng-x12 service=gitlab-runner level=INFO user=deploybot repo=model-runtime event=push status=success job=48483 trace=5fd57132e33424
2026-07-12T04:18:02.392Z host=eng-x12 service=sshd level=INFO user=builder repo=infra-charts event=session_close status=success job=47499 trace=ff3af4c4b6cd46
2026-07-12T04:19:00.128Z host=gpu-node-010 service=containerd level=INFO namespace=monitoring pod=model-eval-6aaef9 event=started gpu_util=95
2026-07-12T04:19:38.806Z host=eng-x12 service=gitlab-runner level=INFO user=mchen repo=model-runtime event=build status=success job=44564 trace=c6ecc19db05cfe
2026-07-12T04:21:25.364Z host=gpu-node-072 service=containerd level=INFO namespace=monitoring pod=checkpoint-814de6 event=started gpu_util=17
2026-07-12T04:21:49.296Z host=gpu-node-028 service=scheduler level=INFO namespace=training pod=checkpoint-fa84f9 event=image_present gpu_util=30
2026-07-12T04:21:57.185Z host=gpu-node-025 service=scheduler level=INFO namespace=training pod=trainer-888749 event=completed gpu_util=74
2026-07-12T04:22:53.562Z host=eng-x12 service=auditd level=INFO user=mchen repo=evaluation event=fetch status=success job=48517 trace=b7cb5fb638e21b
2026-07-12T04:23:24.922Z host=gpu-node-036 service=scheduler level=INFO namespace=monitoring pod=model-eval-69d9d4 event=probe_ok gpu_util=30
2026-07-12T04:23:26.872Z host=eng-x12 service=sshd level=INFO user=mchen repo=infra-charts event=build status=success job=48208 trace=022fb728724fd7
2026-07-12T04:24:19.195Z host=gpu-node-119 service=containerd level=INFO namespace=monitoring pod=node-exporter-2fd111 event=started gpu_util=65
2026-07-12T04:28:38.451Z host=gpu-node-039 service=scheduler level=INFO namespace=monitoring pod=checkpoint-9f11a4 event=completed gpu_util=18
2026-07-12T04:29:04.703Z host=gpu-node-028 service=kubelet level=INFO namespace=monitoring pod=model-eval-b2cb3b event=probe_ok gpu_util=91
2026-07-12T04:29:18.295Z host=eng-x12 service=sshd level=INFO user=builder repo=safety-filters event=push status=success job=47741 trace=12a2ba7c59de99
2026-07-12T04:29:28.894Z host=gpu-node-076 service=containerd level=INFO namespace=training pod=model-eval-2e2b32 event=started gpu_util=48
2026-07-12T04:30:58.648Z host=eng-x12 service=sshd level=INFO user=sre repo=model-runtime event=checkout status=success job=48454 trace=5262a9ed1177a2
2026-07-12T04:31:02.735Z host=eng-x12 service=gitlab-runner level=INFO user=mchen repo=model-runtime event=build status=success job=45804 trace=58e7eef873bb27
2026-07-12T04:31:12.651Z host=eng-x12 service=dockerd level=INFO user=mchen repo=api-gateway event=build status=success job=44596 trace=4ef0b5f716ba8f
2026-07-12T04:32:56.677Z host=eng-x12 service=gitlab-runner level=INFO user=mchen repo=api-gateway event=fetch status=success job=42270 trace=6f5445fbe13fc5
2026-07-12T04:33:18.204Z host=eng-x12 service=dockerd level=INFO user=sre repo=model-runtime event=checkout status=success job=41836 trace=6bccd792c029a6
2026-07-12T04:34:07.145Z host=eng-x12 service=gitlab-runner level=INFO user=sre repo=model-runtime event=build status=success job=43982 trace=3514f6333e8a0a
2026-07-12T04:34:21.217Z host=eng-x12 service=gitlab-runner level=INFO user=builder repo=api-gateway event=build status=success job=42363 trace=fc19df5f514c65
2026-07-12T04:35:26.908Z host=gpu-node-125 service=containerd level=INFO namespace=monitoring pod=node-exporter-66212c event=started gpu_util=1
2026-07-12T04:35:36.947Z host=gpu-node-036 service=nvidia-dcgm level=INFO namespace=monitoring pod=checkpoint-afc920 event=completed gpu_util=10
2026-07-12T04:39:39.065Z host=gpu-node-010 service=scheduler level=INFO namespace=training pod=checkpoint-09e903 event=completed gpu_util=46
2026-07-12T04:40:17.103Z host=gpu-node-019 service=kubelet level=INFO namespace=inference pod=model-eval-2d4b34 event=started gpu_util=14
2026-07-12T04:40:33.100Z host=gpu-node-037 service=nvidia-dcgm level=INFO namespace=inference pod=node-exporter-dcf479 event=started gpu_util=55
2026-07-12T04:41:54.795Z host=gpu-node-082 service=kubelet level=INFO namespace=training pod=checkpoint-0e8e1a event=completed gpu_util=24
2026-07-12T04:42:43.901Z host=gpu-node-038 service=scheduler level=INFO namespace=monitoring pod=model-eval-5f2ee0 event=completed gpu_util=29
2026-07-12T04:43:27.251Z host=gpu-node-033 service=nvidia-dcgm level=INFO namespace=monitoring pod=trainer-3c2bd4 event=started gpu_util=7
2026-07-12T04:44:02.276Z host=eng-x12 service=sshd level=INFO user=sre repo=evaluation event=fetch status=success job=42653 trace=1b8ec236d17da6
2026-07-12T04:44:47.780Z host=eng-x12 service=sshd level=INFO user=builder repo=model-runtime event=fetch status=success job=44786 trace=aef6837a658249
2026-07-12T04:47:57.780Z host=gpu-node-046 service=containerd level=INFO namespace=monitoring pod=checkpoint-8c931b event=started gpu_util=86
2026-07-12T04:49:45.557Z host=eng-x12 service=sshd level=INFO user=mchen repo=infra-charts event=checkout status=success job=48407 trace=69f264ec08576f
2026-07-12T04:50:28.568Z host=gpu-node-057 service=kubelet level=INFO namespace=training pod=checkpoint-0e854e event=started gpu_util=69
2026-07-12T04:54:29.341Z host=eng-x12 service=gitlab-runner level=INFO user=deploybot repo=safety-filters event=checkout status=success job=47846 trace=b7ffc1cfb7cdba
2026-07-12T04:57:19.624Z host=gpu-node-077 service=containerd level=INFO namespace=inference pod=trainer-58a100 event=completed gpu_util=91
2026-07-12T04:58:37.017Z host=gpu-node-038 service=scheduler level=INFO namespace=inference pod=checkpoint-75cf72 event=image_present gpu_util=28
2026-07-12T05:00:52.846Z host=eng-x12 service=gitlab-runner level=INFO user=mchen repo=api-gateway event=checkout status=success job=45351 trace=8c53ed17222791
2026-07-12T05:00:57.265Z host=gpu-node-025 service=kubelet level=INFO namespace=monitoring pod=checkpoint-489943 event=probe_ok gpu_util=72
2026-07-12T05:02:35.518Z host=gpu-node-057 service=containerd level=INFO namespace=inference pod=node-exporter-1f7cfd event=started gpu_util=25
2026-07-12T05:03:08.690Z host=gpu-node-057 service=nvidia-dcgm level=INFO namespace=monitoring pod=model-eval-95fb35 event=started gpu_util=35
2026-07-12T05:03:19.135Z host=eng-x12 service=dockerd level=INFO user=deploybot repo=api-gateway event=checkout status=success job=45669 trace=d3cd5dc0d0d2a1
2026-07-12T05:08:07.916Z host=gpu-node-005 service=containerd level=INFO namespace=training pod=model-eval-057812 event=started gpu_util=73
2026-07-12T05:10:34.212Z host=gpu-node-097 service=nvidia-dcgm level=INFO namespace=inference pod=model-eval-f8e2aa event=probe_ok gpu_util=41
2026-07-12T05:11:18.124Z host=eng-x12 service=sshd level=INFO user=builder repo=model-runtime event=build status=success job=45456 trace=9b6e82ceaeade4
2026-07-12T05:13:09.962Z host=eng-x12 service=auditd level=INFO user=sre repo=api-gateway event=build status=success job=45292 trace=b745010956f5d1
2026-07-12T05:13:46.560Z host=gpu-node-026 service=kubelet level=INFO namespace=monitoring pod=model-eval-74c1e4 event=image_present gpu_util=16
2026-07-12T05:16:30.502Z host=gpu-node-023 service=nvidia-dcgm level=INFO namespace=training pod=trainer-ef8390 event=image_present gpu_util=18
2026-07-12T05:17:53.440Z host=eng-x12 service=sshd level=INFO user=mchen repo=model-runtime event=fetch status=success job=43508 trace=7ea977d0bbf707
2026-07-12T05:21:19.615Z host=gpu-node-088 service=containerd level=INFO namespace=inference pod=node-exporter-b2792d event=started gpu_util=69
2026-07-12T05:22:50.945Z host=eng-x12 service=dockerd level=INFO user=mchen repo=api-gateway event=fetch status=success job=46716 trace=5163e4cc56394b
2026-07-12T05:24:07.942Z host=eng-x12 service=gitlab-runner level=INFO user=builder repo=safety-filters event=fetch status=success job=41467 trace=272f5740038ac2
2026-07-12T05:27:35.340Z host=eng-x12 service=auditd level=INFO user=deploybot repo=infra-charts event=session_close status=success job=48357 trace=d7d49d55ac2521
2026-07-12T05:28:14.816Z host=eng-x12 service=auditd level=INFO user=builder repo=api-gateway event=push status=success job=46327 trace=8c0cc005b9b577
2026-07-12T05:29:28.149Z host=eng-x12 service=auditd level=INFO user=builder repo=infra-charts event=build status=success job=41887 trace=d8d0d07f94d4ce
2026-07-12T05:30:04.963Z host=gpu-node-044 service=nvidia-dcgm level=INFO namespace=training pod=node-exporter-169966 event=image_present gpu_util=31
2026-07-12T05:30:24.738Z host=eng-x12 service=auditd level=INFO user=deploybot repo=model-runtime event=push status=success job=48223 trace=30a0f0ed6e18ff
2026-07-12T05:31:04.136Z host=gpu-node-018 service=containerd level=INFO namespace=training pod=node-exporter-adc75a event=completed gpu_util=57
2026-07-12T05:32:21.275Z host=eng-x12 service=auditd level=INFO user=deploybot repo=evaluation event=fetch status=success job=46198 trace=04438ef2e9f21b
2026-07-12T05:32:50.493Z host=eng-x12 service=dockerd level=INFO user=deploybot repo=evaluation event=push status=success job=43239 trace=f11175745ba53a
2026-07-12T05:33:08.581Z host=eng-x12 service=dockerd level=INFO user=sre repo=evaluation event=checkout status=success job=44622 trace=58e396d4d0bd64
2026-07-12T05:35:09.887Z host=eng-x12 service=sshd level=INFO user=mchen repo=safety-filters event=session_close status=success job=45950 trace=8e21470739f2e3
2026-07-12T05:36:20.989Z host=gpu-node-049 service=scheduler level=INFO namespace=training pod=checkpoint-3dc26d event=image_present gpu_util=71
2026-07-12T05:37:25.221Z host=eng-x12 service=auditd level=INFO user=sre repo=safety-filters event=push status=success job=44417 trace=17574d1db05dc6
2026-07-12T05:37:59.305Z host=gpu-node-090 service=kubelet level=INFO namespace=training pod=node-exporter-ae092e event=completed gpu_util=8
2026-07-12T05:39:13.675Z host=gpu-node-049 service=containerd level=INFO namespace=inference pod=model-eval-481bb5 event=image_present gpu_util=89
2026-07-12T05:40:01.230Z host=eng-x12 service=gitlab-runner level=INFO user=deploybot repo=api-gateway event=session_close status=success job=45576 trace=71ed37bd96ee38
2026-07-12T05:40:33.827Z host=gpu-node-041 service=scheduler level=INFO namespace=monitoring pod=trainer-f6a274 event=probe_ok gpu_util=31
2026-07-12T05:41:50.380Z host=gpu-node-065 service=kubelet level=INFO namespace=inference pod=model-eval-938767 event=image_present gpu_util=32
2026-07-12T05:42:54.172Z host=eng-x12 service=gitlab-runner level=INFO user=mchen repo=infra-charts event=session_close status=success job=46558 trace=16925b8f9d4956
2026-07-12T05:43:11.666Z host=eng-x12 service=dockerd level=INFO user=builder repo=model-runtime event=push status=success job=48790 trace=4d2e48ffdbd1bc
2026-07-12T05:43:22.180Z host=gpu-node-074 service=nvidia-dcgm level=INFO namespace=training pod=checkpoint-6d0080 event=completed gpu_util=77
2026-07-12T05:45:50.153Z host=eng-x12 service=dockerd level=INFO user=sre repo=model-runtime event=push status=success job=44071 trace=d36efb8717a193
2026-07-12T05:46:03.248Z host=eng-x12 service=dockerd level=INFO user=deploybot repo=infra-charts event=session_close status=success job=48646 trace=f9bce003230b58
2026-07-12T05:47:10.768Z host=gpu-node-069 service=scheduler level=INFO namespace=monitoring pod=node-exporter-7434fd event=image_present gpu_util=66
2026-07-12T05:48:11.689Z host=gpu-node-049 service=nvidia-dcgm level=INFO namespace=training pod=model-eval-cc2679 event=completed gpu_util=34
2026-07-12T05:48:32.598Z host=eng-x12 service=dockerd level=INFO user=deploybot repo=infra-charts event=fetch status=success job=44625 trace=da413de4c127ad
2026-07-12T05:49:20.278Z host=gpu-node-073 service=containerd level=INFO namespace=training pod=node-exporter-a86d55 event=probe_ok gpu_util=92
2026-07-12T05:49:51.019Z host=eng-x12 service=gitlab-runner level=INFO user=deploybot repo=api-gateway event=session_close status=success job=41387 trace=4babe4fb3ee1b5
2026-07-12T05:50:33.317Z host=gpu-node-090 service=scheduler level=INFO namespace=inference pod=trainer-492154 event=image_present gpu_util=66
2026-07-12T05:51:10.731Z host=gpu-node-096 service=kubelet level=INFO namespace=monitoring pod=node-exporter-071653 event=started gpu_util=72
2026-07-12T05:51:15.539Z host=eng-x12 service=auditd level=INFO user=sre repo=infra-charts event=session_close status=success job=46338 trace=bdc4a3cbb49813
2026-07-12T05:51:29.919Z host=eng-x12 service=auditd level=INFO user=sre repo=evaluation event=fetch status=success job=43819 trace=d6ec326bb06791
2026-07-12T05:52:32.855Z host=gpu-node-036 service=nvidia-dcgm level=INFO namespace=training pod=trainer-c5f3ff event=probe_ok gpu_util=86
2026-07-12T05:52:37.444Z host=gpu-node-019 service=containerd level=INFO namespace=training pod=checkpoint-8ce379 event=started gpu_util=65
2026-07-12T05:55:51.082Z host=eng-x12 service=sshd level=INFO user=builder repo=infra-charts event=session_close status=success job=42704 trace=731aa0b2b018c4
2026-07-12T05:56:29.371Z host=gpu-node-103 service=kubelet level=INFO namespace=inference pod=checkpoint-c90744 event=completed gpu_util=64
2026-07-12T05:56:41.281Z host=gpu-node-072 service=scheduler level=INFO namespace=inference pod=checkpoint-225c36 event=completed gpu_util=14
2026-07-12T05:56:44.290Z host=gpu-node-072 service=containerd level=INFO namespace=inference pod=node-exporter-e047dc event=probe_ok gpu_util=57
2026-07-12T05:57:22.272Z host=gpu-node-097 service=nvidia-dcgm level=INFO namespace=training pod=trainer-4a3828 event=started gpu_util=21
2026-07-12T06:00:35.618Z host=gpu-node-049 service=kubelet level=INFO namespace=inference pod=node-exporter-675fee event=completed gpu_util=12
2026-07-12T06:00:37.337Z host=gpu-node-092 service=nvidia-dcgm level=INFO namespace=training pod=trainer-f1973e event=image_present gpu_util=21
2026-07-12T06:00:55.506Z host=eng-x12 service=auditd level=INFO user=mchen repo=model-runtime event=session_close status=success job=42024 trace=66722e01556dc3
2026-07-12T06:02:01.267Z host=gpu-node-025 service=scheduler level=INFO namespace=monitoring pod=trainer-6edcf3 event=probe_ok gpu_util=53
2026-07-12T06:04:12.342Z host=eng-x12 service=gitlab-runner level=INFO user=sre repo=api-gateway event=checkout status=success job=47684 trace=6f6d32467d76df
2026-07-12T06:05:45.508Z host=eng-x12 service=auditd level=INFO user=builder repo=evaluation event=checkout status=success job=45133 trace=d4c41b26c90960
2026-07-12T06:07:54.656Z host=gpu-node-061 service=nvidia-dcgm level=INFO namespace=training pod=model-eval-f67ff4 event=completed gpu_util=43
2026-07-12T06:08:01.601Z host=gpu-node-084 service=containerd level=INFO namespace=training pod=trainer-7977a3 event=completed gpu_util=43
2026-07-12T06:08:51.572Z host=gpu-node-090 service=kubelet level=INFO namespace=monitoring pod=trainer-d85db4 event=probe_ok gpu_util=26
2026-07-12T06:10:40.453Z host=eng-x12 service=dockerd level=INFO user=mchen repo=api-gateway event=push status=success job=45250 trace=1e96b7c0530358
2026-07-12T06:11:08.447Z host=eng-x12 service=auditd level=INFO user=deploybot repo=api-gateway event=fetch status=success job=48078 trace=5895c7f7d2a165
2026-07-12T06:11:41.883Z host=gpu-node-080 service=containerd level=INFO namespace=monitoring pod=trainer-6616d3 event=image_present gpu_util=48
2026-07-12T06:13:20.550Z host=gpu-node-075 service=containerd level=INFO namespace=training pod=trainer-1f0b17 event=image_present gpu_util=58
2026-07-12T06:14:06.646Z host=gpu-node-026 service=nvidia-dcgm level=INFO namespace=monitoring pod=checkpoint-12c951 event=started gpu_util=0
2026-07-12T06:17:05.684Z host=gpu-node-062 service=kubelet level=INFO namespace=inference pod=node-exporter-a42a3f event=image_present gpu_util=28
2026-07-12T06:17:53.546Z host=eng-x12 service=gitlab-runner level=INFO user=builder repo=infra-charts event=build status=success job=46340 trace=9298a24620ab53
2026-07-12T06:18:12.623Z host=gpu-node-115 service=kubelet level=INFO namespace=training pod=trainer-610f31 event=started gpu_util=53
2026-07-12T06:19:07.000Z host=eng-x12 service=sshd level=INFO user=mchen repo=evaluation event=checkout status=success job=44123 trace=d263fd96b306cf
2026-07-12T06:21:50.534Z host=eng-x12 service=auditd level=INFO user=sre repo=evaluation event=push status=success job=46913 trace=1f6c535a283f8f
2026-07-12T06:22:20.028Z host=eng-x12 service=sshd level=INFO user=builder repo=api-gateway event=push status=success job=45831 trace=31cdaaccd2629e
2026-07-12T06:23:14.991Z host=eng-x12 service=sshd level=INFO user=sre repo=infra-charts event=push status=success job=43415 trace=5e1924990788f3
2026-07-12T06:25:12.407Z host=gpu-node-061 service=nvidia-dcgm level=INFO namespace=inference pod=checkpoint-5380a0 event=started gpu_util=33
2026-07-12T06:25:32.402Z host=gpu-node-027 service=kubelet level=INFO namespace=inference pod=node-exporter-93aacf event=started gpu_util=83
2026-07-12T06:35:27.492Z host=gpu-node-121 service=nvidia-dcgm level=INFO namespace=training pod=node-exporter-b743d0 event=started gpu_util=94
2026-07-12T06:35:43.411Z host=eng-x12 service=sshd level=INFO user=builder repo=model-runtime event=push status=success job=48701 trace=183da9cb0238b3
2026-07-12T06:35:49.668Z host=gpu-node-095 service=containerd level=INFO namespace=training pod=model-eval-ca7514 event=started gpu_util=84
2026-07-12T06:36:01.432Z host=gpu-node-071 service=scheduler level=INFO namespace=monitoring pod=checkpoint-4bfef3 event=completed gpu_util=5
2026-07-12T06:38:22.142Z host=eng-x12 service=sshd level=INFO user=mchen repo=safety-filters event=build status=success job=41672 trace=106d65bfdcf44f
2026-07-12T06:39:07.074Z host=gpu-node-040 service=kubelet level=INFO namespace=training pod=trainer-0961e6 event=image_present gpu_util=97
2026-07-12T06:41:37.245Z host=eng-x12 service=gitlab-runner level=INFO user=mchen repo=model-runtime event=push status=success job=47865 trace=c56422c67f4a9e
2026-07-12T06:43:09.126Z host=eng-x12 service=dockerd level=INFO user=deploybot repo=api-gateway event=checkout status=success job=41843 trace=4896c1c67a480a
2026-07-12T06:43:41.065Z host=eng-x12 service=auditd level=INFO user=deploybot repo=evaluation event=build status=success job=47860 trace=22261c2ab3cabb
2026-07-12T06:45:10.263Z host=eng-x12 service=gitlab-runner level=INFO user=mchen repo=api-gateway event=build status=success job=41198 trace=6d466f3d63a436
2026-07-12T06:45:13.800Z host=gpu-node-043 service=nvidia-dcgm level=INFO namespace=monitoring pod=trainer-e2e5d4 event=started gpu_util=28
2026-07-12T06:46:07.641Z host=gpu-node-096 service=nvidia-dcgm level=INFO namespace=monitoring pod=model-eval-f50fb6 event=started gpu_util=99
2026-07-12T06:46:15.548Z host=gpu-node-060 service=kubelet level=INFO namespace=monitoring pod=node-exporter-568245 event=probe_ok gpu_util=15
2026-07-12T06:46:50.808Z host=gpu-node-019 service=scheduler level=INFO namespace=inference pod=model-eval-37ff16 event=completed gpu_util=15
2026-07-12T06:47:00.461Z host=gpu-node-117 service=containerd level=INFO namespace=inference pod=checkpoint-3ce83f event=completed gpu_util=16
2026-07-12T06:49:39.163Z host=gpu-node-088 service=nvidia-dcgm level=INFO namespace=training pod=model-eval-2ebc95 event=probe_ok gpu_util=86
2026-07-12T06:50:20.302Z host=eng-x12 service=gitlab-runner level=INFO user=deploybot repo=model-runtime event=push status=success job=48500 trace=dcf6c91d42ad48
2026-07-12T06:50:47.286Z host=eng-x12 service=gitlab-runner level=INFO user=builder repo=safety-filters event=build status=success job=43732 trace=1df96f62df1568
2026-07-12T06:50:50.963Z host=gpu-node-097 service=scheduler level=INFO namespace=training pod=node-exporter-dbc330 event=image_present gpu_util=80
2026-07-12T06:52:10.065Z host=gpu-node-099 service=nvidia-dcgm level=INFO namespace=training pod=trainer-cf6330 event=started gpu_util=32
2026-07-12T06:52:31.024Z host=eng-x12 service=dockerd level=INFO user=mchen repo=evaluation event=build status=success job=47440 trace=9e37b15df759d1
2026-07-12T06:52:39.702Z host=gpu-node-121 service=scheduler level=INFO namespace=monitoring pod=model-eval-7e1428 event=probe_ok gpu_util=89
2026-07-12T06:53:06.302Z host=gpu-node-076 service=scheduler level=INFO namespace=inference pod=model-eval-697800 event=image_present gpu_util=10
2026-07-12T06:53:23.442Z host=eng-x12 service=auditd level=INFO user=sre repo=safety-filters event=session_close status=success job=42225 trace=d8fd8d79042228
2026-07-12T06:54:00.066Z host=eng-x12 service=auditd level=INFO user=mchen repo=model-runtime event=session_close status=success job=44147 trace=8d5caed3210804
2026-07-12T06:54:31.044Z host=gpu-node-002 service=nvidia-dcgm level=INFO namespace=training pod=checkpoint-0ed231 event=image_present gpu_util=65
2026-07-12T06:56:50.108Z host=gpu-node-055 service=kubelet level=INFO namespace=training pod=node-exporter-58120a event=image_present gpu_util=98
2026-07-12T06:57:50.894Z host=eng-x12 service=auditd level=INFO user=builder repo=model-runtime event=build status=success job=47433 trace=23902ad28998c9
2026-07-12T06:58:31.862Z host=eng-x12 service=sshd level=INFO user=mchen repo=evaluation event=push status=success job=46540 trace=70b2dc3e713e70
2026-07-12T06:58:54.339Z host=eng-x12 service=gitlab-runner level=INFO user=mchen repo=model-runtime event=build status=success job=42802 trace=322b62c5ee4713
2026-07-12T07:00:45.401Z host=eng-x12 service=dockerd level=INFO user=builder repo=model-runtime event=session_close status=success job=44782 trace=488cdf2a2b856a
2026-07-12T07:01:51.598Z host=gpu-node-071 service=scheduler level=INFO namespace=training pod=checkpoint-898508 event=completed gpu_util=62
2026-07-12T07:02:58.588Z host=gpu-node-009 service=containerd level=INFO namespace=training pod=model-eval-74278b event=completed gpu_util=59
2026-07-12T07:04:30.391Z host=gpu-node-102 service=nvidia-dcgm level=INFO namespace=monitoring pod=model-eval-44b67f event=probe_ok gpu_util=59
2026-07-12T07:06:10.977Z host=eng-x12 service=gitlab-runner level=INFO user=mchen repo=evaluation event=session_close status=success job=44005 trace=194d85e1a40f7f
2026-07-12T07:06:48.381Z host=gpu-node-044 service=containerd level=INFO namespace=monitoring pod=model-eval-585155 event=completed gpu_util=37
2026-07-12T07:07:30.367Z host=eng-x12 service=gitlab-runner level=INFO user=sre repo=evaluation event=build status=success job=47104 trace=d7db23385a7f87
2026-07-12T07:09:14.581Z host=gpu-node-008 service=scheduler level=INFO namespace=training pod=checkpoint-2c283a event=probe_ok gpu_util=55
2026-07-12T07:16:31.587Z host=eng-x12 service=dockerd level=INFO user=sre repo=model-runtime event=session_close status=success job=44578 trace=f1f1421702950e
2026-07-12T07:17:41.630Z host=eng-x12 service=dockerd level=INFO user=builder repo=model-runtime event=fetch status=success job=46648 trace=79f47322fb3085
2026-07-12T07:17:49.945Z host=eng-x12 service=gitlab-runner level=INFO user=mchen repo=api-gateway event=build status=success job=47798 trace=872511bf186653
2026-07-12T07:19:35.071Z host=eng-x12 service=auditd level=INFO user=deploybot repo=safety-filters event=session_close status=success job=47011 trace=87f2f5a99a0601
2026-07-12T07:19:56.692Z host=gpu-node-109 service=containerd level=INFO namespace=monitoring pod=checkpoint-372e85 event=started gpu_util=93
2026-07-12T07:19:57.905Z host=eng-x12 service=auditd level=INFO user=sre repo=model-runtime event=push status=success job=44969 trace=bd572138c9424a
2026-07-12T07:22:45.125Z host=gpu-node-124 service=scheduler level=INFO namespace=training pod=node-exporter-8b1b3c event=probe_ok gpu_util=19
2026-07-12T07:24:52.108Z host=eng-x12 service=gitlab-runner level=INFO user=deploybot repo=api-gateway event=push status=success job=47504 trace=3275ba9e6d72fc
2026-07-12T07:27:36.647Z host=gpu-node-056 service=scheduler level=INFO namespace=inference pod=checkpoint-17e3a3 event=completed gpu_util=88
2026-07-12T07:27:36.884Z host=eng-x12 service=auditd level=INFO user=builder repo=evaluation event=checkout status=success job=42025 trace=dd3247cecbffe3
2026-07-12T07:27:40.105Z host=gpu-node-108 service=kubelet level=INFO namespace=monitoring pod=checkpoint-956c7b event=started gpu_util=20
2026-07-12T07:29:57.168Z host=gpu-node-087 service=kubelet level=INFO namespace=inference pod=trainer-687687 event=started gpu_util=58
2026-07-12T07:30:09.973Z host=gpu-node-001 service=kubelet level=INFO namespace=inference pod=checkpoint-650268 event=started gpu_util=39
2026-07-12T07:31:15.047Z host=eng-x12 service=gitlab-runner level=INFO user=mchen repo=model-runtime event=session_close status=success job=44247 trace=51e66ab8df7de8
2026-07-12T07:31:18.252Z host=eng-x12 service=auditd level=INFO user=builder repo=evaluation event=push status=success job=47439 trace=61a83567fad5f8
2026-07-12T07:31:28.100Z host=gpu-node-030 service=kubelet level=INFO namespace=monitoring pod=checkpoint-76090b event=image_present gpu_util=0
2026-07-12T07:32:20.680Z host=eng-x12 service=gitlab-runner level=INFO user=sre repo=safety-filters event=build status=success job=46043 trace=2d054af41a5287
2026-07-12T07:32:58.531Z host=eng-x12 service=gitlab-runner level=INFO user=sre repo=safety-filters event=session_close status=success job=41728 trace=94a0661a975f32
2026-07-12T07:33:21.909Z host=gpu-node-069 service=containerd level=INFO namespace=monitoring pod=checkpoint-bfdbf0 event=started gpu_util=68
2026-07-12T07:37:59.601Z host=gpu-node-082 service=scheduler level=INFO namespace=monitoring pod=model-eval-ab1bed event=started gpu_util=43
2026-07-12T07:38:15.118Z host=gpu-node-028 service=scheduler level=INFO namespace=monitoring pod=trainer-439ab4 event=completed gpu_util=43
2026-07-12T07:38:30.474Z host=gpu-node-029 service=containerd level=INFO namespace=training pod=checkpoint-e6d1c0 event=completed gpu_util=40
2026-07-12T07:41:03.248Z host=eng-x12 service=dockerd level=INFO user=builder repo=safety-filters event=build status=success job=43352 trace=1494a63d3c3135
2026-07-12T07:41:22.089Z host=eng-x12 service=sshd level=INFO user=sre repo=model-runtime event=checkout status=success job=45134 trace=669a4d37455d92
2026-07-12T07:44:11.668Z host=eng-x12 service=dockerd level=INFO user=deploybot repo=model-runtime event=checkout status=success job=44720 trace=33b3d20f91fea7
2026-07-12T07:46:26.491Z host=gpu-node-005 service=containerd level=INFO namespace=monitoring pod=node-exporter-abb1b2 event=completed gpu_util=99
2026-07-12T07:48:12.679Z host=gpu-node-115 service=scheduler level=INFO namespace=inference pod=node-exporter-b3aa14 event=started gpu_util=76
2026-07-12T07:49:03.972Z host=eng-x12 service=gitlab-runner level=INFO user=mchen repo=model-runtime event=build status=success job=42596 trace=dd7980b87abd32
2026-07-12T07:49:21.166Z host=gpu-node-066 service=kubelet level=INFO namespace=inference pod=checkpoint-327284 event=started gpu_util=92
2026-07-12T07:51:15.549Z host=eng-x12 service=gitlab-runner level=INFO user=deploybot repo=api-gateway event=push status=success job=41514 trace=c7c325da87646d
2026-07-12T07:52:02.106Z host=eng-x12 service=gitlab-runner level=INFO user=mchen repo=evaluation event=push status=success job=43412 trace=f2e094b197e352
2026-07-12T07:52:31.685Z host=gpu-node-026 service=nvidia-dcgm level=INFO namespace=inference pod=trainer-533019 event=probe_ok gpu_util=64
2026-07-12T07:52:53.585Z host=gpu-node-031 service=nvidia-dcgm level=INFO namespace=training pod=checkpoint-9b55b7 event=completed gpu_util=53
2026-07-12T07:53:07.897Z host=gpu-node-006 service=scheduler level=INFO namespace=training pod=node-exporter-88fd22 event=probe_ok gpu_util=39
2026-07-12T07:53:09.062Z host=eng-x12 service=sshd level=INFO user=mchen repo=safety-filters event=push status=success job=43226 trace=4cd35b471c7bc5
2026-07-12T07:54:14.139Z host=gpu-node-012 service=scheduler level=INFO namespace=inference pod=trainer-e60547 event=probe_ok gpu_util=37
2026-07-12T07:58:35.050Z host=gpu-node-090 service=nvidia-dcgm level=INFO namespace=inference pod=trainer-1699b4 event=started gpu_util=40
2026-07-12T07:59:48.913Z host=gpu-node-050 service=kubelet level=INFO namespace=inference pod=model-eval-0f073c event=image_present gpu_util=33
2026-07-12T08:01:47.197Z host=eng-x12 service=auditd level=INFO user=deploybot repo=safety-filters event=checkout status=success job=47750 trace=2d46bec60cb5dc
2026-07-12T08:02:42.246Z host=gpu-node-029 service=kubelet level=INFO namespace=monitoring pod=trainer-cecfb1 event=started gpu_util=71
2026-07-12T08:03:27.037Z host=gpu-node-054 service=scheduler level=INFO namespace=training pod=model-eval-3cbf15 event=probe_ok gpu_util=61
2026-07-12T08:07:31.525Z host=gpu-node-025 service=kubelet level=INFO namespace=inference pod=model-eval-8d0f63 event=probe_ok gpu_util=42
2026-07-12T08:07:43.882Z host=gpu-node-108 service=containerd level=INFO namespace=monitoring pod=node-exporter-cc9b3c event=completed gpu_util=12
2026-07-12T08:09:09.571Z host=gpu-node-030 service=containerd level=INFO namespace=training pod=node-exporter-09767f event=started gpu_util=41
2026-07-12T08:09:12.752Z host=eng-x12 service=gitlab-runner level=INFO user=mchen repo=infra-charts event=session_close status=success job=41155 trace=4c74043ab6707b
2026-07-12T08:09:30.727Z host=eng-x12 service=auditd level=INFO user=builder repo=api-gateway event=push status=success job=41690 trace=2c66b9c98caa85
2026-07-12T08:09:38.177Z host=gpu-node-081 service=containerd level=INFO namespace=monitoring pod=trainer-ed7713 event=image_present gpu_util=26
2026-07-12T08:09:49.148Z host=eng-x12 service=dockerd level=INFO user=deploybot repo=model-runtime event=fetch status=success job=48181 trace=c0e162ee937096
2026-07-12T08:09:52.067Z host=eng-x12 service=sshd level=INFO user=deploybot repo=safety-filters event=checkout status=success job=46840 trace=95c2c87a1fa304
2026-07-12T08:09:54.211Z host=gpu-node-053 service=containerd level=INFO namespace=inference pod=node-exporter-c6fde4 event=started gpu_util=43
2026-07-12T08:09:57.532Z host=eng-x12 service=dockerd level=INFO user=deploybot repo=model-runtime event=checkout status=success job=47336 trace=a4b93e0c95319f
2026-07-12T08:11:46.570Z host=gpu-node-094 service=kubelet level=INFO namespace=monitoring pod=checkpoint-0499e4 event=started gpu_util=16
2026-07-12T08:11:51.677Z host=eng-x12 service=sshd level=INFO user=sre repo=model-runtime event=checkout status=success job=43832 trace=3a77546e9e847f
2026-07-12T08:13:29.684Z host=eng-x12 service=gitlab-runner level=INFO user=sre repo=infra-charts event=push status=success job=45999 trace=52c7cb64e555bd
2026-07-12T08:14:11.118Z host=gpu-node-036 service=nvidia-dcgm level=INFO namespace=training pod=node-exporter-ddbed8 event=image_present gpu_util=21
2026-07-12T08:14:38.448Z host=gpu-node-025 service=scheduler level=INFO namespace=training pod=checkpoint-c82ddb event=completed gpu_util=6
2026-07-12T08:14:54.281Z host=eng-x12 service=auditd level=INFO user=deploybot repo=evaluation event=push status=success job=45417 trace=919b388b21307d
2026-07-12T08:15:00.314Z host=eng-x12 service=dockerd level=INFO user=sre repo=infra-charts event=fetch status=success job=42692 trace=061ad372a4dea8
2026-07-12T08:15:03.627Z host=eng-x12 service=sshd level=INFO user=sre repo=evaluation event=push status=success job=46725 trace=9aaf4fcdccdbe5
2026-07-12T08:15:05.117Z host=gpu-node-045 service=kubelet level=INFO namespace=monitoring pod=model-eval-dbfeb0 event=started gpu_util=5
2026-07-12T08:16:31.730Z host=gpu-node-084 service=containerd level=INFO namespace=inference pod=node-exporter-d774ab event=probe_ok gpu_util=35
2026-07-12T08:17:59.814Z host=eng-x12 service=auditd level=INFO user=builder repo=safety-filters event=push status=success job=46407 trace=9820b50b62679b
2026-07-12T08:18:21.492Z host=gpu-node-047 service=containerd level=INFO namespace=monitoring pod=checkpoint-57d06d event=started gpu_util=95
2026-07-12T08:18:51.882Z host=eng-x12 service=gitlab-runner level=INFO user=builder repo=api-gateway event=fetch status=success job=46569 trace=ad8ed02413f284
2026-07-12T08:20:11.468Z host=eng-x12 service=sshd level=INFO user=builder repo=safety-filters event=checkout status=success job=42388 trace=cbaefee7bc2629
2026-07-12T08:21:21.803Z host=gpu-node-020 service=scheduler level=INFO namespace=monitoring pod=trainer-e2434a event=completed gpu_util=9
2026-07-12T08:21:49.818Z host=gpu-node-094 service=containerd level=INFO namespace=training pod=trainer-b250c6 event=completed gpu_util=35
2026-07-12T08:25:30.473Z host=gpu-node-122 service=nvidia-dcgm level=INFO namespace=inference pod=node-exporter-200426 event=completed gpu_util=16
2026-07-12T08:25:33.744Z host=eng-x12 service=sshd level=INFO user=deploybot repo=model-runtime event=build status=success job=44360 trace=ff879a3ee3f1f4
2026-07-12T08:26:15.430Z host=gpu-node-018 service=containerd level=INFO namespace=training pod=model-eval-00756e event=image_present gpu_util=42
2026-07-12T08:26:36.210Z host=eng-x12 service=gitlab-runner level=INFO user=sre repo=api-gateway event=fetch status=success job=46605 trace=aa4681686f23fb
2026-07-12T08:26:58.473Z host=eng-x12 service=gitlab-runner level=INFO user=sre repo=api-gateway event=session_close status=success job=45927 trace=cde2b108720e49
2026-07-12T08:29:30.186Z host=gpu-node-119 service=nvidia-dcgm level=INFO namespace=inference pod=node-exporter-10d9da event=started gpu_util=40
2026-07-12T08:32:18.010Z host=gpu-node-095 service=nvidia-dcgm level=INFO namespace=monitoring pod=checkpoint-8f9138 event=image_present gpu_util=59
2026-07-12T08:32:22.739Z host=eng-x12 service=dockerd level=INFO user=mchen repo=evaluation event=checkout status=success job=44574 trace=30cb735350a805
2026-07-12T08:34:03.381Z host=eng-x12 service=dockerd level=INFO user=mchen repo=infra-charts event=session_close status=success job=42206 trace=841dbb30384f48
2026-07-12T08:34:31.544Z host=eng-x12 service=sshd level=INFO user=builder repo=evaluation event=checkout status=success job=45122 trace=57675984584276
2026-07-12T08:36:43.022Z host=eng-x12 service=auditd level=INFO user=builder repo=model-runtime event=session_close status=success job=42578 trace=18d81d211c4b1b
2026-07-12T08:37:08.532Z host=gpu-node-075 service=containerd level=INFO namespace=monitoring pod=trainer-0080bf event=completed gpu_util=44
2026-07-12T08:37:15.703Z host=eng-x12 service=gitlab-runner level=INFO user=sre repo=safety-filters event=fetch status=success job=43753 trace=2a42dbbeade4fd
2026-07-12T08:37:39.377Z host=gpu-node-042 service=scheduler level=INFO namespace=monitoring pod=checkpoint-fe54ee event=started gpu_util=65
2026-07-12T08:38:42.890Z host=gpu-node-118 service=containerd level=INFO namespace=inference pod=node-exporter-287959 event=image_present gpu_util=84
2026-07-12T08:38:50.136Z host=eng-x12 service=auditd level=INFO user=mchen repo=infra-charts event=session_close status=success job=43698 trace=39bf63b92eef70
2026-07-12T08:40:05.443Z host=gpu-node-022 service=scheduler level=INFO namespace=monitoring pod=trainer-0546f3 event=completed gpu_util=89
2026-07-12T08:40:42.302Z host=gpu-node-059 service=kubelet level=INFO namespace=monitoring pod=checkpoint-d0c0d1 event=started gpu_util=89
2026-07-12T08:41:16.763Z host=eng-x12 service=sshd level=INFO user=builder repo=model-runtime event=fetch status=success job=41577 trace=0578114ab65b68
2026-07-12T08:43:25.813Z host=eng-x12 service=auditd level=INFO user=mchen repo=api-gateway event=push status=success job=45593 trace=66e2ddbd847255
2026-07-12T08:44:04.293Z host=eng-x12 service=sshd level=INFO user=mchen repo=api-gateway event=checkout status=success job=44583 trace=6f8302ecd0af70
2026-07-12T08:44:07.667Z host=eng-x12 service=auditd level=INFO user=builder repo=safety-filters event=checkout status=success job=41366 trace=a18e5176121ffa
2026-07-12T08:44:35.619Z host=eng-x12 service=dockerd level=INFO user=mchen repo=model-runtime event=build status=success job=44892 trace=e9576745f42087
2026-07-12T08:45:43.908Z host=eng-x12 service=dockerd level=INFO user=builder repo=safety-filters event=build status=success job=44244 trace=4cc0abf1287c25
2026-07-12T08:49:06.653Z host=gpu-node-029 service=nvidia-dcgm level=INFO namespace=training pod=checkpoint-630451 event=completed gpu_util=34
2026-07-12T08:49:14.951Z host=eng-x12 service=auditd level=INFO user=builder repo=infra-charts event=build status=success job=43117 trace=6b3eb0a01b5284
2026-07-12T08:49:36.648Z host=eng-x12 service=gitlab-runner level=INFO user=mchen repo=infra-charts event=build status=success job=46777 trace=f19880203ddd73
2026-07-12T08:49:48.436Z host=eng-x12 service=sshd level=INFO user=sre repo=safety-filters event=session_close status=success job=41335 trace=45ff967b1ac804
2026-07-12T08:50:43.326Z host=eng-x12 service=auditd level=INFO user=builder repo=infra-charts event=checkout status=success job=45480 trace=c633ccef6ea49c
2026-07-12T08:53:29.511Z host=eng-x12 service=sshd level=INFO user=builder repo=safety-filters event=session_close status=success job=48850 trace=277237fac76699
2026-07-12T08:55:10.212Z host=gpu-node-094 service=containerd level=INFO namespace=monitoring pod=model-eval-11b809 event=image_present gpu_util=62
2026-07-12T08:55:31.808Z host=eng-x12 service=auditd level=INFO user=builder repo=api-gateway event=fetch status=success job=45675 trace=ae9e768dc3d59f
2026-07-12T08:58:30.341Z host=eng-x12 service=auditd level=INFO user=deploybot repo=evaluation event=push status=success job=43103 trace=1689a0cbdb65d5
2026-07-12T08:59:28.151Z host=eng-x12 service=dockerd level=INFO user=deploybot repo=model-runtime event=fetch status=success job=46693 trace=0e4c16e299309a
2026-07-12T08:59:54.191Z host=eng-x12 service=auditd level=INFO user=mchen repo=model-runtime event=build status=success job=48345 trace=dce61e0f6b8b15
2026-07-12T09:01:39.016Z host=gpu-node-015 service=scheduler level=INFO namespace=inference pod=checkpoint-94f7ec event=probe_ok gpu_util=91
2026-07-12T09:03:15.593Z host=gpu-node-091 service=scheduler level=INFO namespace=inference pod=node-exporter-5a29a5 event=image_present gpu_util=65
2026-07-12T09:04:02.038Z host=eng-x12 service=auditd level=INFO user=sre repo=safety-filters event=build status=success job=45994 trace=880a3c344c3796
2026-07-12T09:04:29.384Z host=gpu-node-045 service=kubelet level=INFO namespace=monitoring pod=trainer-ac7f63 event=image_present gpu_util=25
2026-07-12T09:08:00.740Z host=gpu-node-013 service=nvidia-dcgm level=INFO namespace=training pod=model-eval-2dfb8f event=started gpu_util=9
2026-07-12T09:08:34.457Z host=eng-x12 service=dockerd level=INFO user=sre repo=api-gateway event=build status=success job=44806 trace=e0950260d9fc1c
2026-07-12T09:09:08.839Z host=eng-x12 service=gitlab-runner level=INFO user=builder repo=safety-filters event=checkout status=success job=46560 trace=43c90cca44d0ac
2026-07-12T09:10:40.935Z host=gpu-node-055 service=nvidia-dcgm level=INFO namespace=inference pod=trainer-dbd56d event=image_present gpu_util=89
2026-07-12T09:10:43.190Z host=gpu-node-076 service=containerd level=INFO namespace=inference pod=checkpoint-f7e369 event=started gpu_util=48
2026-07-12T09:13:02.871Z host=eng-x12 service=gitlab-runner level=INFO user=sre repo=model-runtime event=build status=success job=45454 trace=ffaae52c7c8370
2026-07-12T09:13:57.501Z host=eng-x12 service=gitlab-runner level=INFO user=deploybot repo=evaluation event=fetch status=success job=44414 trace=48545c79d69a0d
2026-07-12T09:14:16.473Z host=gpu-node-013 service=nvidia-dcgm level=INFO namespace=inference pod=checkpoint-92026f event=started gpu_util=24
2026-07-12T09:14:25.508Z host=eng-x12 service=gitlab-runner level=INFO user=sre repo=infra-charts event=session_close status=success job=44796 trace=7f0656cac8859b
2026-07-12T09:15:39.760Z host=gpu-node-035 service=kubelet level=INFO namespace=training pod=checkpoint-513cbc event=probe_ok gpu_util=79
2026-07-12T09:16:17.029Z host=gpu-node-084 service=containerd level=INFO namespace=inference pod=model-eval-79f7cd event=image_present gpu_util=27
2026-07-12T09:19:48.835Z host=gpu-node-084 service=scheduler level=INFO namespace=monitoring pod=node-exporter-427f4f event=completed gpu_util=35
2026-07-12T09:20:06.798Z host=eng-x12 service=gitlab-runner level=INFO user=sre repo=api-gateway event=fetch status=success job=42521 trace=2ceb28c7c0c8de
2026-07-12T09:21:19.734Z host=gpu-node-112 service=containerd level=INFO namespace=training pod=node-exporter-091c60 event=image_present gpu_util=7
2026-07-12T09:21:52.011Z host=gpu-node-098 service=kubelet level=INFO namespace=monitoring pod=trainer-b80a6c event=completed gpu_util=69
2026-07-12T09:25:00.756Z host=gpu-node-122 service=scheduler level=INFO namespace=monitoring pod=model-eval-a6a1ca event=completed gpu_util=87
2026-07-12T09:25:23.794Z host=eng-x12 service=dockerd level=INFO user=sre repo=api-gateway event=checkout status=success job=41957 trace=3d05eeb6672201
2026-07-12T09:27:16.299Z host=eng-x12 service=sshd level=INFO user=sre repo=safety-filters event=checkout status=success job=48179 trace=49c24574da31de
2026-07-12T09:29:20.329Z host=gpu-node-073 service=nvidia-dcgm level=INFO namespace=monitoring pod=node-exporter-13adf4 event=started gpu_util=79
2026-07-12T09:30:37.292Z host=eng-x12 service=dockerd level=INFO user=builder repo=infra-charts event=fetch status=success job=42757 trace=7f5a6a6ced3797
2026-07-12T09:30:38.416Z host=gpu-node-021 service=containerd level=INFO namespace=monitoring pod=trainer-f4adab event=image_present gpu_util=57
2026-07-12T09:31:16.047Z host=eng-x12 service=sshd level=INFO user=sre repo=api-gateway event=push status=success job=48757 trace=a1254968755ce3
2026-07-12T09:32:34.821Z host=gpu-node-106 service=scheduler level=INFO namespace=monitoring pod=checkpoint-cf1cd0 event=image_present gpu_util=33
2026-07-12T09:33:05.276Z host=gpu-node-105 service=scheduler level=INFO namespace=training pod=model-eval-63b178 event=image_present gpu_util=9
2026-07-12T09:33:22.413Z host=eng-x12 service=sshd level=INFO user=sre repo=safety-filters event=build status=success job=42675 trace=56d5e59925ffb0
2026-07-12T09:36:38.689Z host=eng-x12 service=auditd level=INFO user=deploybot repo=model-runtime event=fetch status=success job=43599 trace=d73683ba15a13c
2026-07-12T09:38:40.387Z host=gpu-node-071 service=scheduler level=INFO namespace=monitoring pod=trainer-6f40d7 event=probe_ok gpu_util=13
2026-07-12T09:38:56.694Z host=gpu-node-045 service=kubelet level=INFO namespace=inference pod=trainer-e9fbc7 event=completed gpu_util=81
2026-07-12T09:40:14.030Z host=gpu-node-018 service=containerd level=INFO namespace=monitoring pod=checkpoint-482f77 event=completed gpu_util=28
2026-07-12T09:41:18.335Z host=eng-x12 service=gitlab-runner level=INFO user=mchen repo=safety-filters event=checkout status=success job=43517 trace=fec00dc158a710
2026-07-12T09:41:28.508Z host=gpu-node-124 service=scheduler level=INFO namespace=training pod=node-exporter-1f5f69 event=completed gpu_util=11
2026-07-12T09:42:13.781Z host=eng-x12 service=auditd level=INFO user=sre repo=safety-filters event=push status=success job=42105 trace=f15e26211ee640
2026-07-12T09:43:10.761Z host=eng-x12 service=dockerd level=INFO user=sre repo=infra-charts event=session_close status=success job=44031 trace=a440239fddcdf7
2026-07-12T09:43:43.139Z host=gpu-node-064 service=scheduler level=INFO namespace=training pod=checkpoint-0559f3 event=started gpu_util=96
2026-07-12T09:46:25.369Z host=eng-x12 service=sshd level=INFO user=mchen repo=api-gateway event=build status=success job=42802 trace=99ed5da1d1aae4
2026-07-12T09:47:23.511Z host=eng-x12 service=gitlab-runner level=INFO user=mchen repo=safety-filters event=push status=success job=42994 trace=3db43bb7980c08
2026-07-12T09:47:51.716Z host=eng-x12 service=auditd level=INFO user=deploybot repo=infra-charts event=checkout status=success job=45533 trace=1f49309b0483e3
2026-07-12T09:48:18.056Z host=gpu-node-102 service=scheduler level=INFO namespace=monitoring pod=trainer-24196f event=probe_ok gpu_util=57
2026-07-12T09:49:45.442Z host=gpu-node-021 service=nvidia-dcgm level=INFO namespace=training pod=checkpoint-9f0015 event=started gpu_util=66
2026-07-12T09:51:11.591Z host=eng-x12 service=dockerd level=INFO user=mchen repo=evaluation event=fetch status=success job=44725 trace=730e14928725e1
2026-07-12T09:51:52.409Z host=eng-x12 service=gitlab-runner level=INFO user=deploybot repo=evaluation event=push status=success job=47848 trace=03984d5bad3d27
2026-07-12T09:53:30.867Z host=eng-x12 service=auditd level=INFO user=builder repo=model-runtime event=fetch status=success job=43305 trace=6c445281ee4ac7
2026-07-12T09:55:39.763Z host=gpu-node-023 service=scheduler level=INFO namespace=inference pod=node-exporter-7d329c event=probe_ok gpu_util=20
2026-07-12T09:56:39.276Z host=gpu-node-080 service=containerd level=INFO namespace=monitoring pod=checkpoint-f448af event=image_present gpu_util=68
2026-07-12T09:57:05.442Z host=gpu-node-041 service=scheduler level=INFO namespace=inference pod=trainer-8f7f46 event=started gpu_util=76
2026-07-12T09:59:34.990Z host=gpu-node-100 service=scheduler level=INFO namespace=training pod=node-exporter-cf067e event=probe_ok gpu_util=7
2026-07-12T10:00:48.910Z host=gpu-node-100 service=kubelet level=INFO namespace=training pod=model-eval-e4aea8 event=completed gpu_util=35
2026-07-12T10:06:23.716Z host=eng-x12 service=dockerd level=INFO user=mchen repo=infra-charts event=checkout status=success job=46368 trace=0beef7d9c498a4
2026-07-12T10:07:01.790Z host=eng-x12 service=sshd level=INFO user=deploybot repo=model-runtime event=checkout status=success job=48481 trace=dfe81d5cacbaf7
2026-07-12T10:07:49.108Z host=gpu-node-022 service=scheduler level=INFO namespace=training pod=trainer-8fef0f event=image_present gpu_util=73
2026-07-12T10:13:21.996Z host=eng-x12 service=sshd level=INFO user=builder repo=evaluation event=session_close status=success job=41805 trace=ea5a84666af444
2026-07-12T10:13:45.845Z host=gpu-node-114 service=nvidia-dcgm level=INFO namespace=inference pod=checkpoint-0a8c25 event=started gpu_util=72
2026-07-12T10:13:48.400Z host=gpu-node-056 service=containerd level=INFO namespace=monitoring pod=trainer-90e1dd event=completed gpu_util=25
2026-07-12T10:15:53.014Z host=gpu-node-046 service=scheduler level=INFO namespace=training pod=checkpoint-435433 event=completed gpu_util=33
2026-07-12T10:16:36.850Z host=eng-x12 service=auditd level=INFO user=sre repo=safety-filters event=fetch status=success job=41769 trace=a1a5a213c46d86
2026-07-12T10:17:01.211Z host=gpu-node-017 service=nvidia-dcgm level=INFO namespace=inference pod=trainer-14638e event=completed gpu_util=51
2026-07-12T10:18:13.214Z host=gpu-node-099 service=containerd level=INFO namespace=inference pod=trainer-30501a event=completed gpu_util=2
2026-07-12T10:19:11.641Z host=gpu-node-059 service=kubelet level=INFO namespace=training pod=trainer-06406f event=probe_ok gpu_util=62
2026-07-12T10:20:51.843Z host=eng-x12 service=dockerd level=INFO user=sre repo=api-gateway event=checkout status=success job=48149 trace=f843c475b783a0
2026-07-12T10:22:04.973Z host=eng-x12 service=dockerd level=INFO user=sre repo=safety-filters event=push status=success job=43363 trace=2fccf7d167d558
2026-07-12T10:23:42.283Z host=gpu-node-075 service=containerd level=INFO namespace=monitoring pod=node-exporter-db24fb event=probe_ok gpu_util=28
2026-07-12T10:29:27.824Z host=gpu-node-073 service=nvidia-dcgm level=INFO namespace=inference pod=trainer-b86fe4 event=completed gpu_util=21
2026-07-12T10:29:42.116Z host=eng-x12 service=gitlab-runner level=INFO user=mchen repo=evaluation event=checkout status=success job=45902 trace=8f97818b3b30b4
2026-07-12T10:30:38.704Z host=eng-x12 service=gitlab-runner level=INFO user=builder repo=evaluation event=push status=success job=42317 trace=5101d633db10f9
2026-07-12T10:31:09.392Z host=eng-x12 service=gitlab-runner level=INFO user=deploybot repo=api-gateway event=checkout status=success job=48306 trace=4e528dd01c9911
2026-07-12T10:31:15.416Z host=eng-x12 service=dockerd level=INFO user=sre repo=safety-filters event=fetch status=success job=48707 trace=63f2884ea77baf
2026-07-12T10:31:45.470Z host=eng-x12 service=auditd level=INFO user=builder repo=model-runtime event=build status=success job=48492 trace=9a39f19c7af415
2026-07-12T10:33:40.354Z host=eng-x12 service=sshd level=INFO user=mchen repo=api-gateway event=push status=success job=44626 trace=1e646c8eb40aff
2026-07-12T10:34:17.681Z host=eng-x12 service=dockerd level=INFO user=sre repo=safety-filters event=session_close status=success job=47466 trace=f861b4e6939276
2026-07-12T10:35:15.806Z host=gpu-node-009 service=containerd level=INFO namespace=training pod=trainer-80a25b event=probe_ok gpu_util=74
2026-07-12T10:37:31.258Z host=eng-x12 service=sshd level=INFO user=deploybot repo=infra-charts event=fetch status=success job=42545 trace=f4af0308ad0a9a
2026-07-12T10:40:08.566Z host=eng-x12 service=sshd level=INFO user=builder repo=model-runtime event=fetch status=success job=41742 trace=2a25706a9e9913
2026-07-12T10:40:35.124Z host=eng-x12 service=sshd level=INFO user=builder repo=safety-filters event=session_close status=success job=47969 trace=f03c7441fa7991
2026-07-12T10:41:08.012Z host=gpu-node-056 service=kubelet level=INFO namespace=inference pod=checkpoint-49b687 event=probe_ok gpu_util=78
2026-07-12T10:41:12.988Z host=gpu-node-101 service=scheduler level=INFO namespace=training pod=checkpoint-627565 event=started gpu_util=81
2026-07-12T10:41:20.835Z host=eng-x12 service=sshd level=INFO user=mchen repo=evaluation event=push status=success job=44963 trace=a0f21c48ffdae0
2026-07-12T10:42:28.376Z host=eng-x12 service=auditd level=INFO user=mchen repo=evaluation event=fetch status=success job=47399 trace=e3918f78e0862d
2026-07-12T10:43:47.154Z host=eng-x12 service=auditd level=INFO user=builder repo=model-runtime event=checkout status=success job=41441 trace=10eff0444bb4b3
2026-07-12T10:43:59.774Z host=gpu-node-001 service=containerd level=INFO namespace=inference pod=trainer-8c49f1 event=image_present gpu_util=10
2026-07-12T10:44:20.499Z host=eng-x12 service=auditd level=INFO user=builder repo=safety-filters event=fetch status=success job=46131 trace=788b0cc11c718a
2026-07-12T10:45:48.830Z host=eng-x12 service=sshd level=INFO user=sre repo=model-runtime event=build status=success job=42761 trace=67022a9bde43ac
2026-07-12T10:48:45.875Z host=eng-x12 service=auditd level=INFO user=builder repo=safety-filters event=session_close status=success job=41659 trace=ff6a86019c3718
2026-07-12T10:49:16.871Z host=eng-x12 service=auditd level=INFO user=builder repo=infra-charts event=build status=success job=42741 trace=18cfb5d704b421
2026-07-12T10:49:26.636Z host=gpu-node-101 service=kubelet level=INFO namespace=monitoring pod=trainer-78537c event=probe_ok gpu_util=10
2026-07-12T10:50:15.286Z host=eng-x12 service=gitlab-runner level=INFO user=mchen repo=safety-filters event=push status=success job=41764 trace=9485f2ed0ebfeb
2026-07-12T10:50:19.840Z host=eng-x12 service=sshd level=INFO user=builder repo=model-runtime event=fetch status=success job=43689 trace=c7f7d76ab1ddbd
2026-07-12T10:50:35.505Z host=eng-x12 service=dockerd level=INFO user=mchen repo=safety-filters event=checkout status=success job=48024 trace=0748fd14200e70
2026-07-12T10:51:33.295Z host=gpu-node-070 service=scheduler level=INFO namespace=inference pod=checkpoint-b32d3b event=probe_ok gpu_util=53
2026-07-12T10:52:21.422Z host=gpu-node-082 service=nvidia-dcgm level=INFO namespace=training pod=trainer-cf3089 event=probe_ok gpu_util=7
2026-07-12T10:53:46.680Z host=eng-x12 service=auditd level=INFO user=sre repo=infra-charts event=checkout status=success job=45491 trace=db89f3d8afc41e
2026-07-12T10:55:04.532Z host=eng-x12 service=auditd level=INFO user=builder repo=api-gateway event=fetch status=success job=41495 trace=0a863bd0d814c2
2026-07-12T10:55:55.336Z host=eng-x12 service=auditd level=INFO user=builder repo=safety-filters event=fetch status=success job=43021 trace=b50889296c8290
2026-07-12T10:56:05.252Z host=eng-x12 service=auditd level=INFO user=sre repo=api-gateway event=push status=success job=42642 trace=c2b2f29038c8d3
2026-07-12T10:57:13.253Z host=gpu-node-092 service=kubelet level=INFO namespace=monitoring pod=model-eval-b5373c event=image_present gpu_util=1
2026-07-12T10:57:15.234Z host=gpu-node-100 service=nvidia-dcgm level=INFO namespace=inference pod=checkpoint-4c5e01 event=probe_ok gpu_util=8
2026-07-12T10:57:25.506Z host=gpu-node-097 service=scheduler level=INFO namespace=training pod=checkpoint-1375f6 event=completed gpu_util=65
2026-07-12T10:57:41.303Z host=gpu-node-110 service=containerd level=INFO namespace=inference pod=model-eval-891f3c event=completed gpu_util=76
2026-07-12T10:57:46.620Z host=gpu-node-047 service=scheduler level=INFO namespace=inference pod=trainer-a635c4 event=probe_ok gpu_util=68
2026-07-12T10:58:05.236Z host=gpu-node-074 service=containerd level=INFO namespace=training pod=model-eval-9831e1 event=started gpu_util=43
2026-07-12T11:01:31.450Z host=gpu-node-082 service=containerd level=INFO namespace=training pod=node-exporter-6affda event=probe_ok gpu_util=7
2026-07-12T11:01:31.722Z host=gpu-node-048 service=nvidia-dcgm level=INFO namespace=inference pod=node-exporter-5fd9b2 event=image_present gpu_util=17
2026-07-12T11:02:15.079Z host=gpu-node-094 service=kubelet level=INFO namespace=inference pod=trainer-ea4eca event=completed gpu_util=85
2026-07-12T11:02:37.663Z host=eng-x12 service=dockerd level=INFO user=deploybot repo=evaluation event=build status=success job=44655 trace=3fd7c52ffc5305
2026-07-12T11:02:51.402Z host=gpu-node-064 service=kubelet level=INFO namespace=training pod=model-eval-2b65f8 event=image_present gpu_util=72
2026-07-12T11:04:04.938Z host=eng-x12 service=auditd level=INFO user=deploybot repo=evaluation event=build status=success job=47218 trace=83fb42de6d69d9
2026-07-12T11:04:34.214Z host=eng-x12 service=gitlab-runner level=INFO user=mchen repo=evaluation event=fetch status=success job=45247 trace=64bc571d52bebc
2026-07-12T11:05:11.244Z host=gpu-node-026 service=scheduler level=INFO namespace=monitoring pod=model-eval-23018b event=started gpu_util=29
2026-07-12T11:05:47.940Z host=eng-x12 service=auditd level=INFO user=mchen repo=infra-charts event=push status=success job=48590 trace=91864aa455a7e1
2026-07-12T11:05:55.731Z host=eng-x12 service=gitlab-runner level=INFO user=builder repo=safety-filters event=build status=success job=45011 trace=b33ad6d1c12bfc
2026-07-12T11:06:15.931Z host=gpu-node-027 service=kubelet level=INFO namespace=monitoring pod=checkpoint-8486a2 event=probe_ok gpu_util=56
2026-07-12T11:07:49.621Z host=gpu-node-119 service=nvidia-dcgm level=INFO namespace=training pod=node-exporter-02aff5 event=completed gpu_util=76
2026-07-12T11:08:15.146Z host=eng-x12 service=sshd level=INFO user=sre repo=evaluation event=session_close status=success job=45953 trace=c04cf66b085eba
2026-07-12T11:09:27.628Z host=eng-x12 service=gitlab-runner level=INFO user=builder repo=safety-filters event=push status=success job=44087 trace=ce9093f6e64530
2026-07-12T11:10:00.756Z host=eng-x12 service=gitlab-runner level=INFO user=mchen repo=infra-charts event=session_close status=success job=45074 trace=cb9873fb15bb58
2026-07-12T11:10:06.616Z host=gpu-node-003 service=nvidia-dcgm level=INFO namespace=training pod=node-exporter-8e5e02 event=completed gpu_util=65
2026-07-12T11:12:05.168Z host=gpu-node-111 service=containerd level=INFO namespace=monitoring pod=node-exporter-247cf2 event=probe_ok gpu_util=56
2026-07-12T11:12:21.621Z host=eng-x12 service=dockerd level=INFO user=sre repo=model-runtime event=build status=success job=47945 trace=6fe9ab04dafbdc
2026-07-12T11:14:30.852Z host=eng-x12 service=gitlab-runner level=INFO user=mchen repo=infra-charts event=session_close status=success job=46113 trace=6d5c939fb701b3
2026-07-12T11:14:58.696Z host=eng-x12 service=gitlab-runner level=INFO user=sre repo=evaluation event=fetch status=success job=48873 trace=14657be4ca4439
2026-07-12T11:15:53.386Z host=gpu-node-085 service=scheduler level=INFO namespace=training pod=trainer-8072e9 event=probe_ok gpu_util=80
2026-07-12T11:16:38.890Z host=gpu-node-059 service=kubelet level=INFO namespace=monitoring pod=node-exporter-fede7a event=completed gpu_util=89
2026-07-12T11:16:45.039Z host=gpu-node-069 service=containerd level=INFO namespace=inference pod=trainer-b59eec event=probe_ok gpu_util=3
2026-07-12T11:20:50.691Z host=eng-x12 service=gitlab-runner level=INFO user=deploybot repo=safety-filters event=fetch status=success job=41778 trace=7c56f0ded05d13
2026-07-12T11:21:52.918Z host=gpu-node-038 service=kubelet level=INFO namespace=inference pod=model-eval-49dc20 event=started gpu_util=83
2026-07-12T11:22:02.078Z host=eng-x12 service=auditd level=INFO user=builder repo=api-gateway event=session_close status=success job=47045 trace=c1af240c38821c
2026-07-12T11:22:48.729Z host=gpu-node-078 service=scheduler level=INFO namespace=monitoring pod=node-exporter-e56a53 event=started gpu_util=22
2026-07-12T11:22:55.864Z host=eng-x12 service=auditd level=INFO user=builder repo=infra-charts event=session_close status=success job=44759 trace=7b975f3f6bc89c
2026-07-12T11:27:20.223Z host=gpu-node-060 service=containerd level=INFO namespace=inference pod=trainer-d27b63 event=started gpu_util=50
2026-07-12T11:28:31.651Z host=gpu-node-014 service=scheduler level=INFO namespace=inference pod=checkpoint-7e8362 event=image_present gpu_util=85
2026-07-12T11:28:57.592Z host=gpu-node-005 service=scheduler level=INFO namespace=monitoring pod=trainer-f5ffec event=probe_ok gpu_util=1
2026-07-12T11:29:29.216Z host=gpu-node-107 service=scheduler level=INFO namespace=monitoring pod=node-exporter-1d2d99 event=probe_ok gpu_util=31
2026-07-12T11:31:10.815Z host=eng-x12 service=sshd level=INFO user=sre repo=api-gateway event=build status=success job=44649 trace=fc38f5053c6f93
2026-07-12T11:31:23.694Z host=eng-x12 service=auditd level=INFO user=deploybot repo=model-runtime event=build status=success job=48743 trace=9ad42b3c6bffb7
2026-07-12T11:34:10.758Z host=gpu-node-095 service=nvidia-dcgm level=INFO namespace=training pod=trainer-010e73 event=image_present gpu_util=25
2026-07-12T11:34:41.183Z host=eng-x12 service=dockerd level=INFO user=mchen repo=evaluation event=session_close status=success job=41035 trace=f2a85ef16415ef
2026-07-12T11:35:57.206Z host=gpu-node-060 service=scheduler level=INFO namespace=monitoring pod=trainer-637b85 event=completed gpu_util=74
2026-07-12T11:36:40.207Z host=eng-x12 service=gitlab-runner level=INFO user=sre repo=infra-charts event=checkout status=success job=47963 trace=dff7dde5306c2b
2026-07-12T11:37:21.290Z host=gpu-node-072 service=containerd level=INFO namespace=training pod=trainer-8ffffd event=image_present gpu_util=97
2026-07-12T11:37:32.993Z host=eng-x12 service=dockerd level=INFO user=mchen repo=model-runtime event=session_close status=success job=45123 trace=f93a8d2a5795df
2026-07-12T11:39:14.222Z host=eng-x12 service=auditd level=INFO user=deploybot repo=model-runtime event=checkout status=success job=43734 trace=c499e447dad618
2026-07-12T11:40:28.192Z host=gpu-node-020 service=containerd level=INFO namespace=inference pod=node-exporter-68af19 event=completed gpu_util=31
2026-07-12T11:43:00.128Z host=gpu-node-021 service=nvidia-dcgm level=INFO namespace=training pod=model-eval-9db29b event=image_present gpu_util=81
2026-07-12T11:43:53.341Z host=eng-x12 service=gitlab-runner level=INFO user=mchen repo=infra-charts event=checkout status=success job=48527 trace=1533d3a97d4a09
2026-07-12T11:46:51.944Z host=gpu-node-083 service=containerd level=INFO namespace=inference pod=model-eval-484bf1 event=image_present gpu_util=29
2026-07-12T11:48:02.850Z host=gpu-node-039 service=scheduler level=INFO namespace=monitoring pod=checkpoint-0b928e event=started gpu_util=2
2026-07-12T11:49:08.986Z host=eng-x12 service=dockerd level=INFO user=mchen repo=evaluation event=push status=success job=45367 trace=745a23d5ab4e32
2026-07-12T11:50:37.247Z host=eng-x12 service=sshd level=INFO user=deploybot repo=safety-filters event=checkout status=success job=46373 trace=1bebd8ab3eebb8
2026-07-12T11:51:43.251Z host=gpu-node-108 service=scheduler level=INFO namespace=monitoring pod=node-exporter-2be281 event=probe_ok gpu_util=73
2026-07-12T11:53:46.578Z host=eng-x12 service=gitlab-runner level=INFO user=mchen repo=evaluation event=push status=success job=46165 trace=cab68dc590d30d
2026-07-12T11:55:10.222Z host=gpu-node-123 service=nvidia-dcgm level=INFO namespace=inference pod=trainer-56af91 event=probe_ok gpu_util=53
2026-07-12T11:55:52.641Z host=gpu-node-066 service=kubelet level=INFO namespace=inference pod=checkpoint-6013b2 event=image_present gpu_util=57
2026-07-12T11:56:32.707Z host=eng-x12 service=auditd level=INFO user=builder repo=safety-filters event=session_close status=success job=46516 trace=341f5f05675332
2026-07-12T11:57:11.004Z host=gpu-node-068 service=scheduler level=INFO namespace=inference pod=model-eval-a1207a event=started gpu_util=43
2026-07-12T11:58:07.261Z host=eng-x12 service=gitlab-runner level=INFO user=mchen repo=api-gateway event=checkout status=success job=41661 trace=5742c4b4bbd4d0
2026-07-12T11:59:17.341Z host=eng-x12 service=dockerd level=INFO user=deploybot repo=safety-filters event=build status=success job=43496 trace=8d37fcafe0f92d
2026-07-12T11:59:29.352Z host=gpu-node-040 service=containerd level=INFO namespace=training pod=model-eval-16eeee event=image_present gpu_util=40
2026-07-12T11:59:36.589Z host=gpu-node-022 service=kubelet level=INFO namespace=inference pod=node-exporter-f3866b event=image_present gpu_util=0
2026-07-12T12:00:13.283Z host=eng-x12 service=dockerd level=INFO user=deploybot repo=model-runtime event=fetch status=success job=41299 trace=9d2524c0ed0917
2026-07-12T12:01:58.437Z host=gpu-node-035 service=containerd level=INFO namespace=monitoring pod=checkpoint-1f2249 event=image_present gpu_util=35
2026-07-12T12:03:06.371Z host=gpu-node-110 service=containerd level=INFO namespace=monitoring pod=trainer-0d657b event=probe_ok gpu_util=8
2026-07-12T12:04:36.524Z host=eng-x12 service=gitlab-runner level=INFO user=deploybot repo=safety-filters event=fetch status=success job=44613 trace=6c85f241b69b0c
2026-07-12T12:04:39.910Z host=gpu-node-095 service=scheduler level=INFO namespace=monitoring pod=trainer-80a91f event=started gpu_util=28
2026-07-12T12:04:49.410Z host=eng-x12 service=gitlab-runner level=INFO user=deploybot repo=evaluation event=build status=success job=44109 trace=e4dd9dc38acb24
2026-07-12T12:04:58.548Z host=gpu-node-071 service=nvidia-dcgm level=INFO namespace=training pod=node-exporter-316a00 event=image_present gpu_util=95
2026-07-12T12:05:14.861Z host=eng-x12 service=auditd level=INFO user=mchen repo=evaluation event=checkout status=success job=44306 trace=66f3ffee05b283
2026-07-12T12:05:53.929Z host=eng-x12 service=auditd level=INFO user=mchen repo=evaluation event=checkout status=success job=43145 trace=397254db3cc7c1
2026-07-12T12:05:57.855Z host=eng-x12 service=auditd level=INFO user=deploybot repo=api-gateway event=fetch status=success job=41780 trace=58cddc389301aa
2026-07-12T12:06:18.580Z host=gpu-node-033 service=nvidia-dcgm level=INFO namespace=training pod=model-eval-8d9e8e event=probe_ok gpu_util=34
2026-07-12T12:07:08.442Z host=eng-x12 service=dockerd level=INFO user=deploybot repo=evaluation event=fetch status=success job=41813 trace=1a9894654616d6
2026-07-12T12:07:15.407Z host=eng-x12 service=auditd level=INFO user=mchen repo=safety-filters event=fetch status=success job=41903 trace=256bbd8e475467
2026-07-12T12:08:09.458Z host=eng-x12 service=auditd level=INFO user=builder repo=model-runtime event=session_close status=success job=44413 trace=d2a79a42209476
2026-07-12T12:11:30.466Z host=gpu-node-061 service=kubelet level=INFO namespace=training pod=node-exporter-274369 event=started gpu_util=58
2026-07-12T12:12:08.867Z host=eng-x12 service=sshd level=INFO user=builder repo=model-runtime event=fetch status=success job=43014 trace=47d570e2df58f4
2026-07-12T12:14:42.105Z host=eng-x12 service=gitlab-runner level=INFO user=sre repo=api-gateway event=checkout status=success job=44255 trace=f999be0fdc4335
2026-07-12T12:15:45.679Z host=gpu-node-063 service=nvidia-dcgm level=INFO namespace=inference pod=trainer-b2e796 event=probe_ok gpu_util=3
2026-07-12T12:15:49.012Z host=eng-x12 service=sshd level=INFO user=builder repo=infra-charts event=build status=success job=42433 trace=cb257d43ec01c1
2026-07-12T12:15:50.923Z host=gpu-node-110 service=containerd level=INFO namespace=training pod=checkpoint-733536 event=image_present gpu_util=21
2026-07-12T12:16:10.976Z host=gpu-node-023 service=nvidia-dcgm level=INFO namespace=monitoring pod=trainer-ecdb3d event=probe_ok gpu_util=56
2026-07-12T12:18:47.187Z host=eng-x12 service=sshd level=INFO user=deploybot repo=model-runtime event=session_close status=success job=41860 trace=4bca1fafac0bc1
2026-07-12T12:19:33.452Z host=gpu-node-038 service=scheduler level=INFO namespace=monitoring pod=model-eval-3eaef5 event=started gpu_util=9
2026-07-12T12:19:56.510Z host=gpu-node-031 service=nvidia-dcgm level=INFO namespace=monitoring pod=model-eval-0f0d2d event=probe_ok gpu_util=63
2026-07-12T12:22:55.819Z host=gpu-node-069 service=kubelet level=INFO namespace=training pod=model-eval-e92109 event=started gpu_util=40
2026-07-12T12:25:20.243Z host=gpu-node-077 service=nvidia-dcgm level=INFO namespace=training pod=model-eval-b1ea1d event=completed gpu_util=16
2026-07-12T12:25:35.096Z host=eng-x12 service=dockerd level=INFO user=builder repo=safety-filters event=push status=success job=47602 trace=c6cc2cc9bc7e44
2026-07-12T12:29:57.956Z host=eng-x12 service=auditd level=INFO user=builder repo=api-gateway event=push status=success job=43897 trace=4c2c25b2233206
2026-07-12T12:31:26.495Z host=eng-x12 service=dockerd level=INFO user=deploybot repo=model-runtime event=checkout status=success job=44870 trace=17ec2560213e09
2026-07-12T12:31:53.564Z host=eng-x12 service=auditd level=INFO user=builder repo=model-runtime event=push status=success job=41603 trace=605d31adf582b2
2026-07-12T12:32:35.230Z host=gpu-node-038 service=scheduler level=INFO namespace=training pod=trainer-830d50 event=completed gpu_util=75
2026-07-12T12:34:08.018Z host=gpu-node-098 service=scheduler level=INFO namespace=training pod=model-eval-5e25bb event=image_present gpu_util=1
2026-07-12T12:35:36.346Z host=eng-x12 service=gitlab-runner level=INFO user=builder repo=model-runtime event=push status=success job=47300 trace=e10a0087edd81b
2026-07-12T12:36:05.653Z host=gpu-node-064 service=nvidia-dcgm level=INFO namespace=training pod=trainer-405430 event=started gpu_util=13
2026-07-12T12:37:31.637Z host=gpu-node-125 service=kubelet level=INFO namespace=training pod=trainer-bd9812 event=started gpu_util=14
2026-07-12T12:39:43.461Z host=eng-x12 service=auditd level=INFO user=mchen repo=model-runtime event=checkout status=success job=44654 trace=009b49f5c67e79
2026-07-12T12:39:43.886Z host=gpu-node-054 service=scheduler level=INFO namespace=inference pod=checkpoint-79c0b6 event=started gpu_util=63
2026-07-12T12:40:53.788Z host=eng-x12 service=auditd level=INFO user=sre repo=evaluation event=checkout status=success job=43207 trace=03f903942129b6
2026-07-12T12:41:32.983Z host=eng-x12 service=sshd level=INFO user=builder repo=safety-filters event=fetch status=success job=44829 trace=c5722be6c5738d
2026-07-12T12:45:32.135Z host=eng-x12 service=dockerd level=INFO user=mchen repo=api-gateway event=session_close status=success job=45896 trace=033a8f1f10e6ac
2026-07-12T12:45:42.546Z host=gpu-node-042 service=scheduler level=INFO namespace=monitoring pod=trainer-f61782 event=completed gpu_util=84
2026-07-12T12:46:16.607Z host=gpu-node-011 service=scheduler level=INFO namespace=training pod=trainer-845c8d event=image_present gpu_util=26
2026-07-12T12:48:19.539Z host=gpu-node-120 service=scheduler level=INFO namespace=inference pod=checkpoint-bf90ec event=image_present gpu_util=40
2026-07-12T12:48:58.441Z host=eng-x12 service=sshd level=INFO user=sre repo=model-runtime event=session_close status=success job=46026 trace=3155d5149db6f8
2026-07-12T12:49:29.215Z host=eng-x12 service=dockerd level=INFO user=builder repo=evaluation event=push status=success job=44752 trace=a07f1bb2d86a1f
2026-07-12T12:50:12.024Z host=gpu-node-080 service=scheduler level=INFO namespace=monitoring pod=node-exporter-aaf0f1 event=probe_ok gpu_util=1
2026-07-12T12:50:22.577Z host=gpu-node-058 service=kubelet level=INFO namespace=monitoring pod=checkpoint-21025f event=started gpu_util=64
2026-07-12T12:52:16.507Z host=eng-x12 service=gitlab-runner level=INFO user=mchen repo=model-runtime event=checkout status=success job=41156 trace=b56671bdb1efe9
2026-07-12T12:52:39.128Z host=gpu-node-112 service=nvidia-dcgm level=INFO namespace=inference pod=model-eval-b6e23a event=completed gpu_util=18
2026-07-12T12:52:51.735Z host=eng-x12 service=gitlab-runner level=INFO user=sre repo=evaluation event=push status=success job=43745 trace=f2869ba8061f57
2026-07-12T12:53:01.628Z host=gpu-node-008 service=kubelet level=INFO namespace=training pod=node-exporter-dce368 event=probe_ok gpu_util=19
2026-07-12T12:53:15.855Z host=gpu-node-065 service=scheduler level=INFO namespace=training pod=checkpoint-ed7e48 event=image_present gpu_util=55
2026-07-12T12:54:03.625Z host=gpu-node-072 service=containerd level=INFO namespace=inference pod=checkpoint-ce6119 event=image_present gpu_util=30
2026-07-12T12:54:16.350Z host=gpu-node-023 service=kubelet level=INFO namespace=inference pod=model-eval-8fa857 event=image_present gpu_util=6
2026-07-12T12:54:24.952Z host=eng-x12 service=sshd level=INFO user=sre repo=safety-filters event=session_close status=success job=47625 trace=84434f24ea0afa
2026-07-12T12:55:18.649Z host=eng-x12 service=auditd level=INFO user=deploybot repo=safety-filters event=checkout status=success job=46806 trace=e4e8d8899d92c7
2026-07-12T12:56:01.639Z host=gpu-node-031 service=kubelet level=INFO namespace=training pod=trainer-9017b9 event=completed gpu_util=40
2026-07-12T12:59:47.234Z host=gpu-node-025 service=scheduler level=INFO namespace=training pod=model-eval-e6f5b9 event=image_present gpu_util=20
2026-07-12T13:00:12.017Z host=gpu-node-116 service=nvidia-dcgm level=INFO namespace=training pod=trainer-cb9789 event=image_present gpu_util=25
2026-07-12T13:00:12.437Z host=gpu-node-056 service=nvidia-dcgm level=INFO namespace=monitoring pod=node-exporter-658bb6 event=probe_ok gpu_util=6
2026-07-12T13:00:48.654Z host=gpu-node-038 service=scheduler level=INFO namespace=monitoring pod=trainer-4ee3a9 event=probe_ok gpu_util=56
2026-07-12T13:00:57.011Z host=gpu-node-051 service=containerd level=INFO namespace=training pod=checkpoint-d9c6ae event=image_present gpu_util=19
2026-07-12T13:01:54.974Z host=gpu-node-059 service=kubelet level=INFO namespace=inference pod=model-eval-4b2b11 event=image_present gpu_util=63
2026-07-12T13:02:08.308Z host=eng-x12 service=gitlab-runner level=INFO user=deploybot repo=safety-filters event=checkout status=success job=45526 trace=ab8c158196a715
2026-07-12T13:02:33.727Z host=eng-x12 service=gitlab-runner level=INFO user=sre repo=evaluation event=fetch status=success job=41870 trace=d48e6eae9b0ac5
2026-07-12T13:03:20.624Z host=gpu-node-091 service=kubelet level=INFO namespace=monitoring pod=model-eval-e9fde1 event=image_present gpu_util=51
2026-07-12T13:04:09.584Z host=eng-x12 service=dockerd level=INFO user=sre repo=api-gateway event=session_close status=success job=47081 trace=82f858220b45ce
2026-07-12T13:05:59.825Z host=gpu-node-003 service=kubelet level=INFO namespace=inference pod=trainer-b6d639 event=probe_ok gpu_util=14
2026-07-12T13:07:44.913Z host=gpu-node-053 service=nvidia-dcgm level=INFO namespace=inference pod=checkpoint-5a1282 event=started gpu_util=58
2026-07-12T13:11:13.394Z host=eng-x12 service=gitlab-runner level=INFO user=mchen repo=infra-charts event=session_close status=success job=44999 trace=62b48a0a3dc525
2026-07-12T13:12:30.524Z host=gpu-node-038 service=containerd level=INFO namespace=inference pod=checkpoint-109f31 event=probe_ok gpu_util=38
2026-07-12T13:16:14.545Z host=gpu-node-053 service=kubelet level=INFO namespace=training pod=checkpoint-d58082 event=image_present gpu_util=47
2026-07-12T13:17:24.941Z host=eng-x12 service=sshd level=INFO user=mchen repo=api-gateway event=fetch status=success job=45543 trace=607f2c8259091b
2026-07-12T13:19:46.293Z host=eng-x12 service=auditd level=INFO user=mchen repo=api-gateway event=fetch status=success job=43575 trace=0604f8f937873b
2026-07-12T13:20:04.392Z host=eng-x12 service=sshd level=INFO user=deploybot repo=safety-filters event=session_close status=success job=46957 trace=0a22393dc82e5b
2026-07-12T13:21:21.009Z host=eng-x12 service=dockerd level=INFO user=sre repo=evaluation event=checkout status=success job=41759 trace=dd215bab6a80e8
2026-07-12T13:22:19.508Z host=eng-x12 service=auditd level=INFO user=deploybot repo=api-gateway event=build status=success job=42496 trace=275d9a4d0221fa
2026-07-12T13:22:29.837Z host=gpu-node-002 service=containerd level=INFO namespace=training pod=model-eval-b2df56 event=completed gpu_util=29
2026-07-12T13:22:43.369Z host=eng-x12 service=sshd level=INFO user=deploybot repo=evaluation event=session_close status=success job=47449 trace=5b3a5dd7430f1c
2026-07-12T13:23:00.895Z host=eng-x12 service=dockerd level=INFO user=sre repo=evaluation event=session_close status=success job=42294 trace=4aed69bfababd5
2026-07-12T13:23:36.425Z host=gpu-node-075 service=kubelet level=INFO namespace=inference pod=model-eval-02e97b event=probe_ok gpu_util=47
2026-07-12T13:27:41.513Z host=eng-x12 service=dockerd level=INFO user=mchen repo=safety-filters event=checkout status=success job=45184 trace=d27dcec5d741c2
2026-07-12T13:28:08.454Z host=eng-x12 service=dockerd level=INFO user=mchen repo=evaluation event=checkout status=success job=42072 trace=9609139d08d312
2026-07-12T13:28:26.204Z host=eng-x12 service=sshd level=INFO user=deploybot repo=infra-charts event=fetch status=success job=47284 trace=7862e9106afe68
2026-07-12T13:28:33.202Z host=gpu-node-063 service=kubelet level=INFO namespace=monitoring pod=node-exporter-46c50f event=completed gpu_util=23
2026-07-12T13:31:12.916Z host=eng-x12 service=auditd level=INFO user=sre repo=evaluation event=fetch status=success job=41945 trace=8badddc9fd459d
2026-07-12T13:33:38.728Z host=eng-x12 service=auditd level=INFO user=builder repo=api-gateway event=session_close status=success job=41427 trace=b9004ba416a501
2026-07-12T13:37:42.780Z host=eng-x12 service=gitlab-runner level=INFO user=mchen repo=model-runtime event=session_close status=success job=42864 trace=ff96f2e572c363
2026-07-12T13:38:27.762Z host=eng-x12 service=auditd level=INFO user=sre repo=model-runtime event=build status=success job=41841 trace=804fcd73a6a011
2026-07-12T13:39:10.390Z host=gpu-node-010 service=nvidia-dcgm level=INFO namespace=monitoring pod=node-exporter-302a31 event=completed gpu_util=9
2026-07-12T13:40:16.356Z host=eng-x12 service=auditd level=INFO user=builder repo=infra-charts event=push status=success job=42654 trace=a02e4a459a1d4f
2026-07-12T13:42:16.050Z host=gpu-node-051 service=kubelet level=INFO namespace=training pod=model-eval-7b3e76 event=started gpu_util=41
2026-07-12T13:43:49.209Z host=eng-x12 service=gitlab-runner level=INFO user=deploybot repo=model-runtime event=build status=success job=47198 trace=3566227467778c
2026-07-12T13:46:03.683Z host=eng-x12 service=dockerd level=INFO user=deploybot repo=evaluation event=session_close status=success job=46158 trace=ee5cef0b961801
2026-07-12T13:46:10.751Z host=eng-x12 service=dockerd level=INFO user=deploybot repo=model-runtime event=fetch status=success job=47572 trace=f8afaf3fac5b0b
2026-07-12T13:46:21.656Z host=gpu-node-050 service=containerd level=INFO namespace=inference pod=checkpoint-23b7e0 event=started gpu_util=30
2026-07-12T13:46:44.061Z host=gpu-node-049 service=kubelet level=INFO namespace=monitoring pod=checkpoint-7f10f7 event=started gpu_util=3
2026-07-12T13:47:48.983Z host=eng-x12 service=dockerd level=INFO user=deploybot repo=evaluation event=push status=success job=48837 trace=4a8edabffdb781
2026-07-12T13:48:37.894Z host=gpu-node-043 service=nvidia-dcgm level=INFO namespace=inference pod=trainer-b89b38 event=started gpu_util=36
2026-07-12T13:50:21.736Z host=gpu-node-095 service=scheduler level=INFO namespace=training pod=node-exporter-7d1d14 event=completed gpu_util=21
2026-07-12T13:56:59.901Z host=gpu-node-122 service=nvidia-dcgm level=INFO namespace=inference pod=node-exporter-f28d4c event=image_present gpu_util=56
2026-07-12T13:57:52.309Z host=eng-x12 service=auditd level=INFO user=builder repo=api-gateway event=build status=success job=48415 trace=b20ad92867a15d
2026-07-12T13:58:49.991Z host=eng-x12 service=gitlab-runner level=INFO user=deploybot repo=model-runtime event=checkout status=success job=42643 trace=2889a8036c9d8e
2026-07-12T14:01:23.423Z host=gpu-node-067 service=scheduler level=INFO namespace=training pod=node-exporter-57a800 event=started gpu_util=79
2026-07-12T14:02:06.393Z host=gpu-node-008 service=scheduler level=INFO namespace=inference pod=node-exporter-d6d94d event=image_present gpu_util=21
2026-07-12T14:04:00.905Z host=gpu-node-044 service=kubelet level=INFO namespace=monitoring pod=model-eval-6ea449 event=completed gpu_util=54
2026-07-12T14:04:44.563Z host=gpu-node-078 service=scheduler level=INFO namespace=monitoring pod=model-eval-9750fa event=image_present gpu_util=5
2026-07-12T14:05:03.381Z host=gpu-node-086 service=scheduler level=INFO namespace=training pod=checkpoint-4302f6 event=image_present gpu_util=65
2026-07-12T14:06:33.042Z host=eng-x12 service=auditd level=INFO user=builder repo=infra-charts event=push status=success job=44328 trace=d11f7cb9a72c69
2026-07-12T14:06:52.951Z host=eng-x12 service=auditd level=INFO user=sre repo=api-gateway event=checkout status=success job=43908 trace=fdcb96ab76d5ce
2026-07-12T14:07:27.308Z host=gpu-node-065 service=containerd level=INFO namespace=training pod=checkpoint-3d4c61 event=probe_ok gpu_util=81
2026-07-12T14:07:54.999Z host=eng-x12 service=dockerd level=INFO user=sre repo=api-gateway event=push status=success job=43650 trace=a46c72ac194bdb
2026-07-12T14:08:25.404Z host=eng-x12 service=gitlab-runner level=INFO user=mchen repo=infra-charts event=checkout status=success job=45612 trace=31ae5852169497
2026-07-12T14:08:48.001Z host=gpu-node-071 service=scheduler level=INFO namespace=training pod=trainer-5c9ffc event=started gpu_util=99
2026-07-12T14:08:58.968Z host=gpu-node-091 service=scheduler level=INFO namespace=monitoring pod=trainer-5c1a8d event=started gpu_util=15
2026-07-12T14:09:14.693Z host=gpu-node-108 service=nvidia-dcgm level=INFO namespace=monitoring pod=model-eval-6ae44a event=image_present gpu_util=37
2026-07-12T14:09:58.940Z host=gpu-node-097 service=nvidia-dcgm level=INFO namespace=monitoring pod=model-eval-9764c5 event=image_present gpu_util=7
2026-07-12T14:10:15.839Z host=gpu-node-111 service=containerd level=INFO namespace=monitoring pod=model-eval-1bb3e7 event=probe_ok gpu_util=84
2026-07-12T14:10:45.277Z host=eng-x12 service=dockerd level=INFO user=builder repo=safety-filters event=session_close status=success job=43174 trace=27abf6b9e74082
2026-07-12T14:12:48.181Z host=gpu-node-099 service=containerd level=INFO namespace=monitoring pod=checkpoint-44ef3e event=probe_ok gpu_util=23
2026-07-12T14:16:13.444Z host=gpu-node-041 service=nvidia-dcgm level=INFO namespace=training pod=trainer-a55b56 event=started gpu_util=68
2026-07-12T14:17:07.259Z host=eng-x12 service=sshd level=INFO user=mchen repo=infra-charts event=session_close status=success job=47981 trace=cf363e16cc0c3b
2026-07-12T14:17:59.360Z host=eng-x12 service=auditd level=INFO user=sre repo=evaluation event=build status=success job=48490 trace=31b9af044ccbd4
2026-07-12T14:21:21.097Z host=gpu-node-106 service=containerd level=INFO namespace=inference pod=model-eval-469296 event=completed gpu_util=98
2026-07-12T14:22:30.388Z host=eng-x12 service=sshd level=INFO user=sre repo=model-runtime event=checkout status=success job=46240 trace=c7562f039ae9af
2026-07-12T14:24:11.712Z host=gpu-node-104 service=kubelet level=INFO namespace=monitoring pod=trainer-90ad46 event=image_present gpu_util=8
2026-07-12T14:25:25.203Z host=gpu-node-058 service=containerd level=INFO namespace=training pod=node-exporter-1190b0 event=started gpu_util=49
2026-07-12T14:26:08.918Z host=gpu-node-089 service=containerd level=INFO namespace=training pod=checkpoint-1cb028 event=image_present gpu_util=87
2026-07-12T14:26:14.594Z host=eng-x12 service=auditd level=INFO user=sre repo=api-gateway event=build status=success job=44078 trace=553833f1ff5bd6
2026-07-12T14:28:09.916Z host=eng-x12 service=sshd level=INFO user=sre repo=model-runtime event=push status=success job=42131 trace=4d2b6c9b14d96b
2026-07-12T14:28:29.117Z host=gpu-node-055 service=containerd level=INFO namespace=training pod=model-eval-afa59d event=image_present gpu_util=82
2026-07-12T14:28:39.005Z host=gpu-node-110 service=nvidia-dcgm level=INFO namespace=inference pod=checkpoint-c4d8d5 event=started gpu_util=82
2026-07-12T14:29:48.119Z host=gpu-node-014 service=nvidia-dcgm level=INFO namespace=monitoring pod=trainer-255ede event=started gpu_util=95
2026-07-12T14:30:06.914Z host=eng-x12 service=auditd level=INFO user=deploybot repo=model-runtime event=build status=success job=47053 trace=ab45d1420eccc3
2026-07-12T14:32:04.143Z host=gpu-node-021 service=scheduler level=INFO namespace=monitoring pod=node-exporter-a98448 event=image_present gpu_util=15
2026-07-12T14:33:38.147Z host=eng-x12 service=sshd level=INFO user=builder repo=evaluation event=fetch status=success job=42599 trace=6083cdd5c11c06
2026-07-12T14:34:25.204Z host=gpu-node-126 service=containerd level=INFO namespace=monitoring pod=model-eval-786344 event=started gpu_util=21
2026-07-12T14:35:16.550Z host=gpu-node-027 service=nvidia-dcgm level=INFO namespace=training pod=node-exporter-ac60fc event=probe_ok gpu_util=8
2026-07-12T14:35:45.150Z host=eng-x12 service=sshd level=INFO user=builder repo=api-gateway event=session_close status=success job=43813 trace=cdfd8a9ed57722
2026-07-12T14:36:08.521Z host=gpu-node-093 service=kubelet level=INFO namespace=monitoring pod=model-eval-d2056f event=probe_ok gpu_util=79
2026-07-12T14:36:27.372Z host=eng-x12 service=sshd level=INFO user=mchen repo=model-runtime event=push status=success job=45655 trace=093e9ca8a11d0c
2026-07-12T14:37:11.220Z host=eng-x12 service=dockerd level=INFO user=builder repo=evaluation event=push status=success job=41344 trace=5b2b5f79219328
2026-07-12T14:38:45.191Z host=eng-x12 service=dockerd level=INFO user=deploybot repo=infra-charts event=fetch status=success job=46097 trace=6cec7bfe73dce3
2026-07-12T14:39:14.943Z host=gpu-node-092 service=kubelet level=INFO namespace=monitoring pod=model-eval-702998 event=image_present gpu_util=4
2026-07-12T14:41:11.782Z host=gpu-node-024 service=containerd level=INFO namespace=monitoring pod=trainer-c605c5 event=completed gpu_util=38
2026-07-12T14:42:51.864Z host=gpu-node-007 service=nvidia-dcgm level=INFO namespace=monitoring pod=trainer-ac0730 event=image_present gpu_util=10
2026-07-12T14:43:31.834Z host=gpu-node-050 service=scheduler level=INFO namespace=training pod=node-exporter-8abe73 event=completed gpu_util=51
2026-07-12T14:47:41.792Z host=eng-x12 service=sshd level=INFO user=deploybot repo=evaluation event=fetch status=success job=41548 trace=3ab083af19010e
2026-07-12T14:48:44.578Z host=eng-x12 service=auditd level=INFO user=mchen repo=safety-filters event=session_close status=success job=45704 trace=645bb7e9966878
2026-07-12T14:53:23.671Z host=gpu-node-105 service=kubelet level=INFO namespace=monitoring pod=trainer-2fb358 event=started gpu_util=96
2026-07-12T14:55:24.905Z host=gpu-node-071 service=containerd level=INFO namespace=inference pod=model-eval-c7f798 event=completed gpu_util=32
2026-07-12T14:57:41.022Z host=eng-x12 service=gitlab-runner level=INFO user=builder repo=infra-charts event=session_close status=success job=48501 trace=de5aee76b4c8bb
2026-07-12T14:57:57.869Z host=gpu-node-063 service=containerd level=INFO namespace=inference pod=trainer-d67a18 event=probe_ok gpu_util=43
2026-07-12T15:02:03.832Z host=eng-x12 service=gitlab-runner level=INFO user=sre repo=model-runtime event=session_close status=success job=46147 trace=40d76e8d14cb58
2026-07-12T15:02:23.552Z host=eng-x12 service=auditd level=INFO user=sre repo=safety-filters event=fetch status=success job=46733 trace=e9a937ea8dfcc7
2026-07-12T15:02:41.927Z host=gpu-node-102 service=scheduler level=INFO namespace=training pod=node-exporter-06b8ca event=image_present gpu_util=91
2026-07-12T15:02:45.293Z host=gpu-node-068 service=nvidia-dcgm level=INFO namespace=training pod=model-eval-f720f0 event=probe_ok gpu_util=92
2026-07-12T15:04:53.582Z host=gpu-node-013 service=kubelet level=INFO namespace=monitoring pod=trainer-7be306 event=started gpu_util=45
2026-07-12T15:06:36.279Z host=eng-x12 service=auditd level=INFO user=sre repo=evaluation event=build status=success job=42799 trace=38a7ef389867bf
2026-07-12T15:06:47.406Z host=eng-x12 service=sshd level=INFO user=deploybot repo=api-gateway event=push status=success job=42847 trace=87c00f68665ed8
2026-07-12T15:07:13.329Z host=gpu-node-114 service=kubelet level=INFO namespace=monitoring pod=checkpoint-cf8ed5 event=probe_ok gpu_util=68
2026-07-12T15:08:31.885Z host=gpu-node-040 service=containerd level=INFO namespace=inference pod=trainer-013d7c event=completed gpu_util=94
2026-07-12T15:09:00.700Z host=gpu-node-043 service=containerd level=INFO namespace=monitoring pod=checkpoint-59bfce event=image_present gpu_util=68
2026-07-12T15:09:57.230Z host=eng-x12 service=gitlab-runner level=INFO user=deploybot repo=safety-filters event=session_close status=success job=48293 trace=23eb3fe88be33e
2026-07-12T15:13:32.716Z host=gpu-node-044 service=containerd level=INFO namespace=training pod=node-exporter-a245e5 event=started gpu_util=22
2026-07-12T15:13:53.092Z host=gpu-node-067 service=scheduler level=INFO namespace=monitoring pod=trainer-cb1039 event=completed gpu_util=76
2026-07-12T15:15:13.952Z host=gpu-node-127 service=kubelet level=INFO namespace=inference pod=model-eval-df9510 event=started gpu_util=54
2026-07-12T15:16:00.857Z host=eng-x12 service=auditd level=INFO user=deploybot repo=api-gateway event=build status=success job=41931 trace=0a1998098a5657
2026-07-12T15:16:55.173Z host=eng-x12 service=sshd level=INFO user=sre repo=infra-charts event=push status=success job=48080 trace=2e45e1115bad3a
2026-07-12T15:17:33.472Z host=eng-x12 service=sshd level=INFO user=sre repo=evaluation event=build status=success job=48671 trace=9c9bbbb4301279
2026-07-12T15:18:59.639Z host=gpu-node-001 service=containerd level=INFO namespace=training pod=node-exporter-5419b6 event=started gpu_util=64
2026-07-12T15:20:01.979Z host=eng-x12 service=gitlab-runner level=INFO user=sre repo=api-gateway event=fetch status=success job=42167 trace=bb2d3f98edacb4
2026-07-12T15:20:18.418Z host=eng-x12 service=sshd level=INFO user=sre repo=safety-filters event=session_close status=success job=46414 trace=3846738da6e52e
2026-07-12T15:22:32.322Z host=gpu-node-024 service=scheduler level=INFO namespace=training pod=node-exporter-affcb7 event=probe_ok gpu_util=32
2026-07-12T15:24:12.297Z host=gpu-node-079 service=containerd level=INFO namespace=inference pod=trainer-6a3446 event=started gpu_util=76
2026-07-12T15:25:13.502Z host=gpu-node-114 service=scheduler level=INFO namespace=monitoring pod=checkpoint-186fa1 event=completed gpu_util=88
2026-07-12T15:26:31.439Z host=gpu-node-009 service=scheduler level=INFO namespace=inference pod=checkpoint-3f74fb event=completed gpu_util=11
2026-07-12T15:29:12.643Z host=eng-x12 service=gitlab-runner level=INFO user=builder repo=safety-filters event=fetch status=success job=48808 trace=ef2c1206cb441f
2026-07-12T15:29:24.288Z host=eng-x12 service=gitlab-runner level=INFO user=builder repo=model-runtime event=push status=success job=42843 trace=8b66edd755a17a
2026-07-12T15:29:52.069Z host=gpu-node-021 service=containerd level=INFO namespace=monitoring pod=checkpoint-815a23 event=completed gpu_util=74
2026-07-12T15:33:16.666Z host=gpu-node-111 service=containerd level=INFO namespace=training pod=model-eval-5aa042 event=completed gpu_util=77
2026-07-12T15:34:26.995Z host=gpu-node-025 service=containerd level=INFO namespace=inference pod=checkpoint-ff0fdc event=started gpu_util=52
2026-07-12T15:37:27.297Z host=gpu-node-012 service=nvidia-dcgm level=INFO namespace=training pod=node-exporter-8491cc event=image_present gpu_util=31
2026-07-12T15:39:27.855Z host=eng-x12 service=gitlab-runner level=INFO user=mchen repo=safety-filters event=push status=success job=47792 trace=be4dd291fdb1f6
2026-07-12T15:39:36.096Z host=eng-x12 service=sshd level=INFO user=sre repo=safety-filters event=checkout status=success job=45046 trace=64996ce954f70b
2026-07-12T15:40:28.034Z host=gpu-node-112 service=kubelet level=INFO namespace=inference pod=trainer-6d75fd event=image_present gpu_util=8
2026-07-12T15:41:43.961Z host=gpu-node-008 service=kubelet level=INFO namespace=inference pod=trainer-12f242 event=probe_ok gpu_util=38
2026-07-12T15:42:03.334Z host=gpu-node-019 service=kubelet level=INFO namespace=monitoring pod=trainer-86b1be event=probe_ok gpu_util=86
2026-07-12T15:44:20.244Z host=eng-x12 service=gitlab-runner level=INFO user=deploybot repo=model-runtime event=session_close status=success job=48413 trace=d57e031f1b13ff
2026-07-12T15:44:36.131Z host=eng-x12 service=auditd level=INFO user=mchen repo=model-runtime event=push status=success job=43139 trace=4004da85b39a49
2026-07-12T15:44:57.453Z host=gpu-node-096 service=containerd level=INFO namespace=training pod=checkpoint-798881 event=probe_ok gpu_util=67
2026-07-12T15:45:23.434Z host=gpu-node-012 service=scheduler level=INFO namespace=training pod=node-exporter-605a06 event=image_present gpu_util=96
2026-07-12T15:45:48.373Z host=gpu-node-127 service=nvidia-dcgm level=INFO namespace=inference pod=node-exporter-7a33b8 event=completed gpu_util=30
2026-07-12T15:46:36.362Z host=eng-x12 service=dockerd level=INFO user=deploybot repo=safety-filters event=push status=success job=45690 trace=2d724f2a05c59b
2026-07-12T15:49:23.392Z host=gpu-node-034 service=containerd level=INFO namespace=monitoring pod=node-exporter-2683b7 event=probe_ok gpu_util=27
2026-07-12T15:49:29.933Z host=eng-x12 service=gitlab-runner level=INFO user=deploybot repo=infra-charts event=push status=success job=45033 trace=dc86c5fc4315fd
2026-07-12T15:54:07.459Z host=gpu-node-062 service=nvidia-dcgm level=INFO namespace=monitoring pod=model-eval-63bd04 event=probe_ok gpu_util=97
2026-07-12T15:54:17.269Z host=eng-x12 service=gitlab-runner level=INFO user=sre repo=infra-charts event=push status=success job=48080 trace=2db21e50d23c11
2026-07-12T15:55:04.685Z host=eng-x12 service=dockerd level=INFO user=deploybot repo=safety-filters event=checkout status=success job=47376 trace=9ed0458605118f
2026-07-12T15:55:28.251Z host=eng-x12 service=sshd level=INFO user=mchen repo=infra-charts event=push status=success job=42387 trace=b9f1675a42a264
2026-07-12T15:57:39.129Z host=eng-x12 service=gitlab-runner level=INFO user=mchen repo=evaluation event=push status=success job=42549 trace=3549702c7cb709
2026-07-12T15:57:49.751Z host=gpu-node-123 service=scheduler level=INFO namespace=training pod=trainer-ce9d84 event=probe_ok gpu_util=26
2026-07-12T15:59:21.022Z host=eng-x12 service=auditd level=INFO user=builder repo=infra-charts event=push status=success job=48729 trace=2b7d18599d31c2
2026-07-12T15:59:27.174Z host=eng-x12 service=sshd level=INFO user=sre repo=safety-filters event=session_close status=success job=44557 trace=3c2b92609e7025
2026-07-12T15:59:38.225Z host=eng-x12 service=auditd level=INFO user=mchen repo=safety-filters event=session_close status=success job=46117 trace=b1c35fa16e819c
2026-07-12T16:00:15.491Z host=eng-x12 service=auditd level=INFO user=mchen repo=model-runtime event=push status=success job=44221 trace=aa5882447ba21c
2026-07-12T16:01:32.233Z host=gpu-node-110 service=kubelet level=INFO namespace=inference pod=model-eval-4c0617 event=started gpu_util=21
2026-07-12T16:02:27.187Z host=eng-x12 service=auditd level=INFO user=mchen repo=safety-filters event=session_close status=success job=43338 trace=9da6f14aad3a99
2026-07-12T16:02:58.738Z host=gpu-node-125 service=kubelet level=INFO namespace=training pod=model-eval-083a90 event=image_present gpu_util=43
2026-07-12T16:03:18.989Z host=gpu-node-014 service=containerd level=INFO namespace=monitoring pod=model-eval-a8dfa5 event=started gpu_util=43
2026-07-12T16:03:29.215Z host=gpu-node-100 service=kubelet level=INFO namespace=training pod=trainer-62abb8 event=probe_ok gpu_util=64
2026-07-12T16:03:35.514Z host=eng-x12 service=gitlab-runner level=INFO user=builder repo=safety-filters event=push status=success job=42565 trace=0b62af932266c3
2026-07-12T16:03:55.672Z host=eng-x12 service=gitlab-runner level=INFO user=deploybot repo=api-gateway event=push status=success job=44995 trace=96edeacffb4a4d
2026-07-12T16:04:47.586Z host=eng-x12 service=gitlab-runner level=INFO user=deploybot repo=api-gateway event=fetch status=success job=47773 trace=23c1072ccbfe76
2026-07-12T16:06:32.650Z host=eng-x12 service=auditd level=INFO user=sre repo=infra-charts event=push status=success job=43083 trace=f6b5a57ccf9ff7
2026-07-12T16:07:09.152Z host=eng-x12 service=auditd level=INFO user=builder repo=api-gateway event=checkout status=success job=48614 trace=1e0429156f60c7
2026-07-12T16:07:40.663Z host=gpu-node-060 service=nvidia-dcgm level=INFO namespace=training pod=checkpoint-d7f45e event=probe_ok gpu_util=37
2026-07-12T16:10:31.171Z host=gpu-node-026 service=kubelet level=INFO namespace=inference pod=model-eval-faf79b event=image_present gpu_util=71
2026-07-12T16:11:27.724Z host=gpu-node-095 service=kubelet level=INFO namespace=monitoring pod=model-eval-12bab1 event=probe_ok gpu_util=71
2026-07-12T16:13:30.441Z host=eng-x12 service=gitlab-runner level=INFO user=mchen repo=model-runtime event=push status=success job=42133 trace=132ef870178d98
2026-07-12T16:17:21.642Z host=gpu-node-111 service=containerd level=INFO namespace=monitoring pod=model-eval-73cb99 event=probe_ok gpu_util=14
2026-07-12T16:18:13.662Z host=gpu-node-073 service=kubelet level=INFO namespace=training pod=node-exporter-108b8a event=started gpu_util=7
2026-07-12T16:18:13.672Z host=gpu-node-063 service=containerd level=INFO namespace=training pod=trainer-15c5af event=started gpu_util=19
2026-07-12T16:19:23.391Z host=gpu-node-096 service=scheduler level=INFO namespace=inference pod=model-eval-15a680 event=image_present gpu_util=6
2026-07-12T16:21:35.020Z host=gpu-node-111 service=scheduler level=INFO namespace=inference pod=node-exporter-f4b289 event=started gpu_util=47
2026-07-12T16:21:57.703Z host=eng-x12 service=dockerd level=INFO user=deploybot repo=safety-filters event=build status=success job=48212 trace=d0e2286ddcac51
2026-07-12T16:22:25.039Z host=eng-x12 service=sshd level=INFO user=mchen repo=infra-charts event=push status=success job=42815 trace=f77f9e6ea065ea
2026-07-12T16:24:04.810Z host=eng-x12 service=auditd level=INFO user=mchen repo=safety-filters event=session_close status=success job=48863 trace=4f9fadf4be15ab
2026-07-12T16:25:43.936Z host=eng-x12 service=sshd level=INFO user=mchen repo=infra-charts event=session_close status=success job=45776 trace=aec851cfce195a
2026-07-12T16:25:44.091Z host=eng-x12 service=dockerd level=INFO user=builder repo=safety-filters event=checkout status=success job=48318 trace=d8b89e12adabe6
2026-07-12T16:26:10.775Z host=gpu-node-127 service=scheduler level=INFO namespace=training pod=trainer-9240c3 event=started gpu_util=72
2026-07-12T16:27:49.120Z host=gpu-node-009 service=nvidia-dcgm level=INFO namespace=monitoring pod=node-exporter-a10dd0 event=started gpu_util=34
2026-07-12T16:28:16.305Z host=eng-x12 service=gitlab-runner level=INFO user=sre repo=evaluation event=checkout status=success job=46457 trace=a16a85a8b60173
2026-07-12T16:29:38.575Z host=gpu-node-026 service=scheduler level=INFO namespace=inference pod=model-eval-ab0bff event=image_present gpu_util=98
2026-07-12T16:30:37.181Z host=gpu-node-075 service=nvidia-dcgm level=INFO namespace=training pod=trainer-b90c54 event=probe_ok gpu_util=92
2026-07-12T16:36:51.467Z host=gpu-node-022 service=scheduler level=INFO namespace=inference pod=checkpoint-9e0bc9 event=image_present gpu_util=60
2026-07-12T16:38:03.245Z host=eng-x12 service=gitlab-runner level=INFO user=mchen repo=evaluation event=session_close status=success job=43946 trace=e3b5e4ee9be3d8
2026-07-12T16:39:09.897Z host=eng-x12 service=auditd level=INFO user=deploybot repo=api-gateway event=push status=success job=48048 trace=bad9a9f489356f
2026-07-12T16:40:11.257Z host=gpu-node-126 service=containerd level=INFO namespace=training pod=trainer-f390db event=completed gpu_util=22
2026-07-12T16:40:19.666Z host=gpu-node-040 service=scheduler level=INFO namespace=monitoring pod=trainer-f748af event=completed gpu_util=55
2026-07-12T16:40:52.312Z host=eng-x12 service=gitlab-runner level=INFO user=sre repo=api-gateway event=build status=success job=48328 trace=753bfe39d2f88c
2026-07-12T16:44:39.790Z host=gpu-node-072 service=scheduler level=INFO namespace=monitoring pod=checkpoint-893033 event=probe_ok gpu_util=74
2026-07-12T16:46:39.430Z host=gpu-node-120 service=kubelet level=INFO namespace=inference pod=model-eval-96941e event=probe_ok gpu_util=48
2026-07-12T16:47:55.315Z host=eng-x12 service=sshd level=INFO user=builder repo=safety-filters event=checkout status=success job=45778 trace=20d577e4013bfc
2026-07-12T16:49:20.260Z host=eng-x12 service=dockerd level=INFO user=deploybot repo=safety-filters event=session_close status=success job=44077 trace=2c9b5123ef6c37
2026-07-12T16:51:16.796Z host=eng-x12 service=sshd level=INFO user=sre repo=evaluation event=build status=success job=45927 trace=b397486bb8e576
2026-07-12T16:51:45.312Z host=gpu-node-002 service=scheduler level=INFO namespace=training pod=model-eval-2e54ca event=started gpu_util=72
2026-07-12T16:52:01.034Z host=gpu-node-053 service=containerd level=INFO namespace=monitoring pod=trainer-6713ed event=completed gpu_util=46
2026-07-12T16:52:12.521Z host=eng-x12 service=dockerd level=INFO user=sre repo=api-gateway event=fetch status=success job=47106 trace=c856b56d5a2136
2026-07-12T16:53:21.261Z host=gpu-node-103 service=kubelet level=INFO namespace=training pod=trainer-8a4ef6 event=probe_ok gpu_util=5
2026-07-12T16:54:10.269Z host=gpu-node-086 service=nvidia-dcgm level=INFO namespace=inference pod=model-eval-6513f4 event=completed gpu_util=7
2026-07-12T16:56:13.355Z host=eng-x12 service=auditd level=INFO user=deploybot repo=api-gateway event=session_close status=success job=42016 trace=b7ac838780d8ce
2026-07-12T16:58:18.030Z host=gpu-node-037 service=containerd level=INFO namespace=training pod=model-eval-4db037 event=probe_ok gpu_util=34
2026-07-12T16:59:11.558Z host=eng-x12 service=gitlab-runner level=INFO user=builder repo=api-gateway event=checkout status=success job=45838 trace=9b299b38af90ab
2026-07-12T17:05:05.425Z host=gpu-node-061 service=containerd level=INFO namespace=monitoring pod=model-eval-1cf57c event=probe_ok gpu_util=24
2026-07-12T17:09:03.508Z host=gpu-node-042 service=nvidia-dcgm level=INFO namespace=training pod=model-eval-c56677 event=image_present gpu_util=52
2026-07-12T17:09:28.445Z host=gpu-node-120 service=kubelet level=INFO namespace=inference pod=model-eval-fe73f9 event=image_present gpu_util=59
2026-07-12T17:09:29.814Z host=gpu-node-002 service=nvidia-dcgm level=INFO namespace=training pod=model-eval-0cd3a8 event=probe_ok gpu_util=54
2026-07-12T17:10:13.723Z host=eng-x12 service=sshd level=INFO user=deploybot repo=infra-charts event=session_close status=success job=45056 trace=6ddbec64f7ae24
2026-07-12T17:11:11.742Z host=gpu-node-092 service=scheduler level=INFO namespace=inference pod=checkpoint-05b46c event=image_present gpu_util=45
2026-07-12T17:11:41.375Z host=eng-x12 service=auditd level=INFO user=mchen repo=model-runtime event=checkout status=success job=47661 trace=b7f08e47d90a58
2026-07-12T17:11:44.292Z host=gpu-node-020 service=nvidia-dcgm level=INFO namespace=inference pod=model-eval-dc6c09 event=completed gpu_util=76
2026-07-12T17:12:17.490Z host=gpu-node-015 service=kubelet level=INFO namespace=monitoring pod=trainer-57a010 event=completed gpu_util=32
2026-07-12T17:16:07.980Z host=eng-x12 service=gitlab-runner level=INFO user=builder repo=api-gateway event=build status=success job=43504 trace=bf5e5ebb1e1756
2026-07-12T17:17:17.719Z host=gpu-node-090 service=kubelet level=INFO namespace=monitoring pod=model-eval-36a3e2 event=image_present gpu_util=45
2026-07-12T17:18:26.040Z host=eng-x12 service=auditd level=INFO user=deploybot repo=api-gateway event=fetch status=success job=46335 trace=8ba084c99894ff
2026-07-12T17:19:24.569Z host=gpu-node-012 service=scheduler level=INFO namespace=inference pod=checkpoint-6015ae event=completed gpu_util=50
2026-07-12T17:21:36.858Z host=eng-x12 service=gitlab-runner level=INFO user=builder repo=evaluation event=build status=success job=46885 trace=66fde736deab17
2026-07-12T17:21:54.582Z host=gpu-node-020 service=nvidia-dcgm level=INFO namespace=monitoring pod=model-eval-6f684e event=started gpu_util=20
2026-07-12T17:25:12.343Z host=eng-x12 service=gitlab-runner level=INFO user=mchen repo=infra-charts event=build status=success job=42995 trace=cee072f4b8e159
2026-07-12T17:25:29.175Z host=eng-x12 service=sshd level=INFO user=deploybot repo=model-runtime event=session_close status=success job=46294 trace=efd9d5e1d4a290
2026-07-12T17:26:27.783Z host=gpu-node-081 service=nvidia-dcgm level=INFO namespace=inference pod=checkpoint-10669e event=started gpu_util=58
2026-07-12T17:27:18.742Z host=gpu-node-128 service=containerd level=INFO namespace=training pod=trainer-2b0c54 event=probe_ok gpu_util=63
2026-07-12T17:30:18.133Z host=gpu-node-085 service=kubelet level=INFO namespace=inference pod=checkpoint-8187c8 event=probe_ok gpu_util=3
2026-07-12T17:31:05.558Z host=gpu-node-096 service=containerd level=INFO namespace=monitoring pod=node-exporter-99297a event=started gpu_util=10
2026-07-12T17:32:47.504Z host=eng-x12 service=gitlab-runner level=INFO user=sre repo=evaluation event=fetch status=success job=48798 trace=503676b39605e8
2026-07-12T17:34:26.200Z host=eng-x12 service=sshd level=INFO user=sre repo=api-gateway event=build status=success job=47727 trace=5d7a1a3e2f1a42
2026-07-12T17:36:37.088Z host=gpu-node-016 service=kubelet level=INFO namespace=inference pod=trainer-b42db6 event=probe_ok gpu_util=18
2026-07-12T17:37:15.731Z host=gpu-node-002 service=kubelet level=INFO namespace=monitoring pod=node-exporter-da0fcb event=probe_ok gpu_util=24
2026-07-12T17:37:22.642Z host=eng-x12 service=gitlab-runner level=INFO user=mchen repo=api-gateway event=build status=success job=46046 trace=b294fc27bdb9cb
2026-07-12T17:40:28.653Z host=gpu-node-042 service=scheduler level=INFO namespace=inference pod=node-exporter-f45ca1 event=probe_ok gpu_util=69
2026-07-12T17:41:34.132Z host=eng-x12 service=sshd level=INFO user=builder repo=safety-filters event=checkout status=success job=44628 trace=4ba713820a2e50
2026-07-12T17:42:10.501Z host=eng-x12 service=auditd level=INFO user=builder repo=model-runtime event=build status=success job=41653 trace=e79a553b28e353
2026-07-12T17:45:02.235Z host=gpu-node-040 service=kubelet level=INFO namespace=training pod=checkpoint-874b35 event=image_present gpu_util=29
2026-07-12T17:46:05.097Z host=eng-x12 service=sshd level=INFO user=builder repo=model-runtime event=session_close status=success job=42866 trace=53c7262f5419a5
2026-07-12T17:49:51.509Z host=eng-x12 service=auditd level=INFO user=sre repo=safety-filters event=session_close status=success job=46969 trace=667c07d70e2957
2026-07-12T17:50:48.310Z host=eng-x12 service=gitlab-runner level=INFO user=builder repo=evaluation event=push status=success job=45492 trace=a6b7462bf14344
2026-07-12T17:51:00.656Z host=gpu-node-117 service=scheduler level=INFO namespace=monitoring pod=trainer-d76ce4 event=completed gpu_util=90
2026-07-12T17:51:09.713Z host=gpu-node-057 service=kubelet level=INFO namespace=monitoring pod=checkpoint-abdf63 event=completed gpu_util=48
2026-07-12T17:52:18.877Z host=gpu-node-100 service=nvidia-dcgm level=INFO namespace=inference pod=model-eval-638a37 event=image_present gpu_util=13
2026-07-12T17:53:20.707Z host=gpu-node-020 service=containerd level=INFO namespace=monitoring pod=model-eval-1e2b93 event=image_present gpu_util=63
2026-07-12T17:55:24.574Z host=eng-x12 service=gitlab-runner level=INFO user=sre repo=safety-filters event=session_close status=success job=48757 trace=b3c06c11534810
2026-07-12T17:56:05.246Z host=eng-x12 service=auditd level=INFO user=mchen repo=safety-filters event=push status=success job=44941 trace=c289776a86ca77
2026-07-12T17:56:40.268Z host=gpu-node-126 service=scheduler level=INFO namespace=training pod=checkpoint-574422 event=probe_ok gpu_util=23
2026-07-12T17:57:04.049Z host=gpu-node-060 service=nvidia-dcgm level=INFO namespace=training pod=trainer-66aa3c event=started gpu_util=48
2026-07-12T17:57:36.932Z host=gpu-node-093 service=kubelet level=INFO namespace=monitoring pod=node-exporter-37feee event=probe_ok gpu_util=11
2026-07-12T17:57:40.447Z host=eng-x12 service=sshd level=INFO user=sre repo=evaluation event=build status=success job=46424 trace=044a2b9205322e
2026-07-12T17:57:40.603Z host=eng-x12 service=dockerd level=INFO user=builder repo=model-runtime event=checkout status=success job=43288 trace=9bb3bfbe720ae4
2026-07-12T17:58:51.300Z host=eng-x12 service=dockerd level=INFO user=mchen repo=api-gateway event=checkout status=success job=46507 trace=7038cdda589595
2026-07-12T18:00:31.310Z host=gpu-node-121 service=kubelet level=INFO namespace=training pod=checkpoint-5645f4 event=completed gpu_util=24
2026-07-12T18:05:30.264Z host=gpu-node-066 service=scheduler level=INFO namespace=inference pod=checkpoint-5740bf event=probe_ok gpu_util=80
2026-07-12T18:05:57.918Z host=eng-x12 service=gitlab-runner level=INFO user=deploybot repo=api-gateway event=checkout status=success job=45107 trace=1520d7aaa56f70
2026-07-12T18:06:12.663Z host=gpu-node-077 service=nvidia-dcgm level=INFO namespace=monitoring pod=trainer-30c7e8 event=completed gpu_util=53
2026-07-12T18:06:13.476Z host=gpu-node-040 service=nvidia-dcgm level=INFO namespace=monitoring pod=node-exporter-26c68a event=probe_ok gpu_util=58
2026-07-12T18:07:42.394Z host=gpu-node-004 service=kubelet level=INFO namespace=inference pod=checkpoint-b2db66 event=probe_ok gpu_util=61
2026-07-12T18:08:40.434Z host=eng-x12 service=sshd level=INFO user=sre repo=infra-charts event=session_close status=success job=45084 trace=f6547ca10b1d0b
2026-07-12T18:09:24.204Z host=gpu-node-118 service=kubelet level=INFO namespace=training pod=trainer-518499 event=started gpu_util=12
2026-07-12T18:10:19.530Z host=gpu-node-045 service=kubelet level=INFO namespace=inference pod=trainer-7b52f1 event=completed gpu_util=70
2026-07-12T18:10:52.583Z host=eng-x12 service=dockerd level=INFO user=builder repo=evaluation event=checkout status=success job=43728 trace=a0f7925c75d564
2026-07-12T18:11:14.583Z host=gpu-node-114 service=kubelet level=INFO namespace=monitoring pod=node-exporter-f64358 event=image_present gpu_util=60
2026-07-12T18:11:39.176Z host=gpu-node-026 service=kubelet level=INFO namespace=inference pod=node-exporter-a68dbe event=probe_ok gpu_util=8
2026-07-12T18:12:33.749Z host=gpu-node-069 service=scheduler level=INFO namespace=training pod=node-exporter-5191aa event=image_present gpu_util=96
2026-07-12T18:13:10.315Z host=eng-x12 service=auditd level=INFO user=builder repo=safety-filters event=push status=success job=45896 trace=29123c22bb80c9
2026-07-12T18:13:19.873Z host=gpu-node-014 service=kubelet level=INFO namespace=training pod=checkpoint-3f4d4f event=image_present gpu_util=0
2026-07-12T18:14:18.779Z host=eng-x12 service=gitlab-runner level=INFO user=deploybot repo=safety-filters event=session_close status=success job=48126 trace=95aa4a693e3172
2026-07-12T18:14:40.746Z host=eng-x12 service=sshd level=INFO user=sre repo=model-runtime event=build status=success job=45959 trace=7a82904a5cd57a
2026-07-12T18:15:53.411Z host=gpu-node-058 service=nvidia-dcgm level=INFO namespace=inference pod=node-exporter-472714 event=probe_ok gpu_util=53
2026-07-12T18:16:28.808Z host=eng-x12 service=auditd level=INFO user=mchen repo=infra-charts event=push status=success job=47639 trace=7d4d3a83eb3126
2026-07-12T18:16:55.219Z host=gpu-node-065 service=containerd level=INFO namespace=training pod=checkpoint-d11835 event=completed gpu_util=15
2026-07-12T18:16:56.792Z host=eng-x12 service=auditd level=INFO user=mchen repo=safety-filters event=fetch status=success job=46524 trace=3153cb0c368bb1
2026-07-12T18:17:39.943Z host=gpu-node-011 service=kubelet level=INFO namespace=monitoring pod=trainer-a01e79 event=started gpu_util=11
2026-07-12T18:18:04.972Z host=gpu-node-070 service=scheduler level=INFO namespace=inference pod=model-eval-f2d288 event=probe_ok gpu_util=73
2026-07-12T18:18:42.251Z host=gpu-node-122 service=nvidia-dcgm level=INFO namespace=monitoring pod=node-exporter-cb02f0 event=image_present gpu_util=26
2026-07-12T18:20:01.920Z host=gpu-node-011 service=nvidia-dcgm level=INFO namespace=inference pod=checkpoint-97d80e event=probe_ok gpu_util=97
2026-07-12T18:20:24.123Z host=eng-x12 service=sshd level=INFO user=deploybot repo=evaluation event=push status=success job=42756 trace=a78881d788dcdf
2026-07-12T18:20:36.781Z host=gpu-node-009 service=containerd level=INFO namespace=inference pod=checkpoint-69caba event=started gpu_util=95
2026-07-12T18:21:00.261Z host=eng-x12 service=gitlab-runner level=INFO user=deploybot repo=evaluation event=push status=success job=45047 trace=ba572be55c49f7
2026-07-12T18:21:03.378Z host=gpu-node-016 service=containerd level=INFO namespace=training pod=node-exporter-0827e7 event=probe_ok gpu_util=77
2026-07-12T18:21:13.605Z host=gpu-node-086 service=kubelet level=INFO namespace=monitoring pod=node-exporter-eb036a event=image_present gpu_util=1
2026-07-12T18:21:24.361Z host=gpu-node-025 service=containerd level=INFO namespace=inference pod=trainer-3d2e13 event=completed gpu_util=81
2026-07-12T18:23:25.375Z host=gpu-node-020 service=nvidia-dcgm level=INFO namespace=monitoring pod=checkpoint-a2009f event=probe_ok gpu_util=22
2026-07-12T18:25:15.647Z host=eng-x12 service=sshd level=INFO user=deploybot repo=model-runtime event=push status=success job=41644 trace=23fbe6306adec9
2026-07-12T18:25:18.129Z host=gpu-node-127 service=kubelet level=INFO namespace=training pod=trainer-0d8307 event=probe_ok gpu_util=60
2026-07-12T18:25:36.028Z host=gpu-node-101 service=containerd level=INFO namespace=monitoring pod=checkpoint-cc80ff event=started gpu_util=35
2026-07-12T18:27:40.398Z host=eng-x12 service=gitlab-runner level=INFO user=sre repo=evaluation event=build status=success job=45434 trace=eef61c51e5ed20
2026-07-12T18:35:10.493Z host=gpu-node-125 service=kubelet level=INFO namespace=inference pod=trainer-026090 event=completed gpu_util=78
2026-07-12T18:40:28.793Z host=eng-x12 service=sshd level=INFO user=mchen repo=evaluation event=checkout status=success job=41454 trace=b118171f43f239
2026-07-12T18:43:27.429Z host=gpu-node-039 service=scheduler level=INFO namespace=training pod=checkpoint-8d7785 event=image_present gpu_util=49
2026-07-12T18:44:17.549Z host=gpu-node-045 service=nvidia-dcgm level=INFO namespace=training pod=model-eval-f5ec75 event=started gpu_util=82
2026-07-12T18:44:53.539Z host=eng-x12 service=gitlab-runner level=INFO user=mchen repo=infra-charts event=session_close status=success job=47321 trace=14ae96b2003660
2026-07-12T18:45:45.449Z host=gpu-node-021 service=containerd level=INFO namespace=monitoring pod=model-eval-86e52d event=completed gpu_util=91
2026-07-12T18:47:41.972Z host=eng-x12 service=gitlab-runner level=INFO user=sre repo=infra-charts event=session_close status=success job=42654 trace=01f2b5304b112c
2026-07-12T18:49:43.590Z host=eng-x12 service=auditd level=INFO user=mchen repo=evaluation event=build status=success job=48647 trace=ec614a2bf50956
2026-07-12T18:50:49.271Z host=gpu-node-100 service=containerd level=INFO namespace=inference pod=node-exporter-4a044c event=image_present gpu_util=98
2026-07-12T18:51:07.875Z host=eng-x12 service=auditd level=INFO user=builder repo=infra-charts event=session_close status=success job=43723 trace=4b5afff6fa60e8
2026-07-12T18:51:39.866Z host=gpu-node-015 service=nvidia-dcgm level=INFO namespace=monitoring pod=model-eval-6c28c3 event=completed gpu_util=59
2026-07-12T18:53:07.174Z host=eng-x12 service=sshd level=INFO user=sre repo=safety-filters event=fetch status=success job=46944 trace=3adaf74d1cf1ab
2026-07-12T18:53:38.438Z host=eng-x12 service=auditd level=INFO user=builder repo=infra-charts event=fetch status=success job=48679 trace=7368f7102ae052
2026-07-12T18:54:08.684Z host=gpu-node-014 service=kubelet level=INFO namespace=training pod=node-exporter-37f1dc event=image_present gpu_util=13
2026-07-12T18:58:34.934Z host=gpu-node-067 service=kubelet level=INFO namespace=training pod=trainer-aa1e57 event=probe_ok gpu_util=22
2026-07-12T18:59:01.234Z host=gpu-node-014 service=kubelet level=INFO namespace=inference pod=model-eval-fb76e5 event=image_present gpu_util=95
2026-07-12T19:00:52.988Z host=eng-x12 service=dockerd level=INFO user=sre repo=infra-charts event=checkout status=success job=47774 trace=f14a66d1a33d66
2026-07-12T19:01:35.447Z host=gpu-node-074 service=nvidia-dcgm level=INFO namespace=inference pod=checkpoint-5a28a1 event=image_present gpu_util=3
2026-07-12T19:06:54.391Z host=gpu-node-012 service=nvidia-dcgm level=INFO namespace=monitoring pod=node-exporter-89de31 event=completed gpu_util=30
2026-07-12T19:07:14.163Z host=eng-x12 service=auditd level=INFO user=mchen repo=api-gateway event=push status=success job=46075 trace=67c3d1ec1a460e
2026-07-12T19:08:08.380Z host=eng-x12 service=gitlab-runner level=INFO user=builder repo=api-gateway event=checkout status=success job=43693 trace=0f0e53f8596e6d
2026-07-12T19:09:15.811Z host=eng-x12 service=sshd level=INFO user=deploybot repo=api-gateway event=checkout status=success job=43170 trace=8ad0d6ca75e1ea
2026-07-12T19:09:29.548Z host=eng-x12 service=auditd level=INFO user=sre repo=infra-charts event=fetch status=success job=44654 trace=e41e324bb8a5a2
2026-07-12T19:10:07.906Z host=eng-x12 service=dockerd level=INFO user=mchen repo=api-gateway event=fetch status=success job=43089 trace=b19526123f7a93
2026-07-12T19:13:36.002Z host=eng-x12 service=dockerd level=INFO user=sre repo=model-runtime event=fetch status=success job=44537 trace=5867d57d0ac4aa
2026-07-12T19:15:35.537Z host=gpu-node-031 service=nvidia-dcgm level=INFO namespace=inference pod=trainer-7e7f38 event=image_present gpu_util=11
2026-07-12T19:17:09.263Z host=eng-x12 service=auditd level=INFO user=deploybot repo=model-runtime event=fetch status=success job=48036 trace=0ad36785a8fa30
2026-07-12T19:18:47.174Z host=gpu-node-020 service=containerd level=INFO namespace=monitoring pod=trainer-85c919 event=started gpu_util=98
2026-07-12T19:20:06.257Z host=eng-x12 service=dockerd level=INFO user=sre repo=evaluation event=checkout status=success job=46715 trace=ecba918b99356f
2026-07-12T19:20:18.047Z host=gpu-node-117 service=kubelet level=INFO namespace=training pod=checkpoint-124276 event=completed gpu_util=2
2026-07-12T19:22:49.403Z host=gpu-node-118 service=kubelet level=INFO namespace=inference pod=node-exporter-4a2513 event=completed gpu_util=67
2026-07-12T19:24:41.378Z host=eng-x12 service=sshd level=INFO user=deploybot repo=safety-filters event=checkout status=success job=41020 trace=b39d245a8028d4
2026-07-12T19:24:48.685Z host=eng-x12 service=auditd level=INFO user=mchen repo=safety-filters event=push status=success job=48021 trace=c7d1c9f768efff
2026-07-12T19:25:28.117Z host=eng-x12 service=gitlab-runner level=INFO user=builder repo=api-gateway event=build status=success job=48117 trace=4737ec36ccd253
2026-07-12T19:25:31.911Z host=eng-x12 service=gitlab-runner level=INFO user=builder repo=evaluation event=checkout status=success job=48148 trace=666de6a435ef10
2026-07-12T19:28:18.841Z host=eng-x12 service=dockerd level=INFO user=deploybot repo=evaluation event=session_close status=success job=42887 trace=85c62454fbf1eb
2026-07-12T19:30:04.149Z host=gpu-node-072 service=scheduler level=INFO namespace=training pod=trainer-c9e1ce event=image_present gpu_util=97
2026-07-12T19:30:20.674Z host=eng-x12 service=gitlab-runner level=INFO user=deploybot repo=safety-filters event=push status=success job=43992 trace=c80bdb98c6f8a9
2026-07-12T19:30:46.216Z host=gpu-node-004 service=scheduler level=INFO namespace=monitoring pod=trainer-1e37ce event=completed gpu_util=86
2026-07-12T19:31:23.411Z host=gpu-node-047 service=nvidia-dcgm level=INFO namespace=training pod=node-exporter-4c45bf event=started gpu_util=66
2026-07-12T19:31:34.219Z host=eng-x12 service=sshd level=INFO user=builder repo=infra-charts event=push status=success job=42700 trace=6cf61e8d1398f0
2026-07-12T19:32:06.660Z host=gpu-node-114 service=scheduler level=INFO namespace=inference pod=checkpoint-04f869 event=probe_ok gpu_util=98
2026-07-12T19:35:05.478Z host=gpu-node-119 service=containerd level=INFO namespace=inference pod=model-eval-0150a1 event=completed gpu_util=64
2026-07-12T19:39:29.162Z host=gpu-node-128 service=scheduler level=INFO namespace=inference pod=trainer-738cbf event=completed gpu_util=21
2026-07-12T19:40:10.200Z host=eng-x12 service=sshd level=INFO user=deploybot repo=evaluation event=push status=success job=47601 trace=2fe44d7a14f480
2026-07-12T19:41:02.706Z host=gpu-node-100 service=nvidia-dcgm level=INFO namespace=monitoring pod=trainer-a63195 event=completed gpu_util=70
2026-07-12T19:41:18.951Z host=eng-x12 service=auditd level=INFO user=builder repo=evaluation event=session_close status=success job=45131 trace=1dc37951a241b8
2026-07-12T19:41:57.834Z host=gpu-node-015 service=scheduler level=INFO namespace=monitoring pod=model-eval-40869c event=image_present gpu_util=69
2026-07-12T19:46:17.325Z host=eng-x12 service=auditd level=INFO user=mchen repo=model-runtime event=session_close status=success job=45528 trace=c575ca2769e3d9
2026-07-12T19:47:22.615Z host=eng-x12 service=auditd level=INFO user=deploybot repo=model-runtime event=session_close status=success job=46667 trace=e09d6d263427a6
2026-07-12T19:49:48.849Z host=gpu-node-022 service=kubelet level=INFO namespace=monitoring pod=checkpoint-241dd3 event=image_present gpu_util=0
2026-07-12T19:50:45.067Z host=gpu-node-050 service=containerd level=INFO namespace=monitoring pod=node-exporter-9bac58 event=started gpu_util=76
2026-07-12T19:53:32.601Z host=gpu-node-027 service=scheduler level=INFO namespace=inference pod=model-eval-8cf0b3 event=started gpu_util=25
2026-07-12T19:53:32.835Z host=eng-x12 service=sshd level=INFO user=sre repo=api-gateway event=build status=success job=44720 trace=b2ba21f9d0926a
2026-07-12T19:53:46.631Z host=gpu-node-100 service=containerd level=INFO namespace=monitoring pod=node-exporter-979c53 event=probe_ok gpu_util=40
2026-07-12T19:54:26.444Z host=gpu-node-014 service=nvidia-dcgm level=INFO namespace=inference pod=checkpoint-8cd086 event=image_present gpu_util=20
2026-07-12T19:54:26.739Z host=gpu-node-099 service=nvidia-dcgm level=INFO namespace=training pod=checkpoint-04f487 event=probe_ok gpu_util=70
2026-07-12T19:56:04.606Z host=eng-x12 service=sshd level=INFO user=builder repo=infra-charts event=fetch status=success job=45898 trace=09b8236e56fee9
2026-07-12T19:56:07.515Z host=gpu-node-043 service=nvidia-dcgm level=INFO namespace=inference pod=checkpoint-40299d event=image_present gpu_util=65
2026-07-12T19:58:51.649Z host=eng-x12 service=sshd level=INFO user=builder repo=safety-filters event=build status=success job=44296 trace=7412efbd9baed6
2026-07-12T19:58:52.668Z host=eng-x12 service=auditd level=INFO user=deploybot repo=evaluation event=fetch status=success job=45075 trace=9279e4e2140ffe
2026-07-12T20:02:11.879Z host=eng-x12 service=sshd level=INFO user=deploybot repo=infra-charts event=push status=success job=43834 trace=a0b7081b5b4a61
2026-07-12T20:03:38.598Z host=eng-x12 service=gitlab-runner level=INFO user=mchen repo=infra-charts event=session_close status=success job=41401 trace=9a615a3787b0e3
2026-07-12T20:04:46.554Z host=gpu-node-060 service=kubelet level=INFO namespace=training pod=model-eval-60862f event=image_present gpu_util=38
2026-07-12T20:05:39.535Z host=gpu-node-039 service=containerd level=INFO namespace=inference pod=model-eval-f21fe9 event=image_present gpu_util=23
2026-07-12T20:06:32.310Z host=eng-x12 service=auditd level=INFO user=mchen repo=model-runtime event=session_close status=success job=44474 trace=80d0cc071df785
2026-07-12T20:09:03.825Z host=eng-x12 service=gitlab-runner level=INFO user=mchen repo=safety-filters event=push status=success job=47206 trace=e80810c6865b76
2026-07-12T20:09:31.377Z host=eng-x12 service=sshd level=INFO user=deploybot repo=api-gateway event=fetch status=success job=48664 trace=c43abf76223ffb
2026-07-12T20:09:34.694Z host=eng-x12 service=gitlab-runner level=INFO user=builder repo=model-runtime event=session_close status=success job=45000 trace=461421ef8161d4
2026-07-12T20:10:46.868Z host=gpu-node-002 service=containerd level=INFO namespace=inference pod=node-exporter-f888e1 event=completed gpu_util=61
2026-07-12T20:11:49.409Z host=eng-x12 service=dockerd level=INFO user=mchen repo=infra-charts event=build status=success job=46871 trace=f6b153b9d64e3d
2026-07-12T20:12:37.519Z host=gpu-node-059 service=nvidia-dcgm level=INFO namespace=inference pod=model-eval-bee36e event=started gpu_util=36
2026-07-12T20:14:05.795Z host=eng-x12 service=auditd level=INFO user=builder repo=api-gateway event=checkout status=success job=47633 trace=9648e2def8041a
2026-07-12T20:14:56.450Z host=eng-x12 service=gitlab-runner level=INFO user=deploybot repo=api-gateway event=fetch status=success job=44238 trace=1cad91a9ba29d6
2026-07-12T20:15:58.592Z host=eng-x12 service=dockerd level=INFO user=builder repo=safety-filters event=session_close status=success job=42439 trace=2d51fa30f95856
2026-07-12T20:16:51.899Z host=eng-x12 service=gitlab-runner level=INFO user=deploybot repo=api-gateway event=checkout status=success job=41523 trace=7e57a0d1f275b2
2026-07-12T20:18:56.403Z host=gpu-node-101 service=scheduler level=INFO namespace=monitoring pod=model-eval-6bf493 event=probe_ok gpu_util=97
2026-07-12T20:19:56.979Z host=eng-x12 service=sshd level=INFO user=sre repo=model-runtime event=build status=success job=48670 trace=a426575996c5b9
2026-07-12T20:21:50.541Z host=eng-x12 service=dockerd level=INFO user=deploybot repo=evaluation event=push status=success job=41840 trace=31983f994ed505
2026-07-12T20:23:16.360Z host=gpu-node-002 service=scheduler level=INFO namespace=training pod=checkpoint-a74d75 event=started gpu_util=61
2026-07-12T20:23:33.674Z host=eng-x12 service=dockerd level=INFO user=deploybot repo=api-gateway event=push status=success job=48757 trace=377b56d16d44f9
2026-07-12T20:24:28.660Z host=eng-x12 service=dockerd level=INFO user=sre repo=api-gateway event=fetch status=success job=43667 trace=46680b3567164f
2026-07-12T20:25:34.766Z host=gpu-node-055 service=nvidia-dcgm level=INFO namespace=training pod=model-eval-ce340f event=probe_ok gpu_util=33
2026-07-12T20:30:49.495Z host=gpu-node-050 service=containerd level=INFO namespace=inference pod=trainer-eff14c event=started gpu_util=54
2026-07-12T20:31:39.257Z host=gpu-node-032 service=kubelet level=INFO namespace=inference pod=model-eval-7a48db event=started gpu_util=62
2026-07-12T20:33:41.870Z host=eng-x12 service=auditd level=INFO user=sre repo=api-gateway event=build status=success job=43151 trace=4c67ede1314881
2026-07-12T20:35:21.172Z host=gpu-node-075 service=kubelet level=INFO namespace=monitoring pod=checkpoint-5641e0 event=started gpu_util=12
2026-07-12T20:36:18.114Z host=eng-x12 service=auditd level=INFO user=deploybot repo=infra-charts event=fetch status=success job=46853 trace=afe033c72a82dc
2026-07-12T20:40:02.700Z host=eng-x12 service=auditd level=INFO user=deploybot repo=model-runtime event=push status=success job=47903 trace=459aae94145cf3
2026-07-12T20:40:28.693Z host=gpu-node-063 service=nvidia-dcgm level=INFO namespace=inference pod=trainer-8ffea2 event=image_present gpu_util=37
2026-07-12T20:40:34.809Z host=eng-x12 service=gitlab-runner level=INFO user=deploybot repo=infra-charts event=checkout status=success job=47314 trace=90df98a826d141
2026-07-12T20:40:35.820Z host=eng-x12 service=sshd level=INFO user=mchen repo=api-gateway event=fetch status=success job=43316 trace=671dfe5a348863
2026-07-12T20:41:48.654Z host=eng-x12 service=sshd level=INFO user=sre repo=infra-charts event=build status=success job=48794 trace=a02d3d272f854a
2026-07-12T20:42:01.279Z host=gpu-node-040 service=containerd level=INFO namespace=inference pod=trainer-c9e13f event=probe_ok gpu_util=11
2026-07-12T20:42:56.625Z host=eng-x12 service=dockerd level=INFO user=deploybot repo=api-gateway event=push status=success job=43099 trace=c1be9a48f3611d
2026-07-12T20:43:04.915Z host=eng-x12 service=auditd level=INFO user=sre repo=model-runtime event=session_close status=success job=45141 trace=8aaea9724cf4e8
2026-07-12T20:43:27.554Z host=gpu-node-042 service=nvidia-dcgm level=INFO namespace=monitoring pod=model-eval-30fafa event=probe_ok gpu_util=15
2026-07-12T20:44:48.572Z host=gpu-node-022 service=kubelet level=INFO namespace=inference pod=trainer-769e2c event=probe_ok gpu_util=72
2026-07-12T20:49:31.595Z host=gpu-node-086 service=kubelet level=INFO namespace=monitoring pod=checkpoint-abf94b event=image_present gpu_util=67
2026-07-12T20:50:23.231Z host=eng-x12 service=auditd level=INFO user=deploybot repo=api-gateway event=push status=success job=48918 trace=eeab22e169c746
2026-07-12T20:50:45.376Z host=eng-x12 service=gitlab-runner level=INFO user=sre repo=model-runtime event=session_close status=success job=47023 trace=1f93075aec945f
2026-07-12T20:51:16.281Z host=gpu-node-098 service=nvidia-dcgm level=INFO namespace=training pod=checkpoint-29ca61 event=probe_ok gpu_util=35
2026-07-12T20:53:14.859Z host=gpu-node-055 service=kubelet level=INFO namespace=inference pod=node-exporter-fb5049 event=completed gpu_util=42
2026-07-12T20:53:57.735Z host=gpu-node-124 service=kubelet level=INFO namespace=monitoring pod=node-exporter-745cd0 event=started gpu_util=31
2026-07-12T20:54:22.004Z host=eng-x12 service=dockerd level=INFO user=mchen repo=api-gateway event=fetch status=success job=43969 trace=3fba9c630db737
2026-07-12T20:54:26.031Z host=eng-x12 service=auditd level=INFO user=deploybot repo=model-runtime event=session_close status=success job=44328 trace=58b63e27de17b7
2026-07-12T20:54:42.599Z host=eng-x12 service=sshd level=INFO user=mchen repo=infra-charts event=build status=success job=47290 trace=2bd67564758984
2026-07-12T20:55:58.881Z host=eng-x12 service=sshd level=INFO user=builder repo=api-gateway event=push status=success job=48679 trace=1d2a906b225311
2026-07-12T20:56:01.790Z host=gpu-node-110 service=scheduler level=INFO namespace=training pod=node-exporter-ca37f7 event=probe_ok gpu_util=97
2026-07-12T20:56:06.345Z host=eng-x12 service=gitlab-runner level=INFO user=deploybot repo=evaluation event=build status=success job=45143 trace=9e7d43b1871557
2026-07-12T21:00:40.184Z host=gpu-node-011 service=nvidia-dcgm level=INFO namespace=monitoring pod=node-exporter-d57792 event=completed gpu_util=45
2026-07-12T21:01:41.900Z host=gpu-node-123 service=kubelet level=INFO namespace=training pod=node-exporter-d5b41f event=completed gpu_util=44
2026-07-12T21:02:47.851Z host=gpu-node-071 service=nvidia-dcgm level=INFO namespace=inference pod=model-eval-8a264c event=completed gpu_util=62
2026-07-12T21:02:52.698Z host=eng-x12 service=sshd level=INFO user=builder repo=api-gateway event=push status=success job=48318 trace=cee5e77c69a643
2026-07-12T21:03:32.570Z host=gpu-node-039 service=kubelet level=INFO namespace=monitoring pod=trainer-d0c38f event=image_present gpu_util=56
2026-07-12T21:03:33.098Z host=eng-x12 service=gitlab-runner level=INFO user=mchen repo=evaluation event=checkout status=success job=43587 trace=642376df38d374
2026-07-12T21:03:54.412Z host=gpu-node-102 service=scheduler level=INFO namespace=monitoring pod=model-eval-9acf39 event=image_present gpu_util=90
2026-07-12T21:04:04.177Z host=gpu-node-055 service=kubelet level=INFO namespace=training pod=checkpoint-c5e8bf event=probe_ok gpu_util=96
2026-07-12T21:05:30.105Z host=gpu-node-113 service=nvidia-dcgm level=INFO namespace=monitoring pod=model-eval-6282b7 event=probe_ok gpu_util=43
2026-07-12T21:06:53.008Z host=eng-x12 service=gitlab-runner level=INFO user=sre repo=infra-charts event=build status=success job=44493 trace=866a4633079975
2026-07-12T21:06:57.236Z host=eng-x12 service=sshd level=INFO user=sre repo=api-gateway event=session_close status=success job=41514 trace=4e1d1b58a8982a
2026-07-12T21:08:16.840Z host=eng-x12 service=auditd level=INFO user=deploybot repo=safety-filters event=build status=success job=46633 trace=7d47ea5044ef74
2026-07-12T21:08:26.099Z host=eng-x12 service=dockerd level=INFO user=deploybot repo=api-gateway event=build status=success job=43208 trace=a6a8745abfc36a
2026-07-12T21:08:33.679Z host=gpu-node-093 service=nvidia-dcgm level=INFO namespace=training pod=model-eval-9d978e event=started gpu_util=50
2026-07-12T21:08:46.561Z host=gpu-node-035 service=kubelet level=INFO namespace=training pod=node-exporter-9ebff7 event=image_present gpu_util=83
2026-07-12T21:11:41.798Z host=eng-x12 service=dockerd level=INFO user=deploybot repo=model-runtime event=push status=success job=48844 trace=e4f2500d618414
2026-07-12T21:13:22.011Z host=gpu-node-077 service=scheduler level=INFO namespace=training pod=model-eval-ef04b9 event=completed gpu_util=8
2026-07-12T21:13:30.012Z host=eng-x12 service=gitlab-runner level=INFO user=builder repo=evaluation event=checkout status=success job=43977 trace=d77ed3b2bbc6f6
2026-07-12T21:15:11.772Z host=eng-x12 service=auditd level=INFO user=builder repo=safety-filters event=checkout status=success job=47290 trace=0db586d5110d58
2026-07-12T21:16:18.083Z host=gpu-node-049 service=scheduler level=INFO namespace=monitoring pod=node-exporter-90979e event=completed gpu_util=42
2026-07-12T21:20:42.727Z host=gpu-node-038 service=containerd level=INFO namespace=monitoring pod=node-exporter-56e4fd event=completed gpu_util=89
2026-07-12T21:22:12.619Z host=gpu-node-034 service=nvidia-dcgm level=INFO namespace=training pod=node-exporter-7c5202 event=completed gpu_util=62
2026-07-12T21:22:46.499Z host=eng-x12 service=gitlab-runner level=INFO user=deploybot repo=safety-filters event=push status=success job=46533 trace=f966b6c103f675
2026-07-12T21:23:43.700Z host=eng-x12 service=sshd level=INFO user=sre repo=safety-filters event=checkout status=success job=44968 trace=926a42fc1472db
2026-07-12T21:23:47.650Z host=gpu-node-070 service=containerd level=INFO namespace=training pod=checkpoint-f8d2a5 event=completed gpu_util=69
2026-07-12T21:23:52.737Z host=eng-x12 service=gitlab-runner level=INFO user=sre repo=evaluation event=checkout status=success job=48132 trace=18e0a4b522108c
2026-07-12T21:24:00.399Z host=eng-x12 service=gitlab-runner level=INFO user=mchen repo=safety-filters event=build status=success job=42135 trace=44b43bc827ed70
2026-07-12T21:25:27.568Z host=gpu-node-096 service=scheduler level=INFO namespace=monitoring pod=trainer-54982d event=started gpu_util=68
2026-07-12T21:29:55.175Z host=eng-x12 service=dockerd level=INFO user=deploybot repo=api-gateway event=build status=success job=44636 trace=86880c764ca8ed
2026-07-12T21:31:45.171Z host=gpu-node-098 service=containerd level=INFO namespace=inference pod=checkpoint-6dd3dc event=probe_ok gpu_util=100
2026-07-12T21:31:47.097Z host=eng-x12 service=sshd level=INFO user=mchen repo=safety-filters event=session_close status=success job=43868 trace=4b1d234e5e46db
2026-07-12T21:32:48.957Z host=gpu-node-007 service=kubelet level=INFO namespace=inference pod=node-exporter-3e26e5 event=image_present gpu_util=29
2026-07-12T21:33:07.871Z host=eng-x12 service=gitlab-runner level=INFO user=sre repo=evaluation event=checkout status=success job=47911 trace=a5f4852b8ad69d
2026-07-12T21:33:59.657Z host=eng-x12 service=gitlab-runner level=INFO user=sre repo=safety-filters event=build status=success job=47182 trace=21fd354d0cb57d
2026-07-12T21:35:00.164Z host=eng-x12 service=sshd level=INFO user=mchen repo=safety-filters event=session_close status=success job=46393 trace=90c5f0140bb327
2026-07-12T21:35:42.425Z host=eng-x12 service=gitlab-runner level=INFO user=builder repo=infra-charts event=build status=success job=48073 trace=551bdb52ecd7d2
2026-07-12T21:35:59.263Z host=eng-x12 service=auditd level=INFO user=deploybot repo=infra-charts event=checkout status=success job=45094 trace=91d0253a7fc7e4
2026-07-12T21:36:10.924Z host=gpu-node-024 service=scheduler level=INFO namespace=inference pod=node-exporter-757a3c event=completed gpu_util=48
2026-07-12T21:36:12.556Z host=gpu-node-014 service=scheduler level=INFO namespace=inference pod=trainer-17ca45 event=started gpu_util=14
2026-07-12T21:36:50.654Z host=eng-x12 service=gitlab-runner level=INFO user=mchen repo=infra-charts event=fetch status=success job=46475 trace=68f735470c6165
2026-07-12T21:37:16.884Z host=gpu-node-125 service=kubelet level=INFO namespace=inference pod=trainer-abf53d event=image_present gpu_util=9
2026-07-12T21:37:56.668Z host=eng-x12 service=gitlab-runner level=INFO user=mchen repo=api-gateway event=checkout status=success job=41529 trace=6f4f950ea859c5
2026-07-12T21:39:30.926Z host=gpu-node-110 service=containerd level=INFO namespace=inference pod=trainer-f50387 event=probe_ok gpu_util=57
2026-07-12T21:40:26.420Z host=gpu-node-061 service=scheduler level=INFO namespace=monitoring pod=model-eval-c5d5ea event=image_present gpu_util=39
2026-07-12T21:41:26.317Z host=eng-x12 service=sshd level=INFO user=builder repo=infra-charts event=push status=success job=46874 trace=38a6b91fdd4a83
2026-07-12T21:42:09.109Z host=gpu-node-048 service=scheduler level=INFO namespace=training pod=checkpoint-c51280 event=completed gpu_util=67
2026-07-12T21:42:48.594Z host=gpu-node-116 service=containerd level=INFO namespace=monitoring pod=trainer-ecd59a event=image_present gpu_util=59
2026-07-12T21:43:30.617Z host=eng-x12 service=auditd level=INFO user=deploybot repo=evaluation event=build status=success job=44189 trace=b09181b4200165
2026-07-12T21:43:59.103Z host=gpu-node-127 service=containerd level=INFO namespace=monitoring pod=model-eval-460a3f event=completed gpu_util=39
2026-07-12T21:44:18.870Z host=gpu-node-104 service=nvidia-dcgm level=INFO namespace=monitoring pod=node-exporter-0c5221 event=completed gpu_util=70
2026-07-12T21:45:58.246Z host=gpu-node-128 service=nvidia-dcgm level=INFO namespace=inference pod=trainer-785843 event=probe_ok gpu_util=5
2026-07-12T21:48:29.369Z host=eng-x12 service=dockerd level=INFO user=builder repo=safety-filters event=build status=success job=44044 trace=3bac929d1da289
2026-07-12T21:49:13.243Z host=gpu-node-024 service=scheduler level=INFO namespace=inference pod=node-exporter-b33d75 event=image_present gpu_util=40
2026-07-12T21:49:29.609Z host=gpu-node-084 service=containerd level=INFO namespace=training pod=trainer-5649ef event=started gpu_util=85
2026-07-12T21:51:35.556Z host=gpu-node-010 service=nvidia-dcgm level=INFO namespace=inference pod=trainer-85673f event=image_present gpu_util=43
2026-07-12T21:52:39.594Z host=eng-x12 service=gitlab-runner level=INFO user=mchen repo=infra-charts event=fetch status=success job=48857 trace=a05f6d4d077814
2026-07-12T21:53:10.834Z host=eng-x12 service=dockerd level=INFO user=sre repo=infra-charts event=fetch status=success job=48929 trace=212de44f62be65
2026-07-12T21:53:45.114Z host=gpu-node-108 service=containerd level=INFO namespace=inference pod=trainer-a949ad event=started gpu_util=86
2026-07-12T21:53:46.289Z host=eng-x12 service=gitlab-runner level=INFO user=deploybot repo=evaluation event=push status=success job=48458 trace=e8ee05472afc55
2026-07-12T21:54:31.784Z host=eng-x12 service=gitlab-runner level=INFO user=builder repo=evaluation event=build status=success job=47719 trace=63c340349933af
2026-07-12T21:56:05.943Z host=gpu-node-086 service=scheduler level=INFO namespace=inference pod=trainer-6026ba event=probe_ok gpu_util=4
2026-07-12T21:56:27.623Z host=gpu-node-079 service=kubelet level=INFO namespace=training pod=trainer-d17cbd event=completed gpu_util=48
2026-07-12T21:58:10.643Z host=gpu-node-015 service=nvidia-dcgm level=INFO namespace=monitoring pod=model-eval-1248e7 event=image_present gpu_util=14
2026-07-12T21:58:35.629Z host=eng-x12 service=gitlab-runner level=INFO user=mchen repo=api-gateway event=checkout status=success job=48811 trace=0f6a3b72cbebe1
2026-07-12T22:01:13.731Z host=gpu-node-054 service=scheduler level=INFO namespace=training pod=trainer-58482d event=probe_ok gpu_util=67
2026-07-12T22:02:49.248Z host=eng-x12 service=gitlab-runner level=INFO user=deploybot repo=infra-charts event=fetch status=success job=47309 trace=88d39146940078
2026-07-12T22:05:50.835Z host=eng-x12 service=auditd level=INFO user=builder repo=infra-charts event=checkout status=success job=46330 trace=79d7145e83530a
2026-07-12T22:06:06.707Z host=eng-x12 service=dockerd level=INFO user=mchen repo=safety-filters event=build status=success job=42101 trace=974f068713d3bd
2026-07-12T22:06:10.135Z host=eng-x12 service=sshd level=INFO user=builder repo=api-gateway event=session_close status=success job=45117 trace=f18bcf7e57e1b2
2026-07-12T22:06:49.203Z host=gpu-node-094 service=containerd level=INFO namespace=training pod=model-eval-da723a event=completed gpu_util=91
2026-07-12T22:08:20.032Z host=gpu-node-112 service=containerd level=INFO namespace=inference pod=node-exporter-75019a event=completed gpu_util=13
2026-07-12T22:08:31.051Z host=gpu-node-071 service=scheduler level=INFO namespace=monitoring pod=model-eval-c290a1 event=completed gpu_util=88
2026-07-12T22:08:41.735Z host=gpu-node-074 service=scheduler level=INFO namespace=monitoring pod=node-exporter-a83eb5 event=started gpu_util=31
2026-07-12T22:09:10.824Z host=eng-x12 service=gitlab-runner level=INFO user=deploybot repo=evaluation event=session_close status=success job=42459 trace=8c33355409e782
2026-07-12T22:09:24.331Z host=eng-x12 service=sshd level=INFO user=mchen repo=api-gateway event=build status=success job=43877 trace=116784b138d875
2026-07-12T22:10:13.254Z host=gpu-node-002 service=containerd level=INFO namespace=training pod=model-eval-149b5d event=started gpu_util=40
2026-07-12T22:10:50.100Z host=gpu-node-011 service=kubelet level=INFO namespace=training pod=trainer-83e97b event=image_present gpu_util=5
2026-07-12T22:11:09.351Z host=eng-x12 service=gitlab-runner level=INFO user=builder repo=infra-charts event=fetch status=success job=46837 trace=6d580ff8e80add
2026-07-12T22:13:51.979Z host=eng-x12 service=sshd level=INFO user=sre repo=model-runtime event=push status=success job=45895 trace=4ab6e8ba39d545
2026-07-12T22:14:01.778Z host=gpu-node-077 service=nvidia-dcgm level=INFO namespace=monitoring pod=checkpoint-3def78 event=probe_ok gpu_util=80
2026-07-12T22:15:02.412Z host=gpu-node-024 service=scheduler level=INFO namespace=inference pod=checkpoint-1a1bc5 event=completed gpu_util=18
2026-07-12T22:16:46.766Z host=gpu-node-001 service=kubelet level=INFO namespace=inference pod=checkpoint-196a23 event=completed gpu_util=70
2026-07-12T22:16:47.823Z host=eng-x12 service=sshd level=INFO user=sre repo=evaluation event=session_close status=success job=43680 trace=bd28bd31b79c80
2026-07-12T22:17:41.239Z host=gpu-node-127 service=nvidia-dcgm level=INFO namespace=training pod=model-eval-ba7778 event=completed gpu_util=82
2026-07-12T22:18:46.776Z host=eng-x12 service=sshd level=INFO user=mchen repo=evaluation event=build status=success job=48044 trace=987a711cc0a611
2026-07-12T22:18:55.296Z host=gpu-node-038 service=containerd level=INFO namespace=training pod=checkpoint-97d35c event=image_present gpu_util=29
2026-07-12T22:19:05.728Z host=eng-x12 service=dockerd level=INFO user=builder repo=infra-charts event=build status=success job=43660 trace=59f3ccfd976795
2026-07-12T22:19:44.287Z host=gpu-node-092 service=nvidia-dcgm level=INFO namespace=monitoring pod=model-eval-9af2c9 event=probe_ok gpu_util=4
2026-07-12T22:19:48.003Z host=eng-x12 service=sshd level=INFO user=sre repo=evaluation event=push status=success job=48661 trace=4090e754a5ea35
2026-07-12T22:20:43.513Z host=eng-x12 service=auditd level=INFO user=deploybot repo=model-runtime event=build status=success job=42583 trace=776ee989212ce2
2026-07-12T22:21:08.151Z host=gpu-node-109 service=nvidia-dcgm level=INFO namespace=inference pod=model-eval-f31bc9 event=probe_ok gpu_util=97
2026-07-12T22:22:22.811Z host=gpu-node-112 service=scheduler level=INFO namespace=training pod=model-eval-970456 event=image_present gpu_util=78
2026-07-12T22:23:16.127Z host=gpu-node-081 service=scheduler level=INFO namespace=training pod=checkpoint-cc2c8b event=probe_ok gpu_util=100
2026-07-12T22:24:26.145Z host=eng-x12 service=dockerd level=INFO user=sre repo=api-gateway event=checkout status=success job=43549 trace=cd6fd648ece0c1
2026-07-12T22:24:37.748Z host=gpu-node-120 service=containerd level=INFO namespace=monitoring pod=trainer-f4b90c event=started gpu_util=12
2026-07-12T22:24:59.688Z host=eng-x12 service=auditd level=INFO user=sre repo=evaluation event=session_close status=success job=47621 trace=22ff32cb0d1067
2026-07-12T22:25:41.883Z host=gpu-node-103 service=scheduler level=INFO namespace=inference pod=checkpoint-e6cf65 event=completed gpu_util=42
2026-07-12T22:26:29.907Z host=eng-x12 service=gitlab-runner level=INFO user=sre repo=safety-filters event=build status=success job=41988 trace=4158f1a6d56310
2026-07-12T22:28:46.953Z host=eng-x12 service=sshd level=INFO user=sre repo=evaluation event=session_close status=success job=42440 trace=7f16d97ed45da5
2026-07-12T22:31:52.112Z host=gpu-node-035 service=containerd level=INFO namespace=inference pod=node-exporter-af9665 event=started gpu_util=63
2026-07-12T22:34:10.933Z host=eng-x12 service=sshd level=INFO user=deploybot repo=model-runtime event=build status=success job=46557 trace=af576f3259b0f2
2026-07-12T22:35:45.031Z host=gpu-node-102 service=scheduler level=INFO namespace=inference pod=node-exporter-32f0f4 event=probe_ok gpu_util=94
2026-07-12T22:37:39.448Z host=eng-x12 service=auditd level=INFO user=builder repo=model-runtime event=push status=success job=48685 trace=cbd2a60f531cc8
2026-07-12T22:38:00.451Z host=gpu-node-065 service=nvidia-dcgm level=INFO namespace=training pod=checkpoint-c0e448 event=image_present gpu_util=6
2026-07-12T22:38:08.586Z host=gpu-node-044 service=containerd level=INFO namespace=monitoring pod=checkpoint-60c6b5 event=probe_ok gpu_util=96
2026-07-12T22:38:19.645Z host=gpu-node-097 service=scheduler level=INFO namespace=training pod=node-exporter-05dee1 event=started gpu_util=71
2026-07-12T22:38:59.033Z host=gpu-node-012 service=scheduler level=INFO namespace=inference pod=model-eval-94c8cc event=started gpu_util=93
2026-07-12T22:39:19.748Z host=eng-x12 service=gitlab-runner level=INFO user=sre repo=infra-charts event=push status=success job=41146 trace=3827cee6eb6dae
2026-07-12T22:40:50.443Z host=eng-x12 service=sshd level=INFO user=builder repo=model-runtime event=fetch status=success job=47830 trace=8853e8c7a56b1d
2026-07-12T22:44:06.808Z host=eng-x12 service=dockerd level=INFO user=deploybot repo=safety-filters event=session_close status=success job=41140 trace=c7e61a71dd4a7b
2026-07-12T22:45:16.896Z host=eng-x12 service=auditd level=INFO user=mchen repo=safety-filters event=push status=success job=43298 trace=f230a91890e2d3
2026-07-12T22:45:58.844Z host=gpu-node-101 service=kubelet level=INFO namespace=training pod=trainer-0f30cd event=image_present gpu_util=44
2026-07-12T22:49:23.760Z host=gpu-node-096 service=scheduler level=INFO namespace=inference pod=model-eval-1e0ee9 event=started gpu_util=59
2026-07-12T22:49:31.139Z host=gpu-node-050 service=kubelet level=INFO namespace=monitoring pod=checkpoint-6ade6c event=image_present gpu_util=75
2026-07-12T22:52:44.958Z host=gpu-node-033 service=kubelet level=INFO namespace=training pod=model-eval-abd125 event=completed gpu_util=58
2026-07-12T22:53:16.728Z host=gpu-node-113 service=containerd level=INFO namespace=inference pod=trainer-9704c3 event=image_present gpu_util=82
2026-07-12T22:54:18.128Z host=gpu-node-042 service=nvidia-dcgm level=INFO namespace=inference pod=node-exporter-0b7592 event=probe_ok gpu_util=16
2026-07-12T22:55:40.907Z host=gpu-node-028 service=nvidia-dcgm level=INFO namespace=monitoring pod=trainer-1b06f6 event=probe_ok gpu_util=23
2026-07-12T22:59:17.168Z host=eng-x12 service=gitlab-runner level=INFO user=mchen repo=evaluation event=fetch status=success job=45900 trace=b4cacde23eac9e
2026-07-12T23:01:13.306Z host=eng-x12 service=gitlab-runner level=INFO user=mchen repo=evaluation event=checkout status=success job=45962 trace=c818c697d8462b
2026-07-12T23:04:59.976Z host=gpu-node-062 service=nvidia-dcgm level=INFO namespace=training pod=checkpoint-c2e762 event=started gpu_util=24
2026-07-12T23:05:38.547Z host=eng-x12 service=sshd level=INFO user=deploybot repo=api-gateway event=fetch status=success job=43436 trace=68b2edf6edfbc3
2026-07-12T23:06:19.076Z host=gpu-node-061 service=kubelet level=INFO namespace=training pod=trainer-94951b event=started gpu_util=93
2026-07-12T23:06:29.397Z host=eng-x12 service=dockerd level=INFO user=builder repo=api-gateway event=session_close status=success job=42920 trace=a13356a4ce8780
2026-07-12T23:07:01.553Z host=gpu-node-006 service=containerd level=INFO namespace=inference pod=checkpoint-fb24d4 event=probe_ok gpu_util=41
2026-07-12T23:07:44.975Z host=gpu-node-116 service=containerd level=INFO namespace=monitoring pod=checkpoint-aadd72 event=probe_ok gpu_util=48
2026-07-12T23:08:47.824Z host=eng-x12 service=sshd level=INFO user=deploybot repo=model-runtime event=fetch status=success job=48539 trace=c6b409f7bb1811
2026-07-12T23:09:58.234Z host=eng-x12 service=dockerd level=INFO user=sre repo=model-runtime event=build status=success job=44579 trace=64d4e4c693d050
2026-07-12T23:10:00.988Z host=gpu-node-102 service=containerd level=INFO namespace=training pod=node-exporter-2aaff6 event=probe_ok gpu_util=75
2026-07-12T23:10:18.697Z host=gpu-node-023 service=kubelet level=INFO namespace=monitoring pod=trainer-1d3517 event=image_present gpu_util=9
2026-07-12T23:10:46.854Z host=eng-x12 service=sshd level=INFO user=mchen repo=safety-filters event=push status=success job=42480 trace=c35d9c73eb5083
2026-07-12T23:11:14.896Z host=eng-x12 service=gitlab-runner level=INFO user=deploybot repo=evaluation event=fetch status=success job=48642 trace=6acdc9aa691f0d
2026-07-12T23:11:33.285Z host=eng-x12 service=dockerd level=INFO user=sre repo=infra-charts event=session_close status=success job=48131 trace=b78951756820fb
2026-07-12T23:12:32.267Z host=gpu-node-005 service=nvidia-dcgm level=INFO namespace=monitoring pod=trainer-6b51b5 event=completed gpu_util=15
2026-07-12T23:13:13.315Z host=gpu-node-113 service=containerd level=INFO namespace=training pod=node-exporter-cc182c event=completed gpu_util=72
2026-07-12T23:13:13.398Z host=eng-x12 service=gitlab-runner level=INFO user=mchen repo=infra-charts event=checkout status=success job=48545 trace=84edaacc2644fa
2026-07-12T23:13:38.067Z host=gpu-node-104 service=nvidia-dcgm level=INFO namespace=inference pod=checkpoint-39ca8b event=completed gpu_util=84
2026-07-12T23:13:53.437Z host=eng-x12 service=sshd level=INFO user=sre repo=evaluation event=build status=success job=48825 trace=ae71d65cb74d79
2026-07-12T23:17:28.021Z host=eng-x12 service=dockerd level=INFO user=sre repo=evaluation event=fetch status=success job=47692 trace=0a5b3c68118d8b
2026-07-12T23:19:26.075Z host=gpu-node-067 service=scheduler level=INFO namespace=monitoring pod=checkpoint-b221d4 event=image_present gpu_util=51
2026-07-12T23:20:54.015Z host=gpu-node-014 service=containerd level=INFO namespace=inference pod=checkpoint-558ec9 event=completed gpu_util=47
2026-07-12T23:20:55.248Z host=eng-x12 service=gitlab-runner level=INFO user=deploybot repo=api-gateway event=session_close status=success job=48129 trace=b0f8112be50150
2026-07-12T23:21:06.337Z host=gpu-node-071 service=kubelet level=INFO namespace=inference pod=trainer-8b636d event=completed gpu_util=20
2026-07-12T23:21:19.099Z host=eng-x12 service=dockerd level=INFO user=deploybot repo=api-gateway event=fetch status=success job=42716 trace=cb65a405a98264
2026-07-12T23:22:48.706Z host=gpu-node-111 service=containerd level=INFO namespace=training pod=model-eval-5876e9 event=image_present gpu_util=96
2026-07-12T23:23:53.068Z host=gpu-node-081 service=containerd level=INFO namespace=training pod=node-exporter-e58120 event=completed gpu_util=6
2026-07-12T23:25:08.239Z host=gpu-node-125 service=containerd level=INFO namespace=training pod=node-exporter-9d6a82 event=started gpu_util=61
2026-07-12T23:28:12.014Z host=eng-x12 service=gitlab-runner level=INFO user=builder repo=infra-charts event=session_close status=success job=41979 trace=848bc7e60bd390
2026-07-12T23:28:24.271Z host=gpu-node-057 service=containerd level=INFO namespace=monitoring pod=model-eval-a8d6a0 event=image_present gpu_util=14
2026-07-12T23:28:48.052Z host=eng-x12 service=gitlab-runner level=INFO user=builder repo=api-gateway event=checkout status=success job=48713 trace=9bc77c5225d6c7
2026-07-12T23:28:59.515Z host=eng-x12 service=auditd level=INFO user=sre repo=model-runtime event=fetch status=success job=45861 trace=5321eda75c601e
2026-07-12T23:29:34.787Z host=eng-x12 service=dockerd level=INFO user=builder repo=infra-charts event=build status=success job=43720 trace=1ea9f8c35dda3c
2026-07-12T23:30:30.567Z host=eng-x12 service=gitlab-runner level=INFO user=deploybot repo=evaluation event=session_close status=success job=41905 trace=53f10800cee223
2026-07-12T23:31:08.595Z host=eng-x12 service=gitlab-runner level=INFO user=mchen repo=infra-charts event=push status=success job=42582 trace=e34c3edab84212
2026-07-12T23:32:13.462Z host=gpu-node-107 service=kubelet level=INFO namespace=training pod=model-eval-525453 event=image_present gpu_util=89
2026-07-12T23:33:02.802Z host=eng-x12 service=gitlab-runner level=INFO user=builder repo=api-gateway event=push status=success job=43406 trace=b130551259ef4e
2026-07-12T23:33:54.633Z host=eng-x12 service=gitlab-runner level=INFO user=sre repo=api-gateway event=build status=success job=42246 trace=ed80361a2e8bee
2026-07-12T23:35:10.585Z host=gpu-node-084 service=kubelet level=INFO namespace=monitoring pod=node-exporter-63f8cb event=completed gpu_util=21
2026-07-12T23:35:14.405Z host=eng-x12 service=dockerd level=INFO user=builder repo=safety-filters event=push status=success job=44580 trace=82974b04698391
2026-07-12T23:37:32.328Z host=gpu-node-072 service=containerd level=INFO namespace=monitoring pod=node-exporter-6a98f2 event=started gpu_util=65
2026-07-12T23:37:35.434Z host=eng-x12 service=auditd level=INFO user=sre repo=api-gateway event=build status=success job=41947 trace=2474b97bcf4761
2026-07-12T23:37:36.216Z host=eng-x12 service=auditd level=INFO user=builder repo=api-gateway event=push status=success job=46983 trace=0a249dbbf9273d
2026-07-12T23:38:51.520Z host=eng-x12 service=sshd level=INFO user=builder repo=model-runtime event=session_close status=success job=42129 trace=d9a6aeb883e92f
2026-07-12T23:39:12.172Z host=gpu-node-029 service=scheduler level=INFO namespace=inference pod=checkpoint-f6873d event=completed gpu_util=8
2026-07-12T23:41:11.084Z host=eng-x12 service=auditd level=INFO user=sre repo=model-runtime event=session_close status=success job=41207 trace=2388ad9d5fa964
2026-07-12T23:41:35.622Z host=gpu-node-046 service=scheduler level=INFO namespace=training pod=checkpoint-e26c9a event=started gpu_util=25
2026-07-12T23:45:01.595Z host=gpu-node-010 service=nvidia-dcgm level=INFO namespace=inference pod=node-exporter-58e7ed event=probe_ok gpu_util=95
2026-07-12T23:45:58.337Z host=gpu-node-017 service=nvidia-dcgm level=INFO namespace=monitoring pod=trainer-e9081b event=image_present gpu_util=86
2026-07-12T23:46:22.868Z host=eng-x12 service=dockerd level=INFO user=deploybot repo=model-runtime event=checkout status=success job=47204 trace=22f7f4b496bb22
2026-07-12T23:47:54.178Z host=gpu-node-095 service=containerd level=INFO namespace=training pod=node-exporter-0d1c54 event=image_present gpu_util=97
2026-07-12T23:50:28.790Z host=gpu-node-051 service=scheduler level=INFO namespace=monitoring pod=node-exporter-8d022a event=completed gpu_util=22
2026-07-12T23:52:38.233Z host=eng-x12 service=auditd level=INFO user=builder repo=evaluation event=build status=success job=44902 trace=af15f31aaedd0f
2026-07-12T23:55:33.224Z host=eng-x12 service=auditd level=INFO user=sre repo=api-gateway event=checkout status=success job=42325 trace=727659c2341ecc
2026-07-12T23:56:56.895Z host=gpu-node-064 service=kubelet level=INFO namespace=training pod=model-eval-788714 event=image_present gpu_util=68
2026-07-12T23:57:42.490Z host=gpu-node-019 service=containerd level=INFO namespace=monitoring pod=trainer-34022f event=image_present gpu_util=57
2026-07-12T23:57:48.829Z host=gpu-node-023 service=scheduler level=INFO namespace=training pod=trainer-bbb6df event=probe_ok gpu_util=4
2026-07-12T23:57:49.893Z host=eng-x12 service=auditd level=INFO user=mchen repo=evaluation event=session_close status=success job=43209 trace=4c2d19f8e9c0c4
2026-07-12T23:58:32.468Z host=eng-x12 service=gitlab-runner level=INFO user=deploybot repo=evaluation event=checkout status=success job=45431 trace=210cc83326aa31
2026-07-12T23:59:10.561Z host=eng-x12 service=dockerd level=INFO user=builder repo=api-gateway event=session_close status=success job=47962 trace=2c99f96381089b
2026-07-12T23:59:11.314Z host=gpu-node-063 service=kubelet level=INFO namespace=inference pod=node-exporter-4eeaa2 event=completed gpu_util=48
2026-07-13T00:01:21.365Z host=eng-x12 service=sshd level=INFO user=builder repo=model-runtime event=push status=success job=45926 trace=edfa33133696d7
2026-07-13T00:04:06.995Z host=eng-x12 service=auditd level=INFO user=builder repo=infra-charts event=fetch status=success job=46329 trace=99e675d8d3a145
2026-07-13T00:07:06.816Z host=gpu-node-040 service=kubelet level=INFO namespace=inference pod=model-eval-873c76 event=started gpu_util=30
2026-07-13T00:07:58.275Z host=gpu-node-112 service=nvidia-dcgm level=INFO namespace=training pod=checkpoint-8ad3b7 event=completed gpu_util=6
2026-07-13T00:09:32.832Z host=eng-x12 service=dockerd level=INFO user=mchen repo=evaluation event=push status=success job=42683 trace=2885a0d2d9ffd2
2026-07-13T00:09:40.450Z host=eng-x12 service=sshd level=INFO user=mchen repo=api-gateway event=checkout status=success job=46337 trace=4fad4b9d0c772d
2026-07-13T00:10:58.115Z host=gpu-node-021 service=containerd level=INFO namespace=monitoring pod=node-exporter-d82e52 event=completed gpu_util=15
2026-07-13T00:11:39.227Z host=gpu-node-090 service=scheduler level=INFO namespace=monitoring pod=node-exporter-a849cf event=completed gpu_util=11
2026-07-13T00:12:58.011Z host=gpu-node-086 service=kubelet level=INFO namespace=inference pod=trainer-84d068 event=image_present gpu_util=5
2026-07-13T00:13:37.778Z host=gpu-node-024 service=kubelet level=INFO namespace=training pod=checkpoint-de1ddc event=completed gpu_util=87
2026-07-13T00:13:54.263Z host=eng-x12 service=sshd level=INFO user=mchen repo=evaluation event=checkout status=success job=42861 trace=da259a61d0265e
2026-07-13T00:14:11.058Z host=eng-x12 service=gitlab-runner level=INFO user=mchen repo=evaluation event=push status=success job=42789 trace=99b28bdd1b0dc2
2026-07-13T00:16:04.908Z host=gpu-node-031 service=scheduler level=INFO namespace=training pod=checkpoint-551f96 event=started gpu_util=100
2026-07-13T00:16:21.734Z host=gpu-node-005 service=kubelet level=INFO namespace=training pod=model-eval-aea923 event=image_present gpu_util=3
2026-07-13T00:16:28.806Z host=gpu-node-058 service=nvidia-dcgm level=INFO namespace=monitoring pod=node-exporter-5b85ae event=probe_ok gpu_util=13
2026-07-13T00:16:49.822Z host=eng-x12 service=gitlab-runner level=INFO user=mchen repo=infra-charts event=fetch status=success job=45766 trace=feea1adc0d31c7
2026-07-13T00:18:22.705Z host=eng-x12 service=dockerd level=INFO user=sre repo=api-gateway event=fetch status=success job=47806 trace=3767529de263cd
2026-07-13T00:21:12.787Z host=gpu-node-037 service=containerd level=INFO namespace=monitoring pod=trainer-099428 event=image_present gpu_util=23
2026-07-13T00:22:01.409Z host=gpu-node-008 service=nvidia-dcgm level=INFO namespace=monitoring pod=node-exporter-66bba1 event=image_present gpu_util=40
2026-07-13T00:22:04.100Z host=gpu-node-119 service=kubelet level=INFO namespace=training pod=model-eval-ea452a event=completed gpu_util=42
2026-07-13T00:24:49.087Z host=eng-x12 service=auditd level=INFO user=deploybot repo=api-gateway event=fetch status=success job=48642 trace=dd20cba816aebd
2026-07-13T00:26:00.874Z host=eng-x12 service=gitlab-runner level=INFO user=deploybot repo=evaluation event=push status=success job=48500 trace=3a7a0af652013a
2026-07-13T00:28:48.117Z host=gpu-node-005 service=kubelet level=INFO namespace=monitoring pod=trainer-5934f7 event=image_present gpu_util=21
2026-07-13T00:29:07.652Z host=gpu-node-098 service=containerd level=INFO namespace=training pod=checkpoint-532fd2 event=probe_ok gpu_util=84
2026-07-13T00:30:03.508Z host=eng-x12 service=auditd level=INFO user=builder repo=evaluation event=push status=success job=43614 trace=4019bc625b890d
2026-07-13T00:30:07.484Z host=gpu-node-075 service=containerd level=INFO namespace=training pod=trainer-49525f event=started gpu_util=7
2026-07-13T00:30:41.685Z host=gpu-node-063 service=kubelet level=INFO namespace=inference pod=trainer-00a982 event=image_present gpu_util=5
2026-07-13T00:31:06.213Z host=eng-x12 service=gitlab-runner level=INFO user=deploybot repo=safety-filters event=session_close status=success job=48248 trace=4f90f2e0067657
2026-07-13T00:33:57.157Z host=eng-x12 service=dockerd level=INFO user=deploybot repo=evaluation event=push status=success job=45719 trace=5c96f86e0f72ad
2026-07-13T00:34:05.297Z host=eng-x12 service=sshd level=INFO user=sre repo=safety-filters event=push status=success job=46583 trace=fb9ba7102eb239
2026-07-13T00:35:29.825Z host=gpu-node-039 service=scheduler level=INFO namespace=training pod=trainer-a0688d event=image_present gpu_util=60
2026-07-13T00:35:56.382Z host=eng-x12 service=dockerd level=INFO user=builder repo=api-gateway event=checkout status=success job=44346 trace=c3dd46dc180671
2026-07-13T00:37:12.846Z host=eng-x12 service=sshd level=INFO user=deploybot repo=evaluation event=session_close status=success job=41631 trace=0667621afc9085
2026-07-13T00:39:39.215Z host=gpu-node-083 service=containerd level=INFO namespace=training pod=node-exporter-392185 event=completed gpu_util=55
2026-07-13T00:41:12.190Z host=gpu-node-029 service=nvidia-dcgm level=INFO namespace=monitoring pod=node-exporter-a433b3 event=image_present gpu_util=33
2026-07-13T00:42:02.691Z host=eng-x12 service=auditd level=INFO user=deploybot repo=api-gateway event=fetch status=success job=42897 trace=2176d8d0fa70ce
2026-07-13T00:43:37.642Z host=gpu-node-028 service=containerd level=INFO namespace=inference pod=node-exporter-52a597 event=completed gpu_util=79
2026-07-13T00:43:53.456Z host=gpu-node-013 service=nvidia-dcgm level=INFO namespace=training pod=model-eval-0c9b45 event=started gpu_util=30
2026-07-13T00:46:37.177Z host=gpu-node-127 service=containerd level=INFO namespace=inference pod=node-exporter-b3fc57 event=started gpu_util=65
2026-07-13T00:47:20.367Z host=gpu-node-057 service=containerd level=INFO namespace=monitoring pod=node-exporter-912481 event=probe_ok gpu_util=6
2026-07-13T00:49:11.276Z host=eng-x12 service=sshd level=INFO user=mchen repo=evaluation event=fetch status=success job=44026 trace=513ba95ce4b332
2026-07-13T00:49:40.120Z host=gpu-node-091 service=scheduler level=INFO namespace=monitoring pod=checkpoint-61b992 event=completed gpu_util=96
2026-07-13T00:51:21.802Z host=eng-x12 service=auditd level=INFO user=builder repo=model-runtime event=fetch status=success job=41702 trace=923cc6ee315e53
2026-07-13T00:52:17.769Z host=eng-x12 service=dockerd level=INFO user=builder repo=infra-charts event=fetch status=success job=43500 trace=c802023d320c3d
2026-07-13T00:54:13.066Z host=eng-x12 service=auditd level=INFO user=builder repo=evaluation event=checkout status=success job=41957 trace=80b7c2f500b840
2026-07-13T00:54:33.763Z host=eng-x12 service=dockerd level=INFO user=sre repo=infra-charts event=push status=success job=46981 trace=42f4ecc40e7833
2026-07-13T00:54:41.220Z host=eng-x12 service=sshd level=INFO user=builder repo=model-runtime event=checkout status=success job=47695 trace=98939fc9d00267
2026-07-13T00:56:33.571Z host=eng-x12 service=auditd level=INFO user=mchen repo=infra-charts event=build status=success job=45670 trace=04b13cfaf53fa2
2026-07-13T00:57:29.932Z host=gpu-node-001 service=nvidia-dcgm level=INFO namespace=training pod=node-exporter-c65a10 event=completed gpu_util=80
2026-07-13T00:58:00.484Z host=gpu-node-097 service=scheduler level=INFO namespace=inference pod=checkpoint-8b98c7 event=started gpu_util=72
2026-07-13T00:58:45.365Z host=gpu-node-046 service=kubelet level=INFO namespace=training pod=trainer-89ea3c event=completed gpu_util=90
2026-07-13T00:58:46.846Z host=eng-x12 service=sshd level=INFO user=deploybot repo=model-runtime event=fetch status=success job=43953 trace=43475191ccccca
2026-07-13T00:59:43.128Z host=gpu-node-022 service=nvidia-dcgm level=INFO namespace=monitoring pod=model-eval-45cdf0 event=image_present gpu_util=40
2026-07-13T01:00:45.403Z host=eng-x12 service=dockerd level=INFO user=sre repo=api-gateway event=session_close status=success job=45277 trace=93718df9a6b73a
2026-07-13T01:02:21.834Z host=eng-x12 service=sshd level=INFO user=deploybot repo=safety-filters event=fetch status=success job=45853 trace=c273b8393d7a2e
2026-07-13T01:02:39.578Z host=eng-x12 service=dockerd level=INFO user=sre repo=model-runtime event=session_close status=success job=45593 trace=61c22333b2b0d3
2026-07-13T01:04:11.546Z host=eng-x12 service=auditd level=INFO user=sre repo=infra-charts event=build status=success job=41892 trace=3971d2e012ee3a
2026-07-13T01:04:46.782Z host=eng-x12 service=dockerd level=INFO user=mchen repo=evaluation event=session_close status=success job=44105 trace=58c3473575ce75
2026-07-13T01:04:56.444Z host=gpu-node-069 service=scheduler level=INFO namespace=inference pod=checkpoint-34880b event=completed gpu_util=41
2026-07-13T01:10:05.439Z host=eng-x12 service=auditd level=INFO user=builder repo=safety-filters event=session_close status=success job=43131 trace=c2dca588ea2d79
2026-07-13T01:11:10.090Z host=eng-x12 service=gitlab-runner level=INFO user=sre repo=infra-charts event=push status=success job=42258 trace=e2f6c9bdd129d6
2026-07-13T01:12:34.355Z host=gpu-node-083 service=scheduler level=INFO namespace=training pod=checkpoint-9f2e07 event=probe_ok gpu_util=19
2026-07-13T01:12:49.061Z host=gpu-node-090 service=containerd level=INFO namespace=training pod=trainer-1c2c93 event=image_present gpu_util=65
2026-07-13T01:14:42.120Z host=gpu-node-114 service=scheduler level=INFO namespace=training pod=model-eval-ad2e01 event=started gpu_util=14
2026-07-13T01:14:51.013Z host=gpu-node-073 service=scheduler level=INFO namespace=monitoring pod=trainer-a861b6 event=probe_ok gpu_util=93
2026-07-13T01:20:06.345Z host=gpu-node-010 service=containerd level=INFO namespace=inference pod=trainer-04fbcd event=completed gpu_util=8
2026-07-13T01:20:57.903Z host=gpu-node-033 service=kubelet level=INFO namespace=inference pod=model-eval-aa5e10 event=started gpu_util=35
2026-07-13T01:22:11.485Z host=gpu-node-018 service=scheduler level=INFO namespace=training pod=model-eval-52bbc3 event=image_present gpu_util=29
2026-07-13T01:23:15.557Z host=gpu-node-096 service=nvidia-dcgm level=INFO namespace=training pod=node-exporter-ec2195 event=probe_ok gpu_util=33
2026-07-13T01:23:18.434Z host=gpu-node-021 service=containerd level=INFO namespace=training pod=model-eval-7592c5 event=image_present gpu_util=58
2026-07-13T01:24:03.553Z host=gpu-node-015 service=scheduler level=INFO namespace=training pod=node-exporter-01659d event=started gpu_util=98
2026-07-13T01:28:10.448Z host=eng-x12 service=auditd level=INFO user=deploybot repo=evaluation event=checkout status=success job=45472 trace=fe7c79f0fb728a
2026-07-13T01:28:12.441Z host=eng-x12 service=gitlab-runner level=INFO user=sre repo=safety-filters event=push status=success job=41952 trace=b27f637ada9bdb
2026-07-13T01:28:35.594Z host=gpu-node-114 service=kubelet level=INFO namespace=training pod=checkpoint-98d097 event=completed gpu_util=46
2026-07-13T01:28:50.652Z host=eng-x12 service=sshd level=INFO user=mchen repo=evaluation event=checkout status=success job=43622 trace=78e293c4dd5e05
2026-07-13T01:28:55.125Z host=gpu-node-099 service=containerd level=INFO namespace=training pod=node-exporter-2b0cb6 event=started gpu_util=22
2026-07-13T01:29:09.558Z host=eng-x12 service=gitlab-runner level=INFO user=builder repo=safety-filters event=push status=success job=45584 trace=6f48d8f2458b0f
2026-07-13T01:31:04.058Z host=eng-x12 service=gitlab-runner level=INFO user=mchen repo=safety-filters event=push status=success job=41870 trace=d472f0155a80f7
2026-07-13T01:33:28.289Z host=gpu-node-091 service=kubelet level=INFO namespace=monitoring pod=model-eval-7049d1 event=started gpu_util=96
2026-07-13T01:33:40.246Z host=eng-x12 service=gitlab-runner level=INFO user=builder repo=safety-filters event=build status=success job=45260 trace=45e90dc498d2d1
2026-07-13T01:34:06.280Z host=gpu-node-017 service=scheduler level=INFO namespace=training pod=trainer-589661 event=probe_ok gpu_util=83
2026-07-13T01:35:41.639Z host=eng-x12 service=dockerd level=INFO user=sre repo=api-gateway event=build status=success job=45993 trace=b6c05f8fe66174
2026-07-13T01:36:15.803Z host=eng-x12 service=dockerd level=INFO user=mchen repo=api-gateway event=push status=success job=41584 trace=b89e2f8b974ba1
2026-07-13T01:39:51.884Z host=eng-x12 service=gitlab-runner level=INFO user=sre repo=infra-charts event=checkout status=success job=42621 trace=5445922cd9dbc9
2026-07-13T01:40:44.793Z host=gpu-node-075 service=nvidia-dcgm level=INFO namespace=training pod=checkpoint-7ab789 event=probe_ok gpu_util=32
2026-07-13T01:42:12.181Z host=gpu-node-054 service=containerd level=INFO namespace=monitoring pod=trainer-b9ff74 event=completed gpu_util=51
2026-07-13T01:42:23.579Z host=eng-x12 service=dockerd level=INFO user=mchen repo=model-runtime event=checkout status=success job=41929 trace=db70794543c435
2026-07-13T01:42:38.790Z host=gpu-node-094 service=kubelet level=INFO namespace=training pod=node-exporter-498d5b event=image_present gpu_util=40
2026-07-13T01:42:54.935Z host=gpu-node-076 service=scheduler level=INFO namespace=inference pod=model-eval-f1e894 event=started gpu_util=5
2026-07-13T01:42:56.666Z host=eng-x12 service=sshd level=INFO user=builder repo=api-gateway event=fetch status=success job=47179 trace=41ec8f6b9d2d0f
2026-07-13T01:45:06.701Z host=eng-x12 service=auditd level=INFO user=sre repo=safety-filters event=push status=success job=41254 trace=c5ffe9bd335460
2026-07-13T01:46:44.864Z host=gpu-node-033 service=kubelet level=INFO namespace=training pod=model-eval-687ee9 event=completed gpu_util=85
2026-07-13T01:48:27.054Z host=gpu-node-074 service=nvidia-dcgm level=INFO namespace=inference pod=trainer-eece2c event=started gpu_util=91
2026-07-13T01:48:33.485Z host=gpu-node-001 service=scheduler level=INFO namespace=monitoring pod=checkpoint-01f637 event=probe_ok gpu_util=54
2026-07-13T01:50:32.096Z host=gpu-node-003 service=nvidia-dcgm level=INFO namespace=inference pod=trainer-8fce4e event=image_present gpu_util=30
2026-07-13T01:50:51.192Z host=gpu-node-072 service=kubelet level=INFO namespace=inference pod=trainer-5c33ef event=probe_ok gpu_util=61
2026-07-13T01:54:40.441Z host=eng-x12 service=auditd level=INFO user=mchen repo=infra-charts event=push status=success job=46626 trace=86b288e6e53395
2026-07-13T01:55:12.737Z host=eng-x12 service=sshd level=INFO user=deploybot repo=infra-charts event=session_close status=success job=41101 trace=5a80cf61d05a6a
2026-07-13T01:55:38.592Z host=gpu-node-011 service=kubelet level=INFO namespace=inference pod=node-exporter-2b9c25 event=image_present gpu_util=84
2026-07-13T01:55:41.819Z host=eng-x12 service=gitlab-runner level=INFO user=builder repo=evaluation event=checkout status=success job=42720 trace=c6f166ad5bd594
2026-07-13T01:57:20.550Z host=gpu-node-077 service=nvidia-dcgm level=INFO namespace=training pod=trainer-5a601d event=completed gpu_util=57
2026-07-13T01:58:32.505Z host=eng-x12 service=gitlab-runner level=INFO user=builder repo=model-runtime event=push status=success job=44673 trace=6691e83a9733b2
2026-07-13T01:59:10.779Z host=gpu-node-091 service=scheduler level=INFO namespace=monitoring pod=checkpoint-56de50 event=started gpu_util=88
2026-07-13T02:01:12.583Z host=gpu-node-058 service=kubelet level=INFO namespace=training pod=checkpoint-850a1e event=image_present gpu_util=89
2026-07-13T02:02:21.439Z host=gpu-node-044 service=scheduler level=INFO namespace=inference pod=checkpoint-0e5d55 event=started gpu_util=28
2026-07-13T02:03:44.607Z host=gpu-node-004 service=scheduler level=INFO namespace=monitoring pod=model-eval-cb2ecf event=probe_ok gpu_util=53
2026-07-13T02:04:08.252Z host=gpu-node-076 service=containerd level=INFO namespace=inference pod=checkpoint-56e58b event=completed gpu_util=89
2026-07-13T02:06:02.435Z host=gpu-node-046 service=containerd level=INFO namespace=inference pod=model-eval-8cfdea event=probe_ok gpu_util=81
2026-07-13T02:06:16.779Z host=gpu-node-003 service=kubelet level=INFO namespace=inference pod=node-exporter-8bf093 event=probe_ok gpu_util=45
2026-07-13T02:10:45.340Z host=eng-x12 service=auditd level=INFO user=builder repo=infra-charts event=checkout status=success job=44506 trace=7b433fadc19027
2026-07-13T02:12:48.987Z host=eng-x12 service=dockerd level=INFO user=deploybot repo=evaluation event=session_close status=success job=41295 trace=4a1eb594e76383
2026-07-13T02:13:14.434Z host=eng-x12 service=auditd level=INFO user=builder repo=api-gateway event=push status=success job=48122 trace=c55d7eaab18175
2026-07-13T02:14:42.664Z host=gpu-node-084 service=containerd level=INFO namespace=monitoring pod=model-eval-647860 event=completed gpu_util=86
2026-07-13T02:15:44.949Z host=eng-x12 service=sshd level=INFO user=deploybot repo=evaluation event=session_close status=success job=48900 trace=d02175fbfc9895
2026-07-13T02:17:12.274Z host=gpu-node-085 service=kubelet level=INFO namespace=training pod=checkpoint-88fbfb event=started gpu_util=25
2026-07-13T02:18:53.832Z host=gpu-node-077 service=kubelet level=INFO namespace=training pod=trainer-003d93 event=started gpu_util=60
2026-07-13T02:19:40.151Z host=eng-x12 service=sshd level=INFO user=deploybot repo=safety-filters event=checkout status=success job=42791 trace=ac1b474decd5a0
2026-07-13T02:19:52.940Z host=eng-x12 service=dockerd level=INFO user=deploybot repo=evaluation event=fetch status=success job=46100 trace=9d063dd8ed5d48
2026-07-13T02:22:41.751Z host=gpu-node-061 service=nvidia-dcgm level=INFO namespace=training pod=trainer-3f2e3f event=image_present gpu_util=71
2026-07-13T02:23:11.024Z host=gpu-node-063 service=containerd level=INFO namespace=training pod=node-exporter-514a6d event=probe_ok gpu_util=52
2026-07-13T02:23:44.648Z host=eng-x12 service=sshd level=INFO user=mchen repo=safety-filters event=session_close status=success job=44347 trace=e22bd28803144d
2026-07-13T02:24:07.973Z host=gpu-node-095 service=scheduler level=INFO namespace=monitoring pod=model-eval-24f355 event=image_present gpu_util=15
2026-07-13T02:24:59.142Z host=gpu-node-065 service=kubelet level=INFO namespace=training pod=model-eval-42b37b event=probe_ok gpu_util=95
2026-07-13T02:24:59.188Z host=eng-x12 service=dockerd level=INFO user=deploybot repo=evaluation event=checkout status=success job=42814 trace=b1b5d3d0c762d5
2026-07-13T02:25:11.806Z host=eng-x12 service=sshd level=INFO user=mchen repo=api-gateway event=checkout status=success job=48947 trace=b05f3a99d6b059
2026-07-13T02:25:26.409Z host=eng-x12 service=auditd level=INFO user=mchen repo=infra-charts event=build status=success job=42101 trace=a8efb50eb6e72a
2026-07-13T02:26:17.674Z host=gpu-node-063 service=nvidia-dcgm level=INFO namespace=inference pod=checkpoint-95a662 event=image_present gpu_util=39
2026-07-13T02:27:05.670Z host=gpu-node-122 service=nvidia-dcgm level=INFO namespace=training pod=checkpoint-ff46d9 event=started gpu_util=0
2026-07-13T02:27:11.723Z host=eng-x12 service=auditd level=INFO user=builder repo=infra-charts event=checkout status=success job=47563 trace=99cff56a3a2931
2026-07-13T02:27:56.326Z host=gpu-node-034 service=kubelet level=INFO namespace=training pod=checkpoint-411286 event=completed gpu_util=61
2026-07-13T02:29:17.937Z host=eng-x12 service=gitlab-runner level=INFO user=sre repo=infra-charts event=build status=success job=42411 trace=3df9e3dfa8b6d8
2026-07-13T02:30:41.440Z host=eng-x12 service=auditd level=INFO user=builder repo=api-gateway event=session_close status=success job=45280 trace=3203134fc84086
2026-07-13T02:31:12.776Z host=gpu-node-066 service=kubelet level=INFO namespace=monitoring pod=trainer-ad06f9 event=started gpu_util=52
2026-07-13T02:32:49.893Z host=eng-x12 service=auditd level=INFO user=mchen repo=safety-filters event=session_close status=success job=45427 trace=b9ef3e4da497a6
2026-07-13T02:33:25.118Z host=eng-x12 service=gitlab-runner level=INFO user=builder repo=model-runtime event=checkout status=success job=44077 trace=c0b74702db89d4
2026-07-13T02:34:01.992Z host=gpu-node-030 service=nvidia-dcgm level=INFO namespace=monitoring pod=node-exporter-329796 event=completed gpu_util=73
2026-07-13T02:34:19.874Z host=eng-x12 service=auditd level=INFO user=deploybot repo=api-gateway event=build status=success job=41364 trace=397f4a6d2195b3
2026-07-13T02:34:42.659Z host=eng-x12 service=dockerd level=INFO user=builder repo=safety-filters event=checkout status=success job=48085 trace=bc693db6d866a6
2026-07-13T02:35:44.802Z host=gpu-node-056 service=scheduler level=INFO namespace=training pod=checkpoint-25abb3 event=probe_ok gpu_util=61
2026-07-13T02:35:56.117Z host=gpu-node-085 service=containerd level=INFO namespace=training pod=model-eval-ff4f4c event=started gpu_util=65
2026-07-13T02:36:26.223Z host=gpu-node-122 service=scheduler level=INFO namespace=training pod=checkpoint-168bed event=probe_ok gpu_util=95
2026-07-13T02:36:27.492Z host=eng-x12 service=sshd level=INFO user=builder repo=infra-charts event=checkout status=success job=46124 trace=cdf27593d1c918
2026-07-13T02:36:50.977Z host=eng-x12 service=dockerd level=INFO user=mchen repo=safety-filters event=checkout status=success job=42827 trace=e5ff012e47efd7
2026-07-13T02:37:46.768Z host=eng-x12 service=dockerd level=INFO user=deploybot repo=model-runtime event=build status=success job=47606 trace=8ce1c4a24f1465
2026-07-13T02:38:55.070Z host=eng-x12 service=gitlab-runner level=INFO user=builder repo=safety-filters event=push status=success job=48973 trace=1a8b6a4f3974ba
2026-07-13T02:40:52.776Z host=eng-x12 service=sshd level=INFO user=mchen repo=infra-charts event=session_close status=success job=44037 trace=f034cc80016bea
2026-07-13T02:41:34.588Z host=gpu-node-019 service=kubelet level=INFO namespace=inference pod=model-eval-7d0c27 event=started gpu_util=41
2026-07-13T02:43:00.742Z host=gpu-node-024 service=kubelet level=INFO namespace=training pod=model-eval-0f9496 event=probe_ok gpu_util=72
2026-07-13T02:43:11.966Z host=gpu-node-058 service=scheduler level=INFO namespace=inference pod=node-exporter-9ead8b event=probe_ok gpu_util=10
2026-07-13T02:43:37.106Z host=eng-x12 service=sshd level=INFO user=mchen repo=safety-filters event=build status=success job=41318 trace=37563e1ba40a54
2026-07-13T02:44:48.828Z host=eng-x12 service=gitlab-runner level=INFO user=deploybot repo=safety-filters event=checkout status=success job=48580 trace=ccefec532a81ad
2026-07-13T02:45:40.658Z host=gpu-node-014 service=scheduler level=INFO namespace=training pod=trainer-de8a6d event=started gpu_util=85
2026-07-13T02:46:51.886Z host=eng-x12 service=gitlab-runner level=INFO user=deploybot repo=api-gateway event=push status=success job=47266 trace=752dc084f127ac
2026-07-13T02:47:35.832Z host=gpu-node-073 service=scheduler level=INFO namespace=inference pod=model-eval-aa3ffb event=image_present gpu_util=14
2026-07-13T02:50:27.874Z host=eng-x12 service=auditd level=INFO user=sre repo=evaluation event=push status=success job=45359 trace=68cbb0b4223a73
2026-07-13T02:55:52.798Z host=eng-x12 service=sshd level=INFO user=deploybot repo=infra-charts event=checkout status=success job=41249 trace=8274fea25c494f
2026-07-13T02:56:13.676Z host=gpu-node-101 service=scheduler level=INFO namespace=monitoring pod=trainer-f117cc event=probe_ok gpu_util=18
2026-07-13T02:56:27.295Z host=gpu-node-112 service=kubelet level=INFO namespace=monitoring pod=model-eval-597733 event=completed gpu_util=8
2026-07-13T02:57:06.153Z host=eng-x12 service=auditd level=INFO user=builder repo=infra-charts event=checkout status=success job=46297 trace=cf969e6589d685
2026-07-13T02:57:54.783Z host=eng-x12 service=gitlab-runner level=INFO user=sre repo=evaluation event=fetch status=success job=44511 trace=f2847d40553c0a
2026-07-13T02:58:01.567Z host=eng-x12 service=dockerd level=INFO user=builder repo=model-runtime event=fetch status=success job=45397 trace=a5016d519a3926
2026-07-13T02:58:38.814Z host=eng-x12 service=auditd level=INFO user=deploybot repo=safety-filters event=fetch status=success job=45708 trace=dacd5f4b9ff130
2026-07-13T02:58:52.634Z host=gpu-node-010 service=containerd level=INFO namespace=inference pod=checkpoint-10e716 event=image_present gpu_util=69
2026-07-13T02:59:27.330Z host=gpu-node-057 service=nvidia-dcgm level=INFO namespace=inference pod=checkpoint-4a2b16 event=probe_ok gpu_util=28
2026-07-13T03:01:32.864Z host=gpu-node-021 service=scheduler level=INFO namespace=inference pod=model-eval-534f76 event=started gpu_util=93
2026-07-13T03:04:02.626Z host=gpu-node-015 service=containerd level=INFO namespace=monitoring pod=checkpoint-072dc6 event=image_present gpu_util=97
2026-07-13T03:05:03.774Z host=eng-x12 service=dockerd level=INFO user=mchen repo=safety-filters event=checkout status=success job=47564 trace=92c9f32395d98e
2026-07-13T03:05:29.845Z host=gpu-node-020 service=kubelet level=INFO namespace=inference pod=model-eval-58d19c event=probe_ok gpu_util=6
2026-07-13T03:06:40.992Z host=eng-x12 service=gitlab-runner level=INFO user=mchen repo=safety-filters event=fetch status=success job=46099 trace=a5292723780800
2026-07-13T03:06:41.987Z host=gpu-node-108 service=scheduler level=INFO namespace=monitoring pod=checkpoint-7b004e event=completed gpu_util=32
2026-07-13T03:09:38.693Z host=eng-x12 service=dockerd level=INFO user=mchen repo=model-runtime event=push status=success job=48704 trace=d852c1da5feb30
2026-07-13T03:10:34.371Z host=gpu-node-074 service=nvidia-dcgm level=INFO namespace=inference pod=checkpoint-648dd1 event=probe_ok gpu_util=68
2026-07-13T03:10:57.052Z host=gpu-node-078 service=containerd level=INFO namespace=inference pod=model-eval-415246 event=probe_ok gpu_util=77
2026-07-13T03:12:26.406Z host=eng-x12 service=sshd level=INFO user=deploybot repo=evaluation event=push status=success job=44812 trace=a76ab9fdd3a125
2026-07-13T03:13:40.203Z host=gpu-node-004 service=scheduler level=INFO namespace=inference pod=checkpoint-d1bde4 event=completed gpu_util=13
2026-07-13T03:13:52.561Z host=gpu-node-002 service=nvidia-dcgm level=INFO namespace=monitoring pod=trainer-733042 event=started gpu_util=27
2026-07-13T03:14:56.080Z host=eng-x12 service=gitlab-runner level=INFO user=sre repo=api-gateway event=fetch status=success job=42016 trace=c0956bc294b835
2026-07-13T03:14:58.029Z host=gpu-node-056 service=containerd level=INFO namespace=monitoring pod=node-exporter-ec9d30 event=started gpu_util=72
2026-07-13T03:18:14.846Z host=eng-x12 service=auditd level=INFO user=mchen repo=infra-charts event=push status=success job=45152 trace=795a74de20ea23
2026-07-13T03:19:13.063Z host=gpu-node-099 service=kubelet level=INFO namespace=training pod=checkpoint-89b15e event=completed gpu_util=65
2026-07-13T03:20:30.058Z host=eng-x12 service=auditd level=INFO user=builder repo=safety-filters event=session_close status=success job=44037 trace=73db07379a7893
2026-07-13T03:20:54.002Z host=eng-x12 service=gitlab-runner level=INFO user=deploybot repo=infra-charts event=push status=success job=43618 trace=7780e4b79ef429
2026-07-13T03:21:53.070Z host=eng-x12 service=auditd level=INFO user=mchen repo=api-gateway event=fetch status=success job=48213 trace=b1162196ba9831
2026-07-13T03:22:02.841Z host=gpu-node-112 service=nvidia-dcgm level=INFO namespace=training pod=node-exporter-a88cd6 event=started gpu_util=24
2026-07-13T03:22:09.223Z host=eng-x12 service=sshd level=INFO user=mchen repo=evaluation event=fetch status=success job=45814 trace=953866357193d4
2026-07-13T03:22:12.355Z host=gpu-node-028 service=kubelet level=INFO namespace=training pod=node-exporter-270019 event=image_present gpu_util=74
2026-07-13T03:22:13.857Z host=eng-x12 service=dockerd level=INFO user=mchen repo=api-gateway event=push status=success job=43403 trace=2f3bbae1955485
2026-07-13T03:22:24.116Z host=eng-x12 service=dockerd level=INFO user=deploybot repo=infra-charts event=build status=success job=44316 trace=053823a83d78da
2026-07-13T03:22:27.953Z host=gpu-node-046 service=scheduler level=INFO namespace=training pod=checkpoint-a9e931 event=completed gpu_util=62
2026-07-13T03:22:46.677Z host=eng-x12 service=auditd level=INFO user=sre repo=evaluation event=fetch status=success job=42475 trace=806ccdab0ede90
2026-07-13T03:23:30.143Z host=eng-x12 service=gitlab-runner level=INFO user=mchen repo=safety-filters event=build status=success job=43186 trace=71844ae20728db
2026-07-13T03:25:27.003Z host=gpu-node-015 service=scheduler level=INFO namespace=inference pod=trainer-de4c48 event=image_present gpu_util=4
2026-07-13T03:26:08.725Z host=eng-x12 service=gitlab-runner level=INFO user=sre repo=infra-charts event=fetch status=success job=48696 trace=3573b38bbcb91b
2026-07-13T03:27:15.243Z host=eng-x12 service=auditd level=INFO user=mchen repo=infra-charts event=fetch status=success job=46438 trace=9fe6732b4c361d
2026-07-13T03:27:24.721Z host=eng-x12 service=dockerd level=INFO user=deploybot repo=evaluation event=build status=success job=45704 trace=442c13734fe14a
2026-07-13T03:30:55.302Z host=eng-x12 service=dockerd level=INFO user=sre repo=safety-filters event=push status=success job=48089 trace=7a1524a53c20f2
2026-07-13T03:31:24.764Z host=eng-x12 service=sshd level=INFO user=deploybot repo=infra-charts event=push status=success job=42080 trace=ff2ae66fd7c78f
2026-07-13T03:32:49.317Z host=gpu-node-080 service=nvidia-dcgm level=INFO namespace=monitoring pod=node-exporter-4578e2 event=started gpu_util=5
2026-07-13T03:33:30.157Z host=gpu-node-115 service=containerd level=INFO namespace=training pod=trainer-e9a1fd event=image_present gpu_util=41
2026-07-13T03:37:43.441Z host=gpu-node-018 service=containerd level=INFO namespace=monitoring pod=model-eval-e8269c event=image_present gpu_util=70
2026-07-13T03:37:49.448Z host=gpu-node-003 service=scheduler level=INFO namespace=inference pod=checkpoint-70e500 event=image_present gpu_util=38
2026-07-13T03:38:23.426Z host=gpu-node-117 service=scheduler level=INFO namespace=inference pod=trainer-a3c7f3 event=image_present gpu_util=9
2026-07-13T03:39:40.416Z host=eng-x12 service=dockerd level=INFO user=deploybot repo=infra-charts event=fetch status=success job=42782 trace=69c30b30c084a7
2026-07-13T03:39:43.879Z host=eng-x12 service=dockerd level=INFO user=deploybot repo=infra-charts event=build status=success job=41630 trace=ddb48c4dc8404a
2026-07-13T03:41:18.647Z host=gpu-node-094 service=nvidia-dcgm level=INFO namespace=training pod=trainer-5f1763 event=image_present gpu_util=84
2026-07-13T03:48:17.045Z host=eng-x12 service=dockerd level=INFO user=builder repo=model-runtime event=fetch status=success job=41097 trace=7e3cfc89249b6f
2026-07-13T03:48:59.215Z host=eng-x12 service=dockerd level=INFO user=sre repo=api-gateway event=push status=success job=48848 trace=05448888c4817c
2026-07-13T03:49:37.522Z host=eng-x12 service=dockerd level=INFO user=builder repo=api-gateway event=fetch status=success job=48809 trace=c1403d2bd25493
2026-07-13T03:50:49.087Z host=eng-x12 service=sshd level=INFO user=sre repo=infra-charts event=push status=success job=41937 trace=e5419d24ade68d
2026-07-13T03:51:47.691Z host=gpu-node-047 service=scheduler level=INFO namespace=monitoring pod=model-eval-dbc8e2 event=started gpu_util=46
2026-07-13T03:53:37.984Z host=gpu-node-013 service=containerd level=INFO namespace=training pod=node-exporter-faac9b event=probe_ok gpu_util=40
2026-07-13T03:53:47.441Z host=eng-x12 service=dockerd level=INFO user=sre repo=infra-charts event=build status=success job=41174 trace=19503b7a7a1457
2026-07-13T03:54:28.348Z host=gpu-node-078 service=containerd level=INFO namespace=monitoring pod=checkpoint-887446 event=image_present gpu_util=31
2026-07-13T03:55:25.078Z host=gpu-node-093 service=nvidia-dcgm level=INFO namespace=monitoring pod=model-eval-c70ce2 event=image_present gpu_util=66
2026-07-13T03:56:14.360Z host=gpu-node-040 service=kubelet level=INFO namespace=inference pod=node-exporter-c3bb19 event=started gpu_util=46
2026-07-13T03:58:37.474Z host=eng-x12 service=sshd level=INFO user=deploybot repo=evaluation event=checkout status=success job=45979 trace=f8917d02ac9488
2026-07-13T03:59:55.859Z host=gpu-node-055 service=containerd level=INFO namespace=inference pod=node-exporter-ec6fa0 event=probe_ok gpu_util=37
2026-07-13T04:00:26.941Z host=eng-x12 service=auditd level=INFO user=builder repo=model-runtime event=checkout status=success job=47005 trace=28e626f6a5ed2e
2026-07-13T04:01:28.868Z host=eng-x12 service=dockerd level=INFO user=builder repo=model-runtime event=build status=success job=47978 trace=d864a64c02abc5
2026-07-13T04:03:13.779Z host=eng-x12 service=auditd level=INFO user=builder repo=infra-charts event=fetch status=success job=44665 trace=52e46cfcdcdb34
2026-07-13T04:04:55.487Z host=gpu-node-031 service=nvidia-dcgm level=INFO namespace=monitoring pod=checkpoint-4d1e27 event=started gpu_util=31
2026-07-13T04:05:13.390Z host=gpu-node-044 service=kubelet level=INFO namespace=monitoring pod=node-exporter-aa564c event=probe_ok gpu_util=59
2026-07-13T04:06:26.229Z host=gpu-node-095 service=scheduler level=INFO namespace=monitoring pod=checkpoint-91c858 event=completed gpu_util=49
2026-07-13T04:07:02.354Z host=eng-x12 service=auditd level=INFO user=mchen repo=model-runtime event=session_close status=success job=46614 trace=39e60506db3753
2026-07-13T04:07:02.691Z host=gpu-node-092 service=scheduler level=INFO namespace=monitoring pod=trainer-8b6494 event=image_present gpu_util=74
2026-07-13T04:07:02.882Z host=eng-x12 service=auditd level=INFO user=mchen repo=evaluation event=checkout status=success job=43453 trace=0d7d350f511760
2026-07-13T04:08:02.902Z host=gpu-node-048 service=containerd level=INFO namespace=inference pod=checkpoint-dca901 event=completed gpu_util=18
2026-07-13T04:08:12.889Z host=eng-x12 service=sshd level=INFO user=deploybot repo=safety-filters event=checkout status=success job=41581 trace=8fb313babea011
2026-07-13T04:08:26.750Z host=gpu-node-015 service=kubelet level=INFO namespace=monitoring pod=node-exporter-405b39 event=image_present gpu_util=46
2026-07-13T04:09:28.406Z host=gpu-node-104 service=nvidia-dcgm level=INFO namespace=inference pod=model-eval-b5f093 event=started gpu_util=42
2026-07-13T04:11:02.903Z host=gpu-node-085 service=scheduler level=INFO namespace=inference pod=model-eval-63b79f event=started gpu_util=6
2026-07-13T04:12:50.081Z host=gpu-node-077 service=scheduler level=INFO namespace=training pod=model-eval-eb5964 event=probe_ok gpu_util=53
2026-07-13T04:14:39.047Z host=eng-x12 service=auditd level=INFO user=sre repo=model-runtime event=checkout status=success job=46409 trace=0b9bd4655f6de1
2026-07-13T04:15:13.060Z host=gpu-node-063 service=containerd level=INFO namespace=training pod=trainer-8088e3 event=started gpu_util=93
2026-07-13T04:17:36.140Z host=eng-x12 service=dockerd level=INFO user=sre repo=api-gateway event=fetch status=success job=41762 trace=c9ec864d1edde5
2026-07-13T04:17:40.959Z host=eng-x12 service=auditd level=INFO user=sre repo=api-gateway event=push status=success job=42736 trace=a1bd45835a0dc1
2026-07-13T04:17:54.556Z host=gpu-node-016 service=nvidia-dcgm level=INFO namespace=monitoring pod=trainer-7bed2f event=started gpu_util=17
2026-07-13T04:19:30.421Z host=gpu-node-035 service=nvidia-dcgm level=INFO namespace=inference pod=node-exporter-21996f event=image_present gpu_util=100
2026-07-13T04:23:09.243Z host=eng-x12 service=auditd level=INFO user=mchen repo=infra-charts event=checkout status=success job=46511 trace=e6c5900bcdd4a8
2026-07-13T04:23:25.642Z host=eng-x12 service=gitlab-runner level=INFO user=deploybot repo=model-runtime event=build status=success job=48803 trace=aca557b9464389
2026-07-13T04:23:57.889Z host=eng-x12 service=auditd level=INFO user=deploybot repo=api-gateway event=checkout status=success job=41845 trace=a2ba563d8a9d16
2026-07-13T04:24:06.147Z host=eng-x12 service=sshd level=INFO user=builder repo=model-runtime event=session_close status=success job=47509 trace=9d1657b5e58aee
2026-07-13T04:25:11.282Z host=gpu-node-046 service=kubelet level=INFO namespace=inference pod=trainer-b4ed14 event=image_present gpu_util=34
2026-07-13T04:26:29.486Z host=gpu-node-033 service=containerd level=INFO namespace=training pod=trainer-6612ad event=image_present gpu_util=16
2026-07-13T04:29:04.777Z host=eng-x12 service=dockerd level=INFO user=builder repo=model-runtime event=push status=success job=46271 trace=a2202f1f70456c
2026-07-13T04:29:12.716Z host=gpu-node-120 service=containerd level=INFO namespace=monitoring pod=trainer-24dadb event=completed gpu_util=45
2026-07-13T04:30:01.784Z host=gpu-node-055 service=kubelet level=INFO namespace=inference pod=checkpoint-16fc4c event=image_present gpu_util=38
2026-07-13T04:32:12.856Z host=gpu-node-017 service=scheduler level=INFO namespace=inference pod=trainer-f3a2e1 event=started gpu_util=50
2026-07-13T04:33:28.109Z host=gpu-node-007 service=kubelet level=INFO namespace=training pod=node-exporter-017519 event=probe_ok gpu_util=74
2026-07-13T04:33:43.271Z host=eng-x12 service=sshd level=INFO user=sre repo=safety-filters event=build status=success job=42757 trace=6edb4962dce6d0
2026-07-13T04:34:36.841Z host=gpu-node-059 service=scheduler level=INFO namespace=training pod=checkpoint-fd2d3e event=probe_ok gpu_util=88
2026-07-13T04:34:54.635Z host=gpu-node-076 service=nvidia-dcgm level=INFO namespace=monitoring pod=model-eval-06ca92 event=completed gpu_util=36
2026-07-13T04:37:01.210Z host=gpu-node-080 service=kubelet level=INFO namespace=training pod=checkpoint-52178a event=image_present gpu_util=1
2026-07-13T04:37:13.242Z host=gpu-node-041 service=scheduler level=INFO namespace=inference pod=model-eval-f24c62 event=completed gpu_util=87
2026-07-13T04:38:12.717Z host=gpu-node-020 service=scheduler level=INFO namespace=monitoring pod=model-eval-9898fd event=completed gpu_util=91
2026-07-13T04:38:15.158Z host=eng-x12 service=dockerd level=INFO user=builder repo=infra-charts event=build status=success job=42397 trace=171c494cc12e9c
2026-07-13T04:39:54.487Z host=eng-x12 service=sshd level=INFO user=builder repo=infra-charts event=fetch status=success job=44724 trace=1acd1e9fe14471
2026-07-13T04:42:05.413Z host=gpu-node-037 service=kubelet level=INFO namespace=training pod=checkpoint-db6416 event=image_present gpu_util=5
2026-07-13T04:42:31.421Z host=eng-x12 service=auditd level=INFO user=deploybot repo=api-gateway event=push status=success job=46668 trace=6ffb21fd8dd7af
2026-07-13T04:43:31.618Z host=eng-x12 service=dockerd level=INFO user=sre repo=api-gateway event=fetch status=success job=46764 trace=609b421e7518fa
2026-07-13T04:44:35.122Z host=gpu-node-113 service=containerd level=INFO namespace=inference pod=checkpoint-86a44a event=image_present gpu_util=21
2026-07-13T04:46:05.335Z host=eng-x12 service=auditd level=INFO user=sre repo=api-gateway event=session_close status=success job=43464 trace=5bd2bd68c96038
2026-07-13T04:47:27.672Z host=eng-x12 service=sshd level=INFO user=builder repo=model-runtime event=fetch status=success job=47251 trace=f73626e99ce688
2026-07-13T04:49:48.821Z host=gpu-node-110 service=scheduler level=INFO namespace=inference pod=node-exporter-c9b09e event=probe_ok gpu_util=46
2026-07-13T04:50:29.677Z host=gpu-node-033 service=containerd level=INFO namespace=inference pod=checkpoint-d70bdb event=started gpu_util=61
2026-07-13T04:52:27.471Z host=eng-x12 service=dockerd level=INFO user=mchen repo=api-gateway event=checkout status=success job=41484 trace=af393ea84d43e5
2026-07-13T04:53:19.402Z host=eng-x12 service=gitlab-runner level=INFO user=builder repo=infra-charts event=checkout status=success job=43745 trace=b20920b18ab86c
2026-07-13T04:53:47.100Z host=gpu-node-023 service=nvidia-dcgm level=INFO namespace=inference pod=trainer-21304b event=completed gpu_util=68
2026-07-13T04:54:33.856Z host=gpu-node-012 service=containerd level=INFO namespace=inference pod=node-exporter-2f3e67 event=completed gpu_util=100
2026-07-13T04:55:12.220Z host=gpu-node-082 service=scheduler level=INFO namespace=training pod=checkpoint-4fe3f0 event=probe_ok gpu_util=18
2026-07-13T04:55:21.949Z host=eng-x12 service=gitlab-runner level=INFO user=deploybot repo=api-gateway event=session_close status=success job=47152 trace=ab12667c0f6d34
2026-07-13T04:56:55.601Z host=eng-x12 service=auditd level=INFO user=mchen repo=model-runtime event=build status=success job=43169 trace=678609ec41b133
2026-07-13T04:58:30.736Z host=eng-x12 service=gitlab-runner level=INFO user=deploybot repo=safety-filters event=checkout status=success job=45955 trace=38b00918f3b662
2026-07-13T04:59:09.427Z host=gpu-node-026 service=containerd level=INFO namespace=inference pod=trainer-552686 event=probe_ok gpu_util=25
2026-07-13T04:59:28.419Z host=eng-x12 service=gitlab-runner level=INFO user=deploybot repo=evaluation event=checkout status=success job=42442 trace=f51306ddef9349
2026-07-13T05:00:08.653Z host=gpu-node-085 service=kubelet level=INFO namespace=training pod=checkpoint-2ea350 event=started gpu_util=11
2026-07-13T05:00:55.149Z host=eng-x12 service=gitlab-runner level=INFO user=builder repo=model-runtime event=fetch status=success job=41173 trace=384a56be9dd674
2026-07-13T05:01:24.371Z host=eng-x12 service=sshd level=INFO user=deploybot repo=evaluation event=session_close status=success job=48487 trace=79922418e5e270
2026-07-13T05:05:28.997Z host=eng-x12 service=gitlab-runner level=INFO user=builder repo=api-gateway event=build status=success job=41378 trace=0c44c39821031f
2026-07-13T05:06:32.942Z host=eng-x12 service=dockerd level=INFO user=deploybot repo=api-gateway event=push status=success job=45365 trace=6a85c4a46c24e8
2026-07-13T05:07:06.146Z host=gpu-node-019 service=nvidia-dcgm level=INFO namespace=monitoring pod=checkpoint-8c908c event=probe_ok gpu_util=41
2026-07-13T05:08:08.201Z host=gpu-node-007 service=nvidia-dcgm level=INFO namespace=training pod=node-exporter-e8d44c event=probe_ok gpu_util=36
2026-07-13T05:08:52.042Z host=gpu-node-026 service=nvidia-dcgm level=INFO namespace=inference pod=node-exporter-d6af49 event=image_present gpu_util=83
2026-07-13T05:08:57.614Z host=gpu-node-108 service=nvidia-dcgm level=INFO namespace=monitoring pod=trainer-a4cfeb event=probe_ok gpu_util=98
2026-07-13T05:09:57.332Z host=gpu-node-120 service=kubelet level=INFO namespace=inference pod=node-exporter-8973b1 event=image_present gpu_util=51
2026-07-13T05:11:33.889Z host=gpu-node-032 service=scheduler level=INFO namespace=training pod=checkpoint-dcc011 event=completed gpu_util=45
2026-07-13T05:12:07.277Z host=gpu-node-001 service=nvidia-dcgm level=INFO namespace=inference pod=node-exporter-105ef4 event=probe_ok gpu_util=51
2026-07-13T05:14:03.953Z host=eng-x12 service=auditd level=INFO user=deploybot repo=infra-charts event=push status=success job=46366 trace=1abe6e124a2c6a
2026-07-13T05:16:12.652Z host=eng-x12 service=sshd level=INFO user=sre repo=safety-filters event=session_close status=success job=41609 trace=66e6504ebeee39
2026-07-13T05:16:12.932Z host=gpu-node-044 service=containerd level=INFO namespace=monitoring pod=model-eval-4d6740 event=completed gpu_util=35
2026-07-13T05:18:33.272Z host=eng-x12 service=sshd level=INFO user=sre repo=infra-charts event=session_close status=success job=48410 trace=a50575bb9b17db
2026-07-13T05:19:14.349Z host=eng-x12 service=gitlab-runner level=INFO user=deploybot repo=api-gateway event=build status=success job=41738 trace=0842504aa5bd28
2026-07-13T05:21:15.550Z host=gpu-node-028 service=scheduler level=INFO namespace=monitoring pod=trainer-def379 event=completed gpu_util=83
2026-07-13T05:21:45.379Z host=gpu-node-069 service=kubelet level=INFO namespace=training pod=checkpoint-7c9d78 event=completed gpu_util=75
2026-07-13T05:22:05.143Z host=gpu-node-087 service=containerd level=INFO namespace=training pod=checkpoint-e1467c event=image_present gpu_util=34
2026-07-13T05:23:08.058Z host=gpu-node-087 service=kubelet level=INFO namespace=monitoring pod=model-eval-1d50ca event=completed gpu_util=20
2026-07-13T05:25:42.411Z host=eng-x12 service=sshd level=INFO user=builder repo=evaluation event=build status=success job=45165 trace=fac387a008bf65
2026-07-13T05:26:39.963Z host=eng-x12 service=gitlab-runner level=INFO user=mchen repo=api-gateway event=push status=success job=48635 trace=14f1820f74747a
2026-07-13T05:28:27.428Z host=gpu-node-031 service=kubelet level=INFO namespace=inference pod=model-eval-d93e96 event=probe_ok gpu_util=17
2026-07-13T05:30:48.823Z host=eng-x12 service=dockerd level=INFO user=builder repo=model-runtime event=push status=success job=47418 trace=181f906dc80c91
2026-07-13T05:31:47.343Z host=gpu-node-002 service=scheduler level=INFO namespace=training pod=model-eval-c809f3 event=image_present gpu_util=19
2026-07-13T05:33:07.042Z host=eng-x12 service=dockerd level=INFO user=mchen repo=infra-charts event=build status=success job=48843 trace=130725e1815a89
2026-07-13T05:35:12.018Z host=eng-x12 service=gitlab-runner level=INFO user=deploybot repo=safety-filters event=fetch status=success job=45639 trace=3cfc3426b376fa
2026-07-13T05:35:56.417Z host=eng-x12 service=sshd level=INFO user=builder repo=safety-filters event=checkout status=success job=48773 trace=8cc432cafdb3e7
2026-07-13T05:37:23.282Z host=eng-x12 service=sshd level=INFO user=builder repo=api-gateway event=build status=success job=44262 trace=37c9885d1b4d72
2026-07-13T05:38:39.550Z host=gpu-node-017 service=kubelet level=INFO namespace=training pod=node-exporter-fa0518 event=image_present gpu_util=54
2026-07-13T05:38:53.984Z host=eng-x12 service=sshd level=INFO user=mchen repo=evaluation event=build status=success job=48058 trace=b10098014cc039
2026-07-13T05:39:18.243Z host=eng-x12 service=sshd level=INFO user=mchen repo=safety-filters event=build status=success job=44421 trace=3469095f88944b
2026-07-13T05:40:24.601Z host=gpu-node-051 service=kubelet level=INFO namespace=training pod=trainer-1d91c2 event=completed gpu_util=10
2026-07-13T05:40:49.639Z host=eng-x12 service=dockerd level=INFO user=sre repo=safety-filters event=fetch status=success job=43261 trace=c46eb7d5769ce6
2026-07-13T05:42:29.444Z host=gpu-node-048 service=nvidia-dcgm level=INFO namespace=monitoring pod=model-eval-d978ac event=image_present gpu_util=36
2026-07-13T05:42:34.901Z host=eng-x12 service=sshd level=INFO user=sre repo=safety-filters event=checkout status=success job=41299 trace=20ca16d9bb7146
2026-07-13T05:42:40.556Z host=gpu-node-069 service=nvidia-dcgm level=INFO namespace=inference pod=node-exporter-4e6db9 event=started gpu_util=66
2026-07-13T05:42:54.379Z host=eng-x12 service=dockerd level=INFO user=mchen repo=infra-charts event=session_close status=success job=47953 trace=cec765f000615c
2026-07-13T05:45:00.713Z host=gpu-node-014 service=scheduler level=INFO namespace=training pod=node-exporter-8ff9fe event=probe_ok gpu_util=62
2026-07-13T05:46:25.969Z host=gpu-node-093 service=kubelet level=INFO namespace=monitoring pod=checkpoint-c376d5 event=completed gpu_util=56
2026-07-13T05:46:48.049Z host=eng-x12 service=dockerd level=INFO user=mchen repo=safety-filters event=checkout status=success job=42821 trace=8717d821c1a802
2026-07-13T05:48:10.729Z host=gpu-node-112 service=containerd level=INFO namespace=inference pod=checkpoint-102c23 event=image_present gpu_util=50
2026-07-13T05:48:15.119Z host=eng-x12 service=dockerd level=INFO user=builder repo=model-runtime event=checkout status=success job=42184 trace=6bf4146029514e
2026-07-13T05:49:04.166Z host=gpu-node-046 service=kubelet level=INFO namespace=training pod=checkpoint-6280ff event=image_present gpu_util=8
2026-07-13T05:49:43.163Z host=gpu-node-028 service=scheduler level=INFO namespace=monitoring pod=node-exporter-3af7e3 event=completed gpu_util=62
2026-07-13T05:49:57.657Z host=eng-x12 service=auditd level=INFO user=builder repo=infra-charts event=session_close status=success job=48051 trace=3644a1a43a7b41
2026-07-13T05:50:36.036Z host=gpu-node-033 service=containerd level=INFO namespace=monitoring pod=node-exporter-a135bf event=completed gpu_util=16
2026-07-13T05:54:46.485Z host=gpu-node-093 service=kubelet level=INFO namespace=training pod=node-exporter-6e96a6 event=started gpu_util=82
2026-07-13T05:56:29.013Z host=gpu-node-069 service=kubelet level=INFO namespace=monitoring pod=checkpoint-517f18 event=completed gpu_util=48
2026-07-13T05:57:02.573Z host=eng-x12 service=auditd level=INFO user=mchen repo=safety-filters event=fetch status=success job=46646 trace=8c3421872850bb
2026-07-13T05:57:51.607Z host=eng-x12 service=dockerd level=INFO user=mchen repo=safety-filters event=fetch status=success job=46498 trace=80bccb1396ed39
2026-07-13T05:58:42.241Z host=gpu-node-046 service=kubelet level=INFO namespace=training pod=checkpoint-87543f event=completed gpu_util=13
2026-07-13T05:59:21.294Z host=eng-x12 service=dockerd level=INFO user=deploybot repo=safety-filters event=session_close status=success job=43687 trace=44f3177cb63ae9
2026-07-13T05:59:35.983Z host=gpu-node-104 service=kubelet level=INFO namespace=inference pod=node-exporter-a89015 event=image_present gpu_util=76
2026-07-13T05:59:55.700Z host=gpu-node-096 service=containerd level=INFO namespace=inference pod=model-eval-87686c event=image_present gpu_util=46
2026-07-13T06:00:41.103Z host=gpu-node-024 service=containerd level=INFO namespace=inference pod=model-eval-3bad3b event=started gpu_util=23
2026-07-13T06:01:10.531Z host=gpu-node-069 service=nvidia-dcgm level=INFO namespace=training pod=trainer-0b2593 event=completed gpu_util=29
2026-07-13T06:01:14.156Z host=gpu-node-017 service=kubelet level=INFO namespace=inference pod=checkpoint-05dc87 event=probe_ok gpu_util=31
2026-07-13T06:01:30.662Z host=eng-x12 service=gitlab-runner level=INFO user=mchen repo=api-gateway event=checkout status=success job=45213 trace=6435d882800383
2026-07-13T06:03:06.931Z host=gpu-node-075 service=scheduler level=INFO namespace=inference pod=node-exporter-05b990 event=completed gpu_util=31
2026-07-13T06:04:21.014Z host=gpu-node-114 service=kubelet level=INFO namespace=training pod=node-exporter-eeee45 event=completed gpu_util=22
2026-07-13T06:04:48.714Z host=gpu-node-067 service=nvidia-dcgm level=INFO namespace=training pod=trainer-50cd35 event=completed gpu_util=24
2026-07-13T06:04:54.296Z host=gpu-node-088 service=containerd level=INFO namespace=monitoring pod=trainer-5df495 event=probe_ok gpu_util=19
2026-07-13T06:06:10.915Z host=gpu-node-033 service=kubelet level=INFO namespace=inference pod=checkpoint-2a2406 event=probe_ok gpu_util=89
2026-07-13T06:07:30.773Z host=gpu-node-114 service=kubelet level=INFO namespace=inference pod=node-exporter-3e42f2 event=completed gpu_util=91
2026-07-13T06:10:23.973Z host=eng-x12 service=gitlab-runner level=INFO user=mchen repo=infra-charts event=build status=success job=41249 trace=8434b57860a4f9
2026-07-13T06:11:01.552Z host=gpu-node-012 service=nvidia-dcgm level=INFO namespace=inference pod=model-eval-e9b20c event=image_present gpu_util=69
2026-07-13T06:11:33.882Z host=gpu-node-080 service=nvidia-dcgm level=INFO namespace=training pod=model-eval-e3286a event=completed gpu_util=100
2026-07-13T06:12:11.490Z host=eng-x12 service=sshd level=INFO user=mchen repo=model-runtime event=session_close status=success job=44174 trace=c4ea53721abc74
2026-07-13T06:13:08.524Z host=gpu-node-029 service=containerd level=INFO namespace=training pod=checkpoint-5ee76b event=image_present gpu_util=19
2026-07-13T06:14:52.109Z host=eng-x12 service=auditd level=INFO user=sre repo=safety-filters event=fetch status=success job=41480 trace=b9e43ef58aa447
2026-07-13T06:15:11.097Z host=gpu-node-044 service=scheduler level=INFO namespace=training pod=checkpoint-8ed72e event=probe_ok gpu_util=62
2026-07-13T06:15:23.808Z host=eng-x12 service=dockerd level=INFO user=mchen repo=model-runtime event=session_close status=success job=48257 trace=192ae07c8a7c63
2026-07-13T06:17:34.904Z host=gpu-node-041 service=scheduler level=INFO namespace=training pod=trainer-399d09 event=started gpu_util=35
2026-07-13T06:18:10.742Z host=eng-x12 service=sshd level=INFO user=builder repo=api-gateway event=session_close status=success job=45833 trace=647912dfd6a604
2026-07-13T06:19:58.875Z host=eng-x12 service=dockerd level=INFO user=mchen repo=safety-filters event=build status=success job=46392 trace=d88514b663b310
2026-07-13T06:20:33.537Z host=eng-x12 service=gitlab-runner level=INFO user=sre repo=safety-filters event=push status=success job=43169 trace=26432be9c14a16
2026-07-13T06:20:46.330Z host=eng-x12 service=gitlab-runner level=INFO user=builder repo=api-gateway event=session_close status=success job=48484 trace=395e9b0eb3f61b
2026-07-13T06:21:28.639Z host=gpu-node-031 service=containerd level=INFO namespace=training pod=node-exporter-7e410f event=completed gpu_util=36
2026-07-13T06:22:02.230Z host=gpu-node-016 service=nvidia-dcgm level=INFO namespace=monitoring pod=model-eval-823ee3 event=probe_ok gpu_util=30
2026-07-13T06:24:20.324Z host=eng-x12 service=gitlab-runner level=INFO user=sre repo=safety-filters event=push status=success job=45903 trace=b8af2365a45d0e
2026-07-13T06:27:18.916Z host=eng-x12 service=gitlab-runner level=INFO user=sre repo=api-gateway event=fetch status=success job=45915 trace=0e3071f9a16788
2026-07-13T06:28:19.685Z host=eng-x12 service=auditd level=INFO user=deploybot repo=safety-filters event=session_close status=success job=43579 trace=7f61dd53954307
2026-07-13T06:32:31.853Z host=eng-x12 service=auditd level=INFO user=deploybot repo=evaluation event=build status=success job=47034 trace=e440c1de6d0369
2026-07-13T06:32:46.345Z host=gpu-node-082 service=kubelet level=INFO namespace=training pod=node-exporter-56db1d event=image_present gpu_util=5
2026-07-13T06:36:35.801Z host=gpu-node-032 service=containerd level=INFO namespace=training pod=checkpoint-757e81 event=probe_ok gpu_util=93
2026-07-13T06:37:30.714Z host=eng-x12 service=auditd level=INFO user=builder repo=safety-filters event=build status=success job=45711 trace=482616d4a7d093
2026-07-13T06:38:02.722Z host=eng-x12 service=gitlab-runner level=INFO user=deploybot repo=api-gateway event=checkout status=success job=47570 trace=7a1400aa6a3ab7
2026-07-13T06:38:37.688Z host=eng-x12 service=auditd level=INFO user=builder repo=api-gateway event=push status=success job=48707 trace=d0b117dc93efc1
2026-07-13T06:39:58.672Z host=gpu-node-096 service=kubelet level=INFO namespace=monitoring pod=checkpoint-ed8d09 event=probe_ok gpu_util=43
2026-07-13T06:40:15.145Z host=eng-x12 service=sshd level=INFO user=builder repo=api-gateway event=fetch status=success job=43267 trace=c270063c2e19eb
2026-07-13T06:41:07.622Z host=eng-x12 service=sshd level=INFO user=deploybot repo=api-gateway event=push status=success job=43821 trace=dbf1d7e969ed2c
2026-07-13T06:41:14.474Z host=gpu-node-117 service=kubelet level=INFO namespace=monitoring pod=node-exporter-a901a3 event=completed gpu_util=62
2026-07-13T06:42:26.323Z host=eng-x12 service=auditd level=INFO user=deploybot repo=evaluation event=push status=success job=45551 trace=cbe5dd7924f475
2026-07-13T06:43:24.557Z host=gpu-node-019 service=kubelet level=INFO namespace=training pod=model-eval-a57e11 event=image_present gpu_util=50
2026-07-13T06:43:48.061Z host=eng-x12 service=dockerd level=INFO user=sre repo=infra-charts event=push status=success job=44712 trace=0dcd523a0c037d
2026-07-13T06:44:08.661Z host=gpu-node-007 service=nvidia-dcgm level=INFO namespace=monitoring pod=trainer-aa2536 event=probe_ok gpu_util=97
2026-07-13T06:45:03.014Z host=gpu-node-025 service=scheduler level=INFO namespace=monitoring pod=node-exporter-7a90da event=image_present gpu_util=39
2026-07-13T06:45:49.890Z host=eng-x12 service=gitlab-runner level=INFO user=builder repo=infra-charts event=checkout status=success job=46146 trace=e2983de5b0b6da
2026-07-13T06:47:24.979Z host=gpu-node-107 service=scheduler level=INFO namespace=inference pod=node-exporter-2b4ae6 event=completed gpu_util=82
2026-07-13T06:49:51.457Z host=gpu-node-106 service=nvidia-dcgm level=INFO namespace=training pod=checkpoint-2b0450 event=started gpu_util=41
2026-07-13T06:50:04.974Z host=gpu-node-093 service=containerd level=INFO namespace=inference pod=node-exporter-02d398 event=probe_ok gpu_util=55
2026-07-13T06:52:17.943Z host=eng-x12 service=auditd level=INFO user=mchen repo=safety-filters event=checkout status=success job=45462 trace=bd86ee9e3c14cc
2026-07-13T06:53:48.504Z host=eng-x12 service=dockerd level=INFO user=builder repo=infra-charts event=session_close status=success job=46760 trace=80ce1b3da09635
2026-07-13T06:58:52.750Z host=gpu-node-064 service=scheduler level=INFO namespace=monitoring pod=trainer-baafa2 event=image_present gpu_util=47
2026-07-13T07:01:12.843Z host=gpu-node-085 service=kubelet level=INFO namespace=monitoring pod=trainer-52815b event=probe_ok gpu_util=68
2026-07-13T07:01:58.171Z host=gpu-node-075 service=scheduler level=INFO namespace=monitoring pod=checkpoint-3828b5 event=started gpu_util=90
2026-07-13T07:02:51.546Z host=gpu-node-071 service=nvidia-dcgm level=INFO namespace=inference pod=node-exporter-4391d2 event=started gpu_util=97
2026-07-13T07:06:49.274Z host=eng-x12 service=auditd level=INFO user=deploybot repo=api-gateway event=session_close status=success job=42491 trace=4e91ef1f532896
2026-07-13T07:07:06.893Z host=gpu-node-072 service=nvidia-dcgm level=INFO namespace=monitoring pod=trainer-1ae839 event=probe_ok gpu_util=61
2026-07-13T07:07:16.640Z host=gpu-node-091 service=kubelet level=INFO namespace=inference pod=trainer-fa93c4 event=completed gpu_util=82
2026-07-13T07:08:05.788Z host=eng-x12 service=gitlab-runner level=INFO user=mchen repo=api-gateway event=fetch status=success job=45356 trace=0450ec99f38ea0
2026-07-13T07:08:42.207Z host=gpu-node-075 service=kubelet level=INFO namespace=inference pod=node-exporter-7bde1d event=started gpu_util=66
2026-07-13T07:09:37.651Z host=eng-x12 service=gitlab-runner level=INFO user=sre repo=evaluation event=session_close status=success job=47075 trace=c2d93d3c66973c
2026-07-13T07:09:59.348Z host=eng-x12 service=auditd level=INFO user=mchen repo=safety-filters event=session_close status=success job=46915 trace=9e2bbcbc557349
2026-07-13T07:10:10.539Z host=gpu-node-096 service=nvidia-dcgm level=INFO namespace=monitoring pod=checkpoint-659e40 event=started gpu_util=54
2026-07-13T07:10:17.167Z host=eng-x12 service=dockerd level=INFO user=deploybot repo=safety-filters event=session_close status=success job=43389 trace=07df688f649eaa
2026-07-13T07:10:21.622Z host=eng-x12 service=gitlab-runner level=INFO user=builder repo=evaluation event=checkout status=success job=43854 trace=29ea4b151401d1
2026-07-13T07:11:24.594Z host=eng-x12 service=auditd level=INFO user=mchen repo=api-gateway event=build status=success job=41813 trace=6a4c4a3bd3de40
2026-07-13T07:13:32.048Z host=eng-x12 service=auditd level=INFO user=deploybot repo=evaluation event=fetch status=success job=41983 trace=f4dbf260ae174d
2026-07-13T07:14:02.422Z host=gpu-node-026 service=scheduler level=INFO namespace=monitoring pod=checkpoint-976fc7 event=probe_ok gpu_util=60
2026-07-13T07:15:22.559Z host=eng-x12 service=sshd level=INFO user=builder repo=evaluation event=fetch status=success job=41402 trace=9453e9940a31fa
2026-07-13T07:15:32.950Z host=gpu-node-092 service=containerd level=INFO namespace=training pod=model-eval-874dcb event=completed gpu_util=36
2026-07-13T07:17:58.543Z host=eng-x12 service=auditd level=INFO user=mchen repo=model-runtime event=fetch status=success job=46787 trace=fc53d55788632a
2026-07-13T07:18:40.057Z host=gpu-node-059 service=kubelet level=INFO namespace=training pod=checkpoint-79049e event=image_present gpu_util=46
2026-07-13T07:20:36.352Z host=gpu-node-023 service=nvidia-dcgm level=INFO namespace=monitoring pod=trainer-6d00f6 event=probe_ok gpu_util=1
2026-07-13T07:20:45.449Z host=eng-x12 service=dockerd level=INFO user=mchen repo=infra-charts event=build status=success job=47154 trace=19a830cfbb8bad
2026-07-13T07:20:58.936Z host=gpu-node-023 service=scheduler level=INFO namespace=inference pod=trainer-929b0a event=probe_ok gpu_util=99
2026-07-13T07:23:11.192Z host=gpu-node-098 service=scheduler level=INFO namespace=training pod=trainer-00a062 event=started gpu_util=0
2026-07-13T07:23:13.661Z host=eng-x12 service=sshd level=INFO user=sre repo=evaluation event=build status=success job=46256 trace=b60c4ddbbc8a9a
2026-07-13T07:24:04.837Z host=gpu-node-051 service=containerd level=INFO namespace=inference pod=node-exporter-48b4bc event=started gpu_util=31
2026-07-13T07:28:42.480Z host=eng-x12 service=dockerd level=INFO user=sre repo=safety-filters event=push status=success job=43960 trace=e34c5e9f1e204e
2026-07-13T07:30:29.101Z host=eng-x12 service=auditd level=INFO user=mchen repo=api-gateway event=checkout status=success job=45630 trace=1900993999790e
2026-07-13T07:31:01.915Z host=gpu-node-089 service=nvidia-dcgm level=INFO namespace=monitoring pod=checkpoint-9d6124 event=started gpu_util=76
2026-07-13T07:31:03.350Z host=eng-x12 service=gitlab-runner level=INFO user=sre repo=infra-charts event=session_close status=success job=44551 trace=66198f31163697
2026-07-13T07:31:19.271Z host=gpu-node-121 service=nvidia-dcgm level=INFO namespace=monitoring pod=checkpoint-60dd50 event=completed gpu_util=85
2026-07-13T07:31:32.876Z host=eng-x12 service=gitlab-runner level=INFO user=sre repo=safety-filters event=build status=success job=48618 trace=7963879bd1cfd0
2026-07-13T07:36:04.000Z host=eng-x12 service=sshd level=INFO user=sre repo=evaluation event=checkout status=success job=42567 trace=1edc95cebaf300
2026-07-13T07:36:44.227Z host=gpu-node-059 service=kubelet level=INFO namespace=monitoring pod=trainer-437025 event=completed gpu_util=94
2026-07-13T07:38:55.351Z host=gpu-node-043 service=nvidia-dcgm level=INFO namespace=training pod=node-exporter-c64681 event=completed gpu_util=33
2026-07-13T07:39:54.524Z host=gpu-node-102 service=containerd level=INFO namespace=inference pod=trainer-76aa42 event=completed gpu_util=55
2026-07-13T07:41:35.570Z host=gpu-node-039 service=nvidia-dcgm level=INFO namespace=monitoring pod=node-exporter-e51522 event=image_present gpu_util=52
2026-07-13T07:42:03.554Z host=gpu-node-051 service=kubelet level=INFO namespace=monitoring pod=trainer-0fe358 event=completed gpu_util=90
2026-07-13T07:42:25.717Z host=gpu-node-113 service=containerd level=INFO namespace=training pod=trainer-9afd4d event=probe_ok gpu_util=3
2026-07-13T07:43:28.831Z host=eng-x12 service=sshd level=INFO user=sre repo=safety-filters event=checkout status=success job=43495 trace=ea8e40073cd291
2026-07-13T07:46:55.081Z host=gpu-node-013 service=containerd level=INFO namespace=training pod=trainer-6b3420 event=image_present gpu_util=94
2026-07-13T07:47:03.350Z host=gpu-node-088 service=nvidia-dcgm level=INFO namespace=inference pod=node-exporter-07c475 event=completed gpu_util=21
2026-07-13T07:47:47.810Z host=gpu-node-100 service=nvidia-dcgm level=INFO namespace=monitoring pod=checkpoint-867575 event=completed gpu_util=95
2026-07-13T07:48:02.589Z host=gpu-node-045 service=kubelet level=INFO namespace=inference pod=checkpoint-b326a0 event=probe_ok gpu_util=58
2026-07-13T07:49:05.390Z host=eng-x12 service=auditd level=INFO user=deploybot repo=evaluation event=checkout status=success job=43592 trace=b8eecad4dc0d2d
2026-07-13T07:49:16.781Z host=gpu-node-067 service=kubelet level=INFO namespace=inference pod=model-eval-6b130b event=completed gpu_util=4
2026-07-13T07:50:00.971Z host=gpu-node-022 service=scheduler level=INFO namespace=inference pod=model-eval-625e3e event=started gpu_util=50
2026-07-13T07:50:47.563Z host=gpu-node-066 service=containerd level=INFO namespace=monitoring pod=model-eval-db3c0f event=started gpu_util=11
2026-07-13T07:50:56.678Z host=eng-x12 service=sshd level=INFO user=builder repo=infra-charts event=push status=success job=46152 trace=372a10d0cf307c
2026-07-13T07:51:33.290Z host=eng-x12 service=gitlab-runner level=INFO user=deploybot repo=model-runtime event=fetch status=success job=41588 trace=3fc70e307f912c
2026-07-13T07:51:38.425Z host=eng-x12 service=gitlab-runner level=INFO user=sre repo=model-runtime event=build status=success job=41520 trace=26721e88ce2c54
2026-07-13T07:52:00.749Z host=gpu-node-119 service=kubelet level=INFO namespace=training pod=model-eval-3c6d75 event=image_present gpu_util=22
2026-07-13T07:52:38.045Z host=gpu-node-082 service=kubelet level=INFO namespace=monitoring pod=trainer-7f2df0 event=started gpu_util=15
2026-07-13T07:53:00.729Z host=gpu-node-067 service=kubelet level=INFO namespace=monitoring pod=model-eval-158595 event=completed gpu_util=38
2026-07-13T07:55:09.783Z host=gpu-node-126 service=containerd level=INFO namespace=training pod=trainer-aabff3 event=completed gpu_util=26
2026-07-13T07:56:36.739Z host=gpu-node-048 service=kubelet level=INFO namespace=training pod=checkpoint-93ae7d event=probe_ok gpu_util=23
2026-07-13T07:56:59.605Z host=eng-x12 service=gitlab-runner level=INFO user=mchen repo=evaluation event=checkout status=success job=45736 trace=6a8418987fc6b0
2026-07-13T07:57:10.196Z host=gpu-node-119 service=containerd level=INFO namespace=training pod=node-exporter-32bc00 event=image_present gpu_util=16
2026-07-13T08:00:03.245Z host=eng-x12 service=sshd level=INFO user=deploybot repo=api-gateway event=build status=success job=46153 trace=8d2b83fc201669
2026-07-13T08:00:44.923Z host=gpu-node-096 service=nvidia-dcgm level=INFO namespace=training pod=trainer-d6de50 event=image_present gpu_util=70
2026-07-13T08:00:49.073Z host=gpu-node-058 service=scheduler level=INFO namespace=inference pod=node-exporter-f421c9 event=started gpu_util=86
2026-07-13T08:03:18.096Z host=gpu-node-066 service=kubelet level=INFO namespace=training pod=node-exporter-3b420c event=started gpu_util=36
2026-07-13T08:03:36.483Z host=gpu-node-012 service=containerd level=INFO namespace=monitoring pod=trainer-5b26ff event=probe_ok gpu_util=48
2026-07-13T08:03:58.093Z host=eng-x12 service=gitlab-runner level=INFO user=mchen repo=safety-filters event=push status=success job=46995 trace=a600eda1eedad9
2026-07-13T08:04:50.051Z host=gpu-node-118 service=nvidia-dcgm level=INFO namespace=training pod=node-exporter-b637c9 event=started gpu_util=3
2026-07-13T08:05:09.896Z host=eng-x12 service=sshd level=INFO user=deploybot repo=api-gateway event=checkout status=success job=44475 trace=c82f05769c5127
2026-07-13T08:05:11.023Z host=eng-x12 service=auditd level=INFO user=sre repo=api-gateway event=push status=success job=46434 trace=9baf288c67a5a9
2026-07-13T08:07:10.237Z host=gpu-node-017 service=kubelet level=INFO namespace=training pod=trainer-10c546 event=completed gpu_util=49
2026-07-13T08:08:35.575Z host=gpu-node-031 service=nvidia-dcgm level=INFO namespace=monitoring pod=trainer-5d06a4 event=completed gpu_util=46
2026-07-13T08:09:43.711Z host=gpu-node-006 service=containerd level=INFO namespace=training pod=checkpoint-e2f7db event=probe_ok gpu_util=21
2026-07-13T08:11:00.366Z host=eng-x12 service=auditd level=INFO user=deploybot repo=model-runtime event=checkout status=success job=43763 trace=9076c340712f5f
2026-07-13T08:11:22.853Z host=eng-x12 service=sshd level=INFO user=builder repo=safety-filters event=push status=success job=41279 trace=c320feb65c146b
2026-07-13T08:11:47.869Z host=gpu-node-065 service=kubelet level=INFO namespace=training pod=trainer-91ef77 event=completed gpu_util=39
2026-07-13T08:12:07.696Z host=eng-x12 service=auditd level=INFO user=mchen repo=api-gateway event=push status=success job=48067 trace=934ec559bc23bd
2026-07-13T08:12:30.456Z host=gpu-node-062 service=nvidia-dcgm level=INFO namespace=inference pod=trainer-4e69c8 event=completed gpu_util=0
2026-07-13T08:14:21.433Z host=gpu-node-078 service=containerd level=INFO namespace=inference pod=checkpoint-0ee4be event=probe_ok gpu_util=36
2026-07-13T08:16:02.058Z host=gpu-node-054 service=scheduler level=INFO namespace=inference pod=model-eval-58d363 event=image_present gpu_util=8
2026-07-13T08:16:06.104Z host=gpu-node-034 service=scheduler level=INFO namespace=monitoring pod=trainer-2fa131 event=image_present gpu_util=11
2026-07-13T08:16:45.289Z host=eng-x12 service=gitlab-runner level=INFO user=mchen repo=model-runtime event=session_close status=success job=47644 trace=122c1b348b6b39
2026-07-13T08:18:15.420Z host=eng-x12 service=auditd level=INFO user=sre repo=model-runtime event=build status=success job=48492 trace=e6b89e4156209a
2026-07-13T08:19:17.060Z host=eng-x12 service=sshd level=INFO user=builder repo=safety-filters event=fetch status=success job=46307 trace=2b445b22cdea7e
2026-07-13T08:20:27.913Z host=eng-x12 service=gitlab-runner level=INFO user=sre repo=infra-charts event=session_close status=success job=47351 trace=1a3b1b35588b31
2026-07-13T08:23:26.308Z host=eng-x12 service=auditd level=INFO user=builder repo=infra-charts event=build status=success job=42952 trace=768dc1a43942e2
2026-07-13T08:23:55.013Z host=gpu-node-007 service=containerd level=INFO namespace=training pod=checkpoint-417485 event=completed gpu_util=26
2026-07-13T08:24:22.483Z host=gpu-node-033 service=containerd level=INFO namespace=training pod=model-eval-9b2188 event=started gpu_util=35
2026-07-13T08:24:59.448Z host=eng-x12 service=sshd level=INFO user=mchen repo=api-gateway event=checkout status=success job=44199 trace=ebd9ed5ee97917
2026-07-13T08:26:36.474Z host=eng-x12 service=sshd level=INFO user=mchen repo=safety-filters event=push status=success job=48360 trace=3bd85b450bde90
2026-07-13T08:28:05.907Z host=gpu-node-005 service=kubelet level=INFO namespace=monitoring pod=node-exporter-a146f1 event=image_present gpu_util=13
2026-07-13T08:29:59.598Z host=gpu-node-012 service=nvidia-dcgm level=INFO namespace=monitoring pod=checkpoint-a8c858 event=probe_ok gpu_util=87
2026-07-13T08:30:16.139Z host=eng-x12 service=sshd level=INFO user=builder repo=infra-charts event=build status=success job=44182 trace=b1f98b541ecd15
2026-07-13T08:30:16.766Z host=eng-x12 service=auditd level=INFO user=deploybot repo=infra-charts event=session_close status=success job=41608 trace=21405c1a3fc5ce
2026-07-13T08:31:17.417Z host=eng-x12 service=dockerd level=INFO user=sre repo=infra-charts event=checkout status=success job=42869 trace=d07f7b1e1b41ca
2026-07-13T08:31:26.524Z host=eng-x12 service=auditd level=INFO user=builder repo=evaluation event=fetch status=success job=43108 trace=120a76ce0dbb53
2026-07-13T08:37:46.686Z host=gpu-node-034 service=scheduler level=INFO namespace=monitoring pod=model-eval-127b6a event=probe_ok gpu_util=91
2026-07-13T08:38:02.211Z host=gpu-node-113 service=kubelet level=INFO namespace=training pod=model-eval-e1a56c event=started gpu_util=12
2026-07-13T08:38:52.371Z host=eng-x12 service=gitlab-runner level=INFO user=sre repo=model-runtime event=push status=success job=47977 trace=b002fb7ca61d77
2026-07-13T08:39:14.533Z host=gpu-node-121 service=containerd level=INFO namespace=training pod=model-eval-36e2fb event=image_present gpu_util=89
2026-07-13T08:41:05.963Z host=gpu-node-014 service=kubelet level=INFO namespace=inference pod=node-exporter-a58f85 event=probe_ok gpu_util=2
2026-07-13T08:42:49.029Z host=eng-x12 service=gitlab-runner level=INFO user=mchen repo=model-runtime event=build status=success job=44179 trace=5c2339aed3a463
2026-07-13T08:44:11.123Z host=eng-x12 service=sshd level=INFO user=deploybot repo=api-gateway event=build status=success job=47706 trace=d08c2b5b6a5344
2026-07-13T08:45:55.534Z host=gpu-node-114 service=containerd level=INFO namespace=inference pod=checkpoint-956533 event=completed gpu_util=0
2026-07-13T08:46:06.903Z host=eng-x12 service=auditd level=INFO user=mchen repo=api-gateway event=build status=success job=48401 trace=e7dc3b27a2fbf6
2026-07-13T08:46:31.373Z host=gpu-node-105 service=nvidia-dcgm level=INFO namespace=training pod=trainer-0c902d event=started gpu_util=80
2026-07-13T08:48:39.803Z host=gpu-node-052 service=scheduler level=INFO namespace=training pod=node-exporter-60b162 event=started gpu_util=49
2026-07-13T08:50:18.439Z host=gpu-node-093 service=nvidia-dcgm level=INFO namespace=inference pod=trainer-b81ead event=image_present gpu_util=13
2026-07-13T08:50:25.253Z host=gpu-node-075 service=nvidia-dcgm level=INFO namespace=training pod=model-eval-e386c9 event=started gpu_util=11
2026-07-13T08:50:34.608Z host=eng-x12 service=dockerd level=INFO user=builder repo=api-gateway event=fetch status=success job=44641 trace=37315c06297614
2026-07-13T08:51:13.773Z host=gpu-node-012 service=nvidia-dcgm level=INFO namespace=training pod=checkpoint-733b79 event=started gpu_util=2
2026-07-13T08:55:55.312Z host=gpu-node-094 service=containerd level=INFO namespace=inference pod=checkpoint-ee4ff3 event=started gpu_util=91
2026-07-13T08:58:35.056Z host=gpu-node-012 service=kubelet level=INFO namespace=inference pod=node-exporter-401e8a event=started gpu_util=67
2026-07-13T09:01:52.548Z host=gpu-node-041 service=nvidia-dcgm level=INFO namespace=training pod=checkpoint-3c6d19 event=started gpu_util=52
2026-07-13T09:01:55.606Z host=gpu-node-054 service=nvidia-dcgm level=INFO namespace=inference pod=model-eval-a0667e event=image_present gpu_util=0
2026-07-13T09:02:47.099Z host=gpu-node-055 service=nvidia-dcgm level=INFO namespace=inference pod=checkpoint-ecbdd7 event=image_present gpu_util=42
2026-07-13T09:04:37.718Z host=eng-x12 service=dockerd level=INFO user=mchen repo=api-gateway event=session_close status=success job=46706 trace=52090121ce70a8
2026-07-13T09:04:47.413Z host=eng-x12 service=sshd level=INFO user=sre repo=infra-charts event=fetch status=success job=46886 trace=59befe92a6ac68
2026-07-13T09:05:00.118Z host=eng-x12 service=auditd level=INFO user=mchen repo=infra-charts event=fetch status=success job=46305 trace=8cb1b3cf9c6f85
2026-07-13T09:05:05.715Z host=gpu-node-088 service=kubelet level=INFO namespace=training pod=model-eval-466f14 event=completed gpu_util=13
2026-07-13T09:07:59.748Z host=gpu-node-113 service=containerd level=INFO namespace=monitoring pod=node-exporter-b261c0 event=image_present gpu_util=95
2026-07-13T09:09:07.086Z host=eng-x12 service=dockerd level=INFO user=sre repo=api-gateway event=push status=success job=44528 trace=fc8e6b4f4fe29e
2026-07-13T09:09:57.863Z host=gpu-node-060 service=nvidia-dcgm level=INFO namespace=monitoring pod=node-exporter-4938f8 event=image_present gpu_util=24
2026-07-13T09:10:11.474Z host=eng-x12 service=dockerd level=INFO user=sre repo=evaluation event=push status=success job=41000 trace=7c30fce033959e
2026-07-13T09:13:18.737Z host=gpu-node-015 service=nvidia-dcgm level=INFO namespace=monitoring pod=model-eval-9a9974 event=completed gpu_util=69
2026-07-13T09:19:34.207Z host=eng-x12 service=gitlab-runner level=INFO user=sre repo=model-runtime event=build status=success job=42205 trace=9e8699a5a58582
2026-07-13T09:20:12.532Z host=gpu-node-055 service=kubelet level=INFO namespace=inference pod=model-eval-2a715b event=completed gpu_util=51
2026-07-13T09:23:44.107Z host=eng-x12 service=dockerd level=INFO user=mchen repo=api-gateway event=push status=success job=45386 trace=1741fdc491b67f
2026-07-13T09:34:37.186Z host=eng-x12 service=sshd level=INFO user=deploybot repo=safety-filters event=session_close status=success job=43246 trace=940de733c45d36
2026-07-13T09:34:46.072Z host=gpu-node-117 service=containerd level=INFO namespace=inference pod=node-exporter-2be2a8 event=started gpu_util=8
2026-07-13T09:35:09.822Z host=gpu-node-016 service=nvidia-dcgm level=INFO namespace=inference pod=trainer-f75a3d event=started gpu_util=35
2026-07-13T09:36:00.967Z host=eng-x12 service=gitlab-runner level=INFO user=mchen repo=api-gateway event=checkout status=success job=43722 trace=b86ddd79a8b334
2026-07-13T09:36:11.208Z host=gpu-node-003 service=nvidia-dcgm level=INFO namespace=inference pod=trainer-5c8505 event=started gpu_util=6
2026-07-13T09:36:28.972Z host=eng-x12 service=dockerd level=INFO user=deploybot repo=model-runtime event=push status=success job=42795 trace=8b0ad5d993899d
2026-07-13T09:36:38.517Z host=eng-x12 service=auditd level=INFO user=sre repo=safety-filters event=build status=success job=45469 trace=8e352c0b23b8f0
2026-07-13T09:38:27.894Z host=gpu-node-009 service=containerd level=INFO namespace=training pod=checkpoint-b45b95 event=started gpu_util=70
2026-07-13T09:38:43.134Z host=gpu-node-059 service=containerd level=INFO namespace=inference pod=node-exporter-858499 event=image_present gpu_util=84
2026-07-13T09:38:57.325Z host=eng-x12 service=sshd level=INFO user=builder repo=infra-charts event=checkout status=success job=47562 trace=61107787412e22
2026-07-13T09:39:48.873Z host=eng-x12 service=gitlab-runner level=INFO user=sre repo=api-gateway event=fetch status=success job=47170 trace=e48e5114b57dfc
2026-07-13T09:41:21.445Z host=gpu-node-074 service=scheduler level=INFO namespace=monitoring pod=trainer-c42d33 event=started gpu_util=61
2026-07-13T09:42:01.037Z host=gpu-node-079 service=kubelet level=INFO namespace=training pod=checkpoint-ba729c event=probe_ok gpu_util=41
2026-07-13T09:42:40.693Z host=eng-x12 service=auditd level=INFO user=mchen repo=evaluation event=checkout status=success job=46589 trace=7341010fdc4f8a
2026-07-13T09:43:38.924Z host=eng-x12 service=sshd level=INFO user=mchen repo=infra-charts event=checkout status=success job=42419 trace=b180de61f230ce
2026-07-13T09:43:48.333Z host=gpu-node-083 service=scheduler level=INFO namespace=monitoring pod=node-exporter-bfb696 event=probe_ok gpu_util=24
2026-07-13T09:44:50.631Z host=eng-x12 service=dockerd level=INFO user=sre repo=api-gateway event=build status=success job=48086 trace=7ae1aeb6b64437
2026-07-13T09:45:41.400Z host=gpu-node-017 service=containerd level=INFO namespace=monitoring pod=model-eval-d29379 event=probe_ok gpu_util=34
2026-07-13T09:48:15.710Z host=gpu-node-020 service=containerd level=INFO namespace=inference pod=checkpoint-0b62b9 event=image_present gpu_util=93
2026-07-13T09:48:32.087Z host=gpu-node-090 service=containerd level=INFO namespace=monitoring pod=trainer-b76a46 event=completed gpu_util=69
2026-07-13T09:50:08.057Z host=gpu-node-082 service=kubelet level=INFO namespace=monitoring pod=trainer-a1d1d5 event=completed gpu_util=63
2026-07-13T09:50:42.647Z host=gpu-node-059 service=kubelet level=INFO namespace=monitoring pod=checkpoint-e3fa74 event=completed gpu_util=31
2026-07-13T09:52:03.078Z host=gpu-node-126 service=scheduler level=INFO namespace=training pod=node-exporter-9da49e event=probe_ok gpu_util=28
2026-07-13T09:52:16.798Z host=eng-x12 service=sshd level=INFO user=sre repo=model-runtime event=build status=success job=47156 trace=bc1a81b7628ffc
2026-07-13T09:52:44.795Z host=gpu-node-097 service=kubelet level=INFO namespace=monitoring pod=checkpoint-c52948 event=completed gpu_util=41
2026-07-13T09:55:42.391Z host=gpu-node-101 service=scheduler level=INFO namespace=training pod=model-eval-9ef593 event=probe_ok gpu_util=87
2026-07-13T09:58:45.964Z host=eng-x12 service=sshd level=INFO user=deploybot repo=model-runtime event=fetch status=success job=43711 trace=2e9e0607b4ef2c
2026-07-13T09:59:41.359Z host=gpu-node-037 service=containerd level=INFO namespace=monitoring pod=model-eval-f73089 event=started gpu_util=37
2026-07-13T10:00:52.258Z host=gpu-node-108 service=kubelet level=INFO namespace=inference pod=checkpoint-050643 event=image_present gpu_util=18
2026-07-13T10:03:30.407Z host=eng-x12 service=gitlab-runner level=INFO user=mchen repo=infra-charts event=build status=success job=45882 trace=7a205764459c87
2026-07-13T10:03:47.510Z host=gpu-node-072 service=kubelet level=INFO namespace=training pod=checkpoint-db0663 event=image_present gpu_util=79
2026-07-13T10:04:04.361Z host=gpu-node-017 service=containerd level=INFO namespace=inference pod=trainer-a69f96 event=image_present gpu_util=27
2026-07-13T10:05:10.682Z host=eng-x12 service=sshd level=INFO user=builder repo=evaluation event=checkout status=success job=43365 trace=28a6d0555f8214
2026-07-13T10:05:50.212Z host=gpu-node-051 service=kubelet level=INFO namespace=monitoring pod=checkpoint-cf54b7 event=completed gpu_util=70
2026-07-13T10:06:21.505Z host=eng-x12 service=gitlab-runner level=INFO user=deploybot repo=model-runtime event=fetch status=success job=47782 trace=9d2c33758c396d
2026-07-13T10:07:52.623Z host=eng-x12 service=gitlab-runner level=INFO user=builder repo=model-runtime event=session_close status=success job=44685 trace=e53be6aa6b381b
2026-07-13T10:07:58.319Z host=eng-x12 service=dockerd level=INFO user=deploybot repo=safety-filters event=fetch status=success job=44594 trace=9dad5641338502
2026-07-13T10:08:17.009Z host=gpu-node-061 service=scheduler level=INFO namespace=inference pod=trainer-ed94be event=probe_ok gpu_util=76
2026-07-13T10:09:13.033Z host=eng-x12 service=gitlab-runner level=INFO user=builder repo=safety-filters event=session_close status=success job=41942 trace=0da02c253a299a
2026-07-13T10:09:58.030Z host=eng-x12 service=gitlab-runner level=INFO user=sre repo=infra-charts event=build status=success job=46405 trace=1edcd2d8e2fed4
2026-07-13T10:11:49.757Z host=eng-x12 service=gitlab-runner level=INFO user=builder repo=evaluation event=build status=success job=44280 trace=5468d2224cd528
2026-07-13T10:13:10.456Z host=gpu-node-110 service=containerd level=INFO namespace=monitoring pod=trainer-eb3cb2 event=probe_ok gpu_util=88
2026-07-13T10:13:34.637Z host=gpu-node-109 service=containerd level=INFO namespace=training pod=checkpoint-ee15cf event=completed gpu_util=20
2026-07-13T10:14:43.708Z host=eng-x12 service=gitlab-runner level=INFO user=deploybot repo=model-runtime event=build status=success job=48361 trace=5deefed6a30023
2026-07-13T10:14:45.996Z host=eng-x12 service=gitlab-runner level=INFO user=deploybot repo=model-runtime event=build status=success job=41438 trace=c62e1c9fc11e85
2026-07-13T10:14:59.401Z host=eng-x12 service=auditd level=INFO user=deploybot repo=evaluation event=session_close status=success job=44113 trace=6bd063e3a17533
2026-07-13T10:15:30.091Z host=eng-x12 service=sshd level=INFO user=builder repo=infra-charts event=fetch status=success job=43276 trace=8b629417ef387d
2026-07-13T10:17:08.150Z host=eng-x12 service=dockerd level=INFO user=mchen repo=api-gateway event=build status=success job=42134 trace=56c1ac013015c8
2026-07-13T10:17:23.604Z host=gpu-node-124 service=scheduler level=INFO namespace=monitoring pod=checkpoint-e48169 event=started gpu_util=45
2026-07-13T10:18:02.830Z host=gpu-node-088 service=scheduler level=INFO namespace=inference pod=node-exporter-6d2def event=started gpu_util=93
2026-07-13T10:18:29.105Z host=eng-x12 service=dockerd level=INFO user=mchen repo=evaluation event=fetch status=success job=46162 trace=7f7e2d2102a2ef
2026-07-13T10:22:04.484Z host=gpu-node-120 service=scheduler level=INFO namespace=inference pod=model-eval-cfefaa event=completed gpu_util=68
2026-07-13T10:23:28.356Z host=gpu-node-046 service=scheduler level=INFO namespace=training pod=checkpoint-5d12a2 event=started gpu_util=99
2026-07-13T10:26:03.799Z host=eng-x12 service=auditd level=INFO user=builder repo=model-runtime event=push status=success job=47433 trace=9158a7552dffb8
2026-07-13T10:27:57.818Z host=eng-x12 service=gitlab-runner level=INFO user=builder repo=model-runtime event=build status=success job=41061 trace=b5c2849350b45b
2026-07-13T10:29:04.461Z host=eng-x12 service=auditd level=INFO user=sre repo=model-runtime event=push status=success job=42734 trace=19349c8db3e43d
2026-07-13T10:29:45.721Z host=eng-x12 service=sshd level=INFO user=sre repo=evaluation event=session_close status=success job=48524 trace=cc622049e570d5
2026-07-13T10:30:59.575Z host=gpu-node-074 service=nvidia-dcgm level=INFO namespace=inference pod=trainer-435846 event=probe_ok gpu_util=97
2026-07-13T10:31:00.269Z host=eng-x12 service=dockerd level=INFO user=mchen repo=model-runtime event=fetch status=success job=43370 trace=079b41e070c844
2026-07-13T10:31:26.467Z host=gpu-node-099 service=containerd level=INFO namespace=training pod=checkpoint-42ca69 event=completed gpu_util=84
2026-07-13T10:31:58.421Z host=gpu-node-046 service=nvidia-dcgm level=INFO namespace=inference pod=node-exporter-26ae5e event=image_present gpu_util=74
2026-07-13T10:32:16.852Z host=eng-x12 service=sshd level=INFO user=sre repo=api-gateway event=session_close status=success job=43254 trace=679dfe3c3b11a1
2026-07-13T10:32:43.741Z host=eng-x12 service=auditd level=INFO user=sre repo=safety-filters event=session_close status=success job=46849 trace=a5831634fba1f2
2026-07-13T10:33:13.488Z host=eng-x12 service=dockerd level=INFO user=mchen repo=model-runtime event=push status=success job=47760 trace=d76b1dea12d060
2026-07-13T10:33:32.966Z host=eng-x12 service=gitlab-runner level=INFO user=sre repo=api-gateway event=push status=success job=47908 trace=464d0a70b0c517
2026-07-13T10:33:54.447Z host=gpu-node-013 service=kubelet level=INFO namespace=inference pod=model-eval-c8ba41 event=completed gpu_util=34
2026-07-13T10:34:01.097Z host=gpu-node-090 service=scheduler level=INFO namespace=monitoring pod=model-eval-32b47c event=probe_ok gpu_util=15
2026-07-13T10:35:02.552Z host=gpu-node-116 service=scheduler level=INFO namespace=inference pod=trainer-569434 event=image_present gpu_util=32
2026-07-13T10:35:37.735Z host=eng-x12 service=sshd level=INFO user=deploybot repo=safety-filters event=push status=success job=45235 trace=fd74b0f698db12
2026-07-13T10:36:11.704Z host=eng-x12 service=auditd level=INFO user=sre repo=api-gateway event=checkout status=success job=47061 trace=e8bfc98cec582b
2026-07-13T10:37:19.367Z host=gpu-node-048 service=containerd level=INFO namespace=inference pod=checkpoint-a7b6a2 event=completed gpu_util=45
2026-07-13T10:39:07.878Z host=eng-x12 service=gitlab-runner level=INFO user=sre repo=evaluation event=checkout status=success job=41211 trace=9e5b42bf24a183
2026-07-13T10:40:45.436Z host=gpu-node-121 service=containerd level=INFO namespace=inference pod=node-exporter-c62ed9 event=started gpu_util=98
2026-07-13T10:41:32.715Z host=eng-x12 service=sshd level=INFO user=sre repo=evaluation event=session_close status=success job=43406 trace=71fe82c15881a9
2026-07-13T10:41:54.261Z host=gpu-node-069 service=nvidia-dcgm level=INFO namespace=inference pod=model-eval-ae6726 event=probe_ok gpu_util=28
2026-07-13T10:42:13.353Z host=gpu-node-015 service=containerd level=INFO namespace=monitoring pod=node-exporter-c06091 event=completed gpu_util=63
2026-07-13T10:42:22.138Z host=gpu-node-024 service=containerd level=INFO namespace=training pod=trainer-3d3597 event=started gpu_util=51
2026-07-13T10:45:12.073Z host=gpu-node-067 service=nvidia-dcgm level=INFO namespace=monitoring pod=trainer-3f5bcd event=started gpu_util=61
2026-07-13T10:45:37.892Z host=gpu-node-128 service=kubelet level=INFO namespace=inference pod=model-eval-931aba event=completed gpu_util=2
2026-07-13T10:48:58.129Z host=gpu-node-113 service=kubelet level=INFO namespace=training pod=node-exporter-9ef058 event=started gpu_util=76
2026-07-13T10:50:06.845Z host=gpu-node-027 service=containerd level=INFO namespace=inference pod=model-eval-f6d2b1 event=image_present gpu_util=50
2026-07-13T10:50:10.540Z host=gpu-node-080 service=kubelet level=INFO namespace=training pod=checkpoint-aeb233 event=probe_ok gpu_util=60
2026-07-13T10:51:16.442Z host=gpu-node-104 service=containerd level=INFO namespace=inference pod=trainer-2eaba1 event=completed gpu_util=58
2026-07-13T10:51:51.053Z host=eng-x12 service=dockerd level=INFO user=builder repo=safety-filters event=checkout status=success job=43101 trace=6495fee4648dd2
2026-07-13T10:52:59.355Z host=gpu-node-003 service=containerd level=INFO namespace=training pod=node-exporter-75f22d event=started gpu_util=39
2026-07-13T10:56:29.205Z host=gpu-node-073 service=kubelet level=INFO namespace=inference pod=trainer-46f7a0 event=completed gpu_util=13
2026-07-13T10:57:07.746Z host=gpu-node-065 service=kubelet level=INFO namespace=monitoring pod=checkpoint-f6bb1a event=completed gpu_util=67
2026-07-13T10:59:20.376Z host=eng-x12 service=gitlab-runner level=INFO user=mchen repo=evaluation event=build status=success job=45267 trace=1fad09f81f72c8
2026-07-13T11:00:14.139Z host=eng-x12 service=dockerd level=INFO user=sre repo=model-runtime event=fetch status=success job=41492 trace=ef5bfd2c7e9d58
2026-07-13T11:01:01.107Z host=eng-x12 service=sshd level=INFO user=mchen repo=infra-charts event=fetch status=success job=48691 trace=6f586d4824ed3b
2026-07-13T11:02:58.721Z host=gpu-node-050 service=kubelet level=INFO namespace=inference pod=checkpoint-a28eea event=probe_ok gpu_util=80
2026-07-13T11:03:44.643Z host=gpu-node-078 service=nvidia-dcgm level=INFO namespace=training pod=node-exporter-cdaba8 event=completed gpu_util=36
2026-07-13T11:04:54.230Z host=eng-x12 service=dockerd level=INFO user=mchen repo=model-runtime event=push status=success job=44213 trace=e9c05000f696b2
2026-07-13T11:04:55.772Z host=eng-x12 service=auditd level=INFO user=mchen repo=infra-charts event=push status=success job=45576 trace=c964e4196db313
2026-07-13T11:04:57.942Z host=gpu-node-122 service=containerd level=INFO namespace=inference pod=checkpoint-b04d37 event=probe_ok gpu_util=45
2026-07-13T11:04:58.697Z host=eng-x12 service=gitlab-runner level=INFO user=mchen repo=model-runtime event=checkout status=success job=44624 trace=8de3cfb3d1fc88
2026-07-13T11:05:17.097Z host=gpu-node-120 service=containerd level=INFO namespace=monitoring pod=checkpoint-4057b5 event=completed gpu_util=97
2026-07-13T11:06:59.741Z host=eng-x12 service=sshd level=INFO user=builder repo=infra-charts event=session_close status=success job=48855 trace=f2543974712944
2026-07-13T11:07:48.105Z host=gpu-node-018 service=nvidia-dcgm level=INFO namespace=inference pod=checkpoint-2f8b5e event=started gpu_util=97
2026-07-13T11:08:02.589Z host=eng-x12 service=auditd level=INFO user=deploybot repo=infra-charts event=checkout status=success job=46567 trace=0d76c47452d693
2026-07-13T11:08:07.460Z host=gpu-node-024 service=nvidia-dcgm level=INFO namespace=training pod=node-exporter-0c88d3 event=image_present gpu_util=49
2026-07-13T11:10:53.679Z host=eng-x12 service=gitlab-runner level=INFO user=builder repo=api-gateway event=checkout status=success job=46636 trace=5f7062e1c5c32d
2026-07-13T11:11:34.142Z host=gpu-node-067 service=nvidia-dcgm level=INFO namespace=training pod=node-exporter-3dfcfc event=completed gpu_util=83
2026-07-13T11:12:31.003Z host=eng-x12 service=gitlab-runner level=INFO user=mchen repo=safety-filters event=checkout status=success job=46232 trace=5cc35219d93ffa
2026-07-13T11:13:14.468Z host=gpu-node-085 service=containerd level=INFO namespace=monitoring pod=model-eval-bcf71b event=completed gpu_util=42
2026-07-13T11:14:08.701Z host=eng-x12 service=auditd level=INFO user=sre repo=infra-charts event=push status=success job=42754 trace=86ad7838bdf34f
2026-07-13T11:14:42.456Z host=eng-x12 service=sshd level=INFO user=builder repo=evaluation event=checkout status=success job=48548 trace=486bf8eae86bff
2026-07-13T11:15:00.810Z host=eng-x12 service=sshd level=INFO user=deploybot repo=evaluation event=checkout status=success job=41416 trace=a6818947235d9b
2026-07-13T11:15:03.768Z host=gpu-node-055 service=nvidia-dcgm level=INFO namespace=monitoring pod=checkpoint-edadf9 event=started gpu_util=78
2026-07-13T11:15:12.282Z host=eng-x12 service=auditd level=INFO user=sre repo=evaluation event=build status=success job=44460 trace=bb504e60aa2c13
2026-07-13T11:16:31.329Z host=gpu-node-095 service=nvidia-dcgm level=INFO namespace=training pod=model-eval-65ce18 event=probe_ok gpu_util=42
2026-07-13T11:17:11.887Z host=gpu-node-012 service=containerd level=INFO namespace=inference pod=checkpoint-30d306 event=completed gpu_util=89
2026-07-13T11:17:31.549Z host=gpu-node-009 service=scheduler level=INFO namespace=inference pod=model-eval-8cbdeb event=completed gpu_util=49
2026-07-13T11:18:25.315Z host=gpu-node-051 service=scheduler level=INFO namespace=training pod=node-exporter-31fa1b event=completed gpu_util=88
2026-07-13T11:18:33.085Z host=gpu-node-108 service=scheduler level=INFO namespace=training pod=model-eval-bd631e event=image_present gpu_util=4
2026-07-13T11:18:41.782Z host=gpu-node-047 service=kubelet level=INFO namespace=inference pod=node-exporter-f1490b event=image_present gpu_util=16
2026-07-13T11:22:33.485Z host=gpu-node-067 service=scheduler level=INFO namespace=monitoring pod=checkpoint-8c9e7d event=image_present gpu_util=35
2026-07-13T11:24:15.706Z host=gpu-node-043 service=containerd level=INFO namespace=monitoring pod=node-exporter-3769c9 event=probe_ok gpu_util=3
2026-07-13T11:25:19.369Z host=gpu-node-119 service=containerd level=INFO namespace=monitoring pod=checkpoint-525b49 event=image_present gpu_util=12
2026-07-13T11:26:23.754Z host=eng-x12 service=auditd level=INFO user=deploybot repo=safety-filters event=push status=success job=48754 trace=266532b6ec34ae
2026-07-13T11:26:55.959Z host=eng-x12 service=sshd level=INFO user=sre repo=safety-filters event=push status=success job=46478 trace=cb98e70b60343c
2026-07-13T11:27:10.306Z host=eng-x12 service=sshd level=INFO user=builder repo=model-runtime event=fetch status=success job=47741 trace=554134db63aca2
2026-07-13T11:29:19.859Z host=eng-x12 service=gitlab-runner level=INFO user=sre repo=api-gateway event=session_close status=success job=43107 trace=9bb62a3b08c30d
2026-07-13T11:29:21.662Z host=gpu-node-067 service=nvidia-dcgm level=INFO namespace=inference pod=node-exporter-09bebf event=image_present gpu_util=14
2026-07-13T11:31:33.814Z host=eng-x12 service=sshd level=INFO user=sre repo=api-gateway event=build status=success job=47644 trace=5bfafc8200c8c6
2026-07-13T11:34:19.854Z host=gpu-node-055 service=scheduler level=INFO namespace=monitoring pod=checkpoint-324c86 event=image_present gpu_util=93
2026-07-13T11:34:53.498Z host=gpu-node-098 service=containerd level=INFO namespace=training pod=trainer-b9482c event=probe_ok gpu_util=58
2026-07-13T11:35:04.736Z host=gpu-node-018 service=containerd level=INFO namespace=inference pod=trainer-eeb45d event=probe_ok gpu_util=2
2026-07-13T11:36:09.093Z host=eng-x12 service=dockerd level=INFO user=builder repo=safety-filters event=checkout status=success job=43796 trace=8452f861f0a94b
2026-07-13T11:36:11.625Z host=eng-x12 service=auditd level=INFO user=deploybot repo=evaluation event=fetch status=success job=48374 trace=654cd23cc8de35
2026-07-13T11:36:23.666Z host=eng-x12 service=gitlab-runner level=INFO user=deploybot repo=evaluation event=session_close status=success job=42307 trace=bf539e39ca77b4
2026-07-13T11:36:27.586Z host=gpu-node-047 service=containerd level=INFO namespace=inference pod=trainer-c4fbd3 event=image_present gpu_util=79
2026-07-13T11:37:25.810Z host=gpu-node-085 service=nvidia-dcgm level=INFO namespace=monitoring pod=model-eval-1bccf0 event=completed gpu_util=84
2026-07-13T11:37:40.764Z host=gpu-node-027 service=nvidia-dcgm level=INFO namespace=training pod=trainer-f3be91 event=probe_ok gpu_util=40
2026-07-13T11:38:46.810Z host=eng-x12 service=sshd level=INFO user=deploybot repo=api-gateway event=push status=success job=48000 trace=acae093c2d6a02
2026-07-13T11:39:08.162Z host=gpu-node-057 service=scheduler level=INFO namespace=training pod=node-exporter-07ade9 event=probe_ok gpu_util=62
2026-07-13T11:43:52.303Z host=eng-x12 service=gitlab-runner level=INFO user=sre repo=model-runtime event=fetch status=success job=42257 trace=d9e981af7f408e
2026-07-13T11:44:31.156Z host=eng-x12 service=auditd level=INFO user=sre repo=model-runtime event=build status=success job=43431 trace=18cbcaa5b2ac42
2026-07-13T11:44:39.852Z host=gpu-node-035 service=nvidia-dcgm level=INFO namespace=monitoring pod=model-eval-4cad76 event=completed gpu_util=42
2026-07-13T11:45:56.360Z host=gpu-node-074 service=containerd level=INFO namespace=monitoring pod=checkpoint-92c03b event=completed gpu_util=16
2026-07-13T11:46:13.002Z host=gpu-node-068 service=nvidia-dcgm level=INFO namespace=training pod=trainer-8ba97c event=image_present gpu_util=7
2026-07-13T11:46:20.719Z host=eng-x12 service=gitlab-runner level=INFO user=sre repo=evaluation event=push status=success job=42187 trace=ab47c609f394ce
2026-07-13T11:46:44.550Z host=gpu-node-030 service=scheduler level=INFO namespace=inference pod=node-exporter-124c20 event=image_present gpu_util=23
2026-07-13T11:46:51.946Z host=gpu-node-009 service=scheduler level=INFO namespace=training pod=trainer-e204d6 event=completed gpu_util=71
2026-07-13T11:48:00.466Z host=gpu-node-032 service=nvidia-dcgm level=INFO namespace=monitoring pod=trainer-f908c4 event=completed gpu_util=16
2026-07-13T11:49:10.460Z host=gpu-node-012 service=kubelet level=INFO namespace=monitoring pod=model-eval-5d8d9f event=completed gpu_util=54
2026-07-13T11:49:26.063Z host=gpu-node-025 service=nvidia-dcgm level=INFO namespace=monitoring pod=checkpoint-b53219 event=image_present gpu_util=82
2026-07-13T11:49:47.337Z host=eng-x12 service=auditd level=INFO user=builder repo=infra-charts event=checkout status=success job=42340 trace=60b06e80dbbb7c
2026-07-13T11:50:13.224Z host=eng-x12 service=dockerd level=INFO user=mchen repo=infra-charts event=push status=success job=46802 trace=92d0038d45a732
2026-07-13T11:50:56.687Z host=eng-x12 service=gitlab-runner level=INFO user=mchen repo=safety-filters event=session_close status=success job=48734 trace=94f7c545feaf98
2026-07-13T11:51:37.716Z host=gpu-node-043 service=nvidia-dcgm level=INFO namespace=monitoring pod=model-eval-8b3009 event=completed gpu_util=15
2026-07-13T11:52:10.258Z host=gpu-node-118 service=kubelet level=INFO namespace=inference pod=checkpoint-78e8c1 event=started gpu_util=73
2026-07-13T11:52:17.319Z host=eng-x12 service=gitlab-runner level=INFO user=builder repo=api-gateway event=checkout status=success job=42506 trace=bd92e5421b5016
2026-07-13T11:53:25.311Z host=eng-x12 service=gitlab-runner level=INFO user=mchen repo=api-gateway event=build status=success job=47812 trace=b9925445a40ec1
2026-07-13T11:55:10.751Z host=eng-x12 service=sshd level=INFO user=mchen repo=evaluation event=session_close status=success job=47211 trace=c754e2987d23ba
2026-07-13T11:55:49.201Z host=eng-x12 service=gitlab-runner level=INFO user=mchen repo=api-gateway event=checkout status=success job=41951 trace=df9e94cfc7afc0
2026-07-13T11:56:30.313Z host=gpu-node-045 service=containerd level=INFO namespace=training pod=checkpoint-71e011 event=probe_ok gpu_util=51
2026-07-13T11:56:56.833Z host=gpu-node-042 service=nvidia-dcgm level=INFO namespace=monitoring pod=node-exporter-89df94 event=completed gpu_util=63
2026-07-13T11:58:27.870Z host=eng-x12 service=sshd level=INFO user=mchen repo=evaluation event=push status=success job=44954 trace=cc65b8ad26d0d7
2026-07-13T11:58:30.784Z host=gpu-node-082 service=kubelet level=INFO namespace=inference pod=trainer-c05da0 event=completed gpu_util=98
2026-07-13T11:59:30.207Z host=eng-x12 service=gitlab-runner level=INFO user=mchen repo=api-gateway event=checkout status=success job=47563 trace=382c6b1feeb55c
2026-07-13T11:59:51.401Z host=gpu-node-093 service=kubelet level=INFO namespace=monitoring pod=trainer-8a8a22 event=image_present gpu_util=81
2026-07-13T12:00:17.681Z host=eng-x12 service=auditd level=INFO user=builder repo=evaluation event=push status=success job=48020 trace=062b1f488db80c
2026-07-13T12:00:45.487Z host=gpu-node-035 service=containerd level=INFO namespace=inference pod=checkpoint-0abd0c event=image_present gpu_util=47
2026-07-13T12:01:25.096Z host=gpu-node-119 service=scheduler level=INFO namespace=monitoring pod=checkpoint-e3032b event=started gpu_util=41
2026-07-13T12:01:45.784Z host=gpu-node-003 service=kubelet level=INFO namespace=monitoring pod=node-exporter-c21002 event=probe_ok gpu_util=93
2026-07-13T12:02:05.248Z host=gpu-node-082 service=nvidia-dcgm level=INFO namespace=training pod=model-eval-8b0294 event=image_present gpu_util=52
2026-07-13T12:02:07.126Z host=gpu-node-023 service=scheduler level=INFO namespace=inference pod=node-exporter-6be236 event=started gpu_util=23
2026-07-13T12:03:10.027Z host=gpu-node-036 service=kubelet level=INFO namespace=monitoring pod=model-eval-b141c0 event=image_present gpu_util=15
2026-07-13T12:06:21.942Z host=eng-x12 service=dockerd level=INFO user=sre repo=infra-charts event=push status=success job=42447 trace=6b10484026f30c
2026-07-13T12:07:10.192Z host=eng-x12 service=auditd level=INFO user=sre repo=infra-charts event=checkout status=success job=43516 trace=2615f91ed5ebf8
2026-07-13T12:09:07.284Z host=gpu-node-016 service=scheduler level=INFO namespace=training pod=node-exporter-d068cd event=image_present gpu_util=8
2026-07-13T12:09:13.050Z host=gpu-node-069 service=scheduler level=INFO namespace=inference pod=node-exporter-25a914 event=probe_ok gpu_util=96
2026-07-13T12:09:52.691Z host=gpu-node-119 service=containerd level=INFO namespace=inference pod=model-eval-19f548 event=completed gpu_util=96
2026-07-13T12:13:53.720Z host=gpu-node-015 service=containerd level=INFO namespace=training pod=checkpoint-afe727 event=probe_ok gpu_util=18
2026-07-13T12:14:34.581Z host=eng-x12 service=gitlab-runner level=INFO user=sre repo=model-runtime event=push status=success job=45690 trace=111eeb4896df46
2026-07-13T12:16:47.295Z host=eng-x12 service=gitlab-runner level=INFO user=sre repo=infra-charts event=push status=success job=42779 trace=56a5a7b4ff660f
2026-07-13T12:17:49.801Z host=gpu-node-096 service=scheduler level=INFO namespace=inference pod=checkpoint-742c5b event=completed gpu_util=34
2026-07-13T12:18:45.144Z host=gpu-node-045 service=containerd level=INFO namespace=monitoring pod=model-eval-738dd8 event=started gpu_util=22
2026-07-13T12:23:33.243Z host=gpu-node-105 service=nvidia-dcgm level=INFO namespace=inference pod=model-eval-fd467d event=completed gpu_util=27
2026-07-13T12:24:16.678Z host=eng-x12 service=auditd level=INFO user=builder repo=evaluation event=session_close status=success job=41046 trace=e011c8109de6cf
2026-07-13T12:24:28.198Z host=eng-x12 service=auditd level=INFO user=deploybot repo=api-gateway event=fetch status=success job=42740 trace=dd86b23a47e0d6
2026-07-13T12:26:11.759Z host=gpu-node-059 service=nvidia-dcgm level=INFO namespace=inference pod=node-exporter-4da3ab event=image_present gpu_util=25
2026-07-13T12:26:41.773Z host=gpu-node-074 service=nvidia-dcgm level=INFO namespace=training pod=trainer-b58580 event=probe_ok gpu_util=4
2026-07-13T12:27:00.807Z host=eng-x12 service=dockerd level=INFO user=sre repo=api-gateway event=session_close status=success job=48798 trace=49c06b6c1605e8
2026-07-13T12:27:41.510Z host=gpu-node-064 service=containerd level=INFO namespace=training pod=model-eval-b6b9c6 event=completed gpu_util=42
2026-07-13T12:28:15.161Z host=eng-x12 service=auditd level=INFO user=deploybot repo=safety-filters event=fetch status=success job=41725 trace=42d39cc37cb6dd
2026-07-13T12:29:45.017Z host=eng-x12 service=dockerd level=INFO user=builder repo=infra-charts event=push status=success job=44512 trace=4b9caa663e7573
2026-07-13T12:33:15.296Z host=gpu-node-024 service=kubelet level=INFO namespace=monitoring pod=checkpoint-5cbc11 event=completed gpu_util=94
2026-07-13T12:33:27.280Z host=eng-x12 service=dockerd level=INFO user=builder repo=infra-charts event=session_close status=success job=42156 trace=e35b1dad3a326b
2026-07-13T12:34:21.889Z host=gpu-node-070 service=kubelet level=INFO namespace=training pod=trainer-37e8f0 event=image_present gpu_util=54
2026-07-13T12:35:32.181Z host=gpu-node-066 service=scheduler level=INFO namespace=training pod=checkpoint-e723d0 event=started gpu_util=80
2026-07-13T12:36:01.156Z host=eng-x12 service=gitlab-runner level=INFO user=deploybot repo=model-runtime event=checkout status=success job=42682 trace=07f2d355b4a2d7
2026-07-13T12:37:46.170Z host=gpu-node-053 service=containerd level=INFO namespace=training pod=node-exporter-6d53f0 event=started gpu_util=83
2026-07-13T12:38:50.324Z host=eng-x12 service=gitlab-runner level=INFO user=builder repo=model-runtime event=push status=success job=43814 trace=6416a75027d2d5
2026-07-13T12:39:39.542Z host=eng-x12 service=gitlab-runner level=INFO user=sre repo=api-gateway event=session_close status=success job=46775 trace=b15debda6043d9
2026-07-13T12:42:48.644Z host=gpu-node-117 service=containerd level=INFO namespace=inference pod=checkpoint-c9d2ad event=probe_ok gpu_util=0
2026-07-13T12:44:11.072Z host=gpu-node-111 service=kubelet level=INFO namespace=inference pod=model-eval-49a5f3 event=started gpu_util=21
2026-07-13T12:46:21.515Z host=eng-x12 service=auditd level=INFO user=mchen repo=model-runtime event=fetch status=success job=45693 trace=a974c3d238c926
2026-07-13T12:47:23.280Z host=eng-x12 service=auditd level=INFO user=deploybot repo=model-runtime event=fetch status=success job=47333 trace=22fd3b888068e2
2026-07-13T12:47:34.594Z host=gpu-node-100 service=nvidia-dcgm level=INFO namespace=monitoring pod=model-eval-b9eb61 event=image_present gpu_util=88
2026-07-13T12:47:41.639Z host=gpu-node-005 service=scheduler level=INFO namespace=inference pod=node-exporter-fb3409 event=probe_ok gpu_util=44
2026-07-13T12:47:50.736Z host=eng-x12 service=auditd level=INFO user=sre repo=safety-filters event=build status=success job=47628 trace=bb3877b94d9baf
2026-07-13T12:48:06.653Z host=eng-x12 service=sshd level=INFO user=deploybot repo=evaluation event=session_close status=success job=44032 trace=4e2746bca46fda
2026-07-13T12:50:26.437Z host=gpu-node-078 service=kubelet level=INFO namespace=training pod=checkpoint-e4b7aa event=started gpu_util=49
2026-07-13T12:51:15.966Z host=gpu-node-090 service=containerd level=INFO namespace=monitoring pod=checkpoint-ad88eb event=probe_ok gpu_util=42
2026-07-13T12:51:53.313Z host=eng-x12 service=auditd level=INFO user=builder repo=evaluation event=push status=success job=44676 trace=1c8851d7568204
2026-07-13T12:52:31.594Z host=gpu-node-018 service=scheduler level=INFO namespace=training pod=model-eval-da691a event=probe_ok gpu_util=96
2026-07-13T12:53:17.090Z host=gpu-node-119 service=kubelet level=INFO namespace=training pod=node-exporter-d9d1d8 event=probe_ok gpu_util=42
2026-07-13T12:53:55.577Z host=eng-x12 service=gitlab-runner level=INFO user=builder repo=api-gateway event=fetch status=success job=44984 trace=96cccd62eb4856
2026-07-13T12:54:35.935Z host=gpu-node-010 service=containerd level=INFO namespace=inference pod=node-exporter-fa9aa7 event=probe_ok gpu_util=11
2026-07-13T12:55:22.840Z host=eng-x12 service=auditd level=INFO user=sre repo=evaluation event=checkout status=success job=42285 trace=1d171a56cd7981
2026-07-13T12:55:42.584Z host=gpu-node-091 service=kubelet level=INFO namespace=training pod=checkpoint-5f950b event=completed gpu_util=66
2026-07-13T12:56:21.215Z host=eng-x12 service=sshd level=INFO user=builder repo=infra-charts event=session_close status=success job=43315 trace=177713778c3b2a
2026-07-13T12:57:28.745Z host=gpu-node-014 service=nvidia-dcgm level=INFO namespace=inference pod=trainer-769e95 event=started gpu_util=85
2026-07-13T12:58:02.524Z host=eng-x12 service=gitlab-runner level=INFO user=deploybot repo=safety-filters event=checkout status=success job=42449 trace=a1d0a3418bd5d0
2026-07-13T13:03:05.153Z host=eng-x12 service=gitlab-runner level=INFO user=builder repo=api-gateway event=push status=success job=43171 trace=2dd556af358000
2026-07-13T13:03:47.914Z host=eng-x12 service=sshd level=INFO user=sre repo=api-gateway event=fetch status=success job=42890 trace=772d01b15676d8
2026-07-13T13:04:43.504Z host=eng-x12 service=auditd level=INFO user=deploybot repo=api-gateway event=fetch status=success job=48715 trace=013c0ddee971e8
2026-07-13T13:04:54.407Z host=eng-x12 service=dockerd level=INFO user=mchen repo=evaluation event=fetch status=success job=42724 trace=1fca95ca56df81
2026-07-13T13:06:41.233Z host=gpu-node-046 service=kubelet level=INFO namespace=inference pod=checkpoint-52b1f1 event=completed gpu_util=20
2026-07-13T13:06:59.673Z host=gpu-node-043 service=nvidia-dcgm level=INFO namespace=training pod=trainer-a08063 event=probe_ok gpu_util=33
2026-07-13T13:09:30.931Z host=eng-x12 service=auditd level=INFO user=sre repo=api-gateway event=session_close status=success job=48916 trace=73a79d559e734e
2026-07-13T13:09:47.081Z host=gpu-node-003 service=containerd level=INFO namespace=inference pod=node-exporter-51feb6 event=probe_ok gpu_util=98
2026-07-13T13:09:52.785Z host=gpu-node-025 service=nvidia-dcgm level=INFO namespace=training pod=checkpoint-8f6da3 event=image_present gpu_util=18
2026-07-13T13:10:02.229Z host=eng-x12 service=gitlab-runner level=INFO user=builder repo=api-gateway event=checkout status=success job=43414 trace=325e2f4c557fd5
2026-07-13T13:11:03.332Z host=eng-x12 service=auditd level=INFO user=deploybot repo=safety-filters event=fetch status=success job=47179 trace=d56a0b531f8540
2026-07-13T13:11:12.097Z host=eng-x12 service=auditd level=INFO user=builder repo=safety-filters event=push status=success job=46762 trace=8bbd401b41fef0
2026-07-13T13:11:36.010Z host=eng-x12 service=dockerd level=INFO user=mchen repo=model-runtime event=session_close status=success job=42924 trace=ec62c9c1dbd1c9
2026-07-13T13:12:02.882Z host=eng-x12 service=auditd level=INFO user=mchen repo=api-gateway event=build status=success job=48228 trace=cc9f07f8fce58d
2026-07-13T13:12:45.043Z host=eng-x12 service=sshd level=INFO user=deploybot repo=api-gateway event=checkout status=success job=46153 trace=fee04d430b415d
2026-07-13T13:13:16.152Z host=gpu-node-071 service=scheduler level=INFO namespace=training pod=model-eval-3dfe35 event=started gpu_util=17
2026-07-13T13:15:00.048Z host=eng-x12 service=auditd level=INFO user=sre repo=evaluation event=push status=success job=43425 trace=149e1a38fa727f
2026-07-13T13:15:00.319Z host=gpu-node-081 service=scheduler level=INFO namespace=inference pod=trainer-1df08f event=image_present gpu_util=71
2026-07-13T13:16:42.250Z host=eng-x12 service=dockerd level=INFO user=sre repo=infra-charts event=push status=success job=48408 trace=047591610b9686
2026-07-13T13:18:03.632Z host=gpu-node-040 service=containerd level=INFO namespace=inference pod=node-exporter-d71323 event=completed gpu_util=52
2026-07-13T13:19:34.358Z host=gpu-node-028 service=scheduler level=INFO namespace=training pod=model-eval-47d2a3 event=started gpu_util=13
2026-07-13T13:19:52.671Z host=gpu-node-052 service=kubelet level=INFO namespace=monitoring pod=trainer-c2ebc7 event=completed gpu_util=14
2026-07-13T13:19:53.003Z host=gpu-node-012 service=nvidia-dcgm level=INFO namespace=inference pod=node-exporter-858458 event=probe_ok gpu_util=30
2026-07-13T13:20:47.160Z host=eng-x12 service=dockerd level=INFO user=builder repo=safety-filters event=build status=success job=44779 trace=833d056004a884
2026-07-13T13:21:01.071Z host=eng-x12 service=gitlab-runner level=INFO user=deploybot repo=evaluation event=build status=success job=48823 trace=4690d00c74add8
2026-07-13T13:21:05.571Z host=eng-x12 service=auditd level=INFO user=sre repo=api-gateway event=fetch status=success job=42348 trace=688116e1143aea
2026-07-13T13:22:53.882Z host=eng-x12 service=gitlab-runner level=INFO user=deploybot repo=infra-charts event=checkout status=success job=47060 trace=f984989db620a0
2026-07-13T13:23:17.464Z host=eng-x12 service=dockerd level=INFO user=mchen repo=safety-filters event=push status=success job=41090 trace=79e819b41fed9f
2026-07-13T13:23:28.705Z host=eng-x12 service=sshd level=INFO user=deploybot repo=safety-filters event=session_close status=success job=43895 trace=20072313f619b9
2026-07-13T13:23:31.209Z host=gpu-node-067 service=nvidia-dcgm level=INFO namespace=monitoring pod=checkpoint-311205 event=started gpu_util=17
2026-07-13T13:24:27.211Z host=eng-x12 service=sshd level=INFO user=builder repo=safety-filters event=fetch status=success job=47588 trace=8cefe64b93f010
2026-07-13T13:24:56.805Z host=gpu-node-031 service=scheduler level=INFO namespace=inference pod=trainer-586322 event=completed gpu_util=85
2026-07-13T13:26:31.999Z host=eng-x12 service=dockerd level=INFO user=deploybot repo=evaluation event=push status=success job=48243 trace=cac0922bad971a
2026-07-13T13:26:58.561Z host=gpu-node-117 service=kubelet level=INFO namespace=training pod=node-exporter-1b4ade event=probe_ok gpu_util=5
2026-07-13T13:27:10.983Z host=eng-x12 service=sshd level=INFO user=mchen repo=infra-charts event=checkout status=success job=42750 trace=e2e6d29bd1d8cc
2026-07-13T13:27:14.879Z host=eng-x12 service=gitlab-runner level=INFO user=builder repo=evaluation event=build status=success job=41532 trace=99a459b051ab9d
2026-07-13T13:30:36.018Z host=eng-x12 service=dockerd level=INFO user=builder repo=api-gateway event=push status=success job=45468 trace=24f41e4e22e5c9
2026-07-13T13:32:14.325Z host=gpu-node-089 service=kubelet level=INFO namespace=monitoring pod=trainer-5e4975 event=probe_ok gpu_util=3
2026-07-13T13:32:18.401Z host=eng-x12 service=gitlab-runner level=INFO user=deploybot repo=model-runtime event=build status=success job=48435 trace=a7833e4afbb5ef
2026-07-13T13:33:03.148Z host=gpu-node-084 service=nvidia-dcgm level=INFO namespace=monitoring pod=trainer-92d157 event=image_present gpu_util=22
2026-07-13T13:33:22.052Z host=gpu-node-010 service=scheduler level=INFO namespace=monitoring pod=node-exporter-8c4e0f event=started gpu_util=60
2026-07-13T13:34:06.089Z host=eng-x12 service=gitlab-runner level=INFO user=deploybot repo=evaluation event=fetch status=success job=47418 trace=615222b8c50845
2026-07-13T13:34:08.938Z host=eng-x12 service=sshd level=INFO user=sre repo=infra-charts event=checkout status=success job=44244 trace=0edeb445eb8bab
2026-07-13T13:34:12.554Z host=eng-x12 service=gitlab-runner level=INFO user=mchen repo=model-runtime event=session_close status=success job=46524 trace=45faa4ad0e0b0b
2026-07-13T13:37:22.772Z host=gpu-node-098 service=containerd level=INFO namespace=training pod=checkpoint-ac8ab8 event=completed gpu_util=49
2026-07-13T13:37:27.003Z host=gpu-node-124 service=nvidia-dcgm level=INFO namespace=monitoring pod=trainer-eb5792 event=probe_ok gpu_util=51
2026-07-13T13:37:40.056Z host=eng-x12 service=sshd level=INFO user=builder repo=infra-charts event=push status=success job=43463 trace=169206f8c8c539
2026-07-13T13:38:29.343Z host=eng-x12 service=gitlab-runner level=INFO user=sre repo=infra-charts event=checkout status=success job=42243 trace=d06a6c3ce4ecde
2026-07-13T13:39:29.858Z host=eng-x12 service=dockerd level=INFO user=deploybot repo=api-gateway event=build status=success job=41394 trace=4f0b0caf50b996
2026-07-13T13:40:57.015Z host=gpu-node-026 service=kubelet level=INFO namespace=training pod=checkpoint-d1c343 event=completed gpu_util=1
2026-07-13T13:41:01.011Z host=eng-x12 service=sshd level=INFO user=sre repo=infra-charts event=push status=success job=47085 trace=ec36dd7c8cfcd8
2026-07-13T13:41:58.122Z host=gpu-node-049 service=nvidia-dcgm level=INFO namespace=inference pod=checkpoint-294d5e event=image_present gpu_util=27
2026-07-13T13:43:51.174Z host=eng-x12 service=sshd level=INFO user=mchen repo=api-gateway event=fetch status=success job=47382 trace=5404aeabfeae1d
2026-07-13T13:44:47.457Z host=gpu-node-080 service=nvidia-dcgm level=INFO namespace=inference pod=checkpoint-a1de6e event=completed gpu_util=92
2026-07-13T13:45:09.179Z host=eng-x12 service=dockerd level=INFO user=mchen repo=api-gateway event=checkout status=success job=44521 trace=2225d8f9e87941
2026-07-13T13:45:40.883Z host=eng-x12 service=gitlab-runner level=INFO user=builder repo=infra-charts event=fetch status=success job=42151 trace=88051430944c50
2026-07-13T13:46:09.719Z host=eng-x12 service=gitlab-runner level=INFO user=builder repo=api-gateway event=push status=success job=47732 trace=d0e7d23ef80c0d
2026-07-13T13:48:36.630Z host=eng-x12 service=auditd level=INFO user=deploybot repo=evaluation event=build status=success job=43287 trace=a054c2ad0b4e94
2026-07-13T13:48:45.158Z host=eng-x12 service=sshd level=INFO user=sre repo=api-gateway event=build status=success job=42114 trace=b2519fa5dfa20b
2026-07-13T13:49:12.943Z host=eng-x12 service=sshd level=INFO user=deploybot repo=safety-filters event=checkout status=success job=47353 trace=780309cf031766
2026-07-13T13:50:59.945Z host=gpu-node-121 service=containerd level=INFO namespace=training pod=node-exporter-847087 event=probe_ok gpu_util=46
2026-07-13T13:52:09.567Z host=gpu-node-032 service=scheduler level=INFO namespace=monitoring pod=node-exporter-94a177 event=completed gpu_util=93
2026-07-13T13:59:04.321Z host=gpu-node-022 service=nvidia-dcgm level=INFO namespace=training pod=node-exporter-ebab91 event=probe_ok gpu_util=67
2026-07-13T14:00:00.405Z host=gpu-node-072 service=scheduler level=INFO namespace=inference pod=checkpoint-3e5309 event=probe_ok gpu_util=73
2026-07-13T14:00:41.870Z host=gpu-node-055 service=nvidia-dcgm level=INFO namespace=inference pod=trainer-1abba2 event=completed gpu_util=81
2026-07-13T14:01:26.639Z host=eng-x12 service=sshd level=INFO user=deploybot repo=safety-filters event=fetch status=success job=41194 trace=b6c7f1958b10ac
2026-07-13T14:01:52.081Z host=gpu-node-128 service=kubelet level=INFO namespace=training pod=model-eval-1b0ae1 event=probe_ok gpu_util=51
2026-07-13T14:02:18.502Z host=gpu-node-100 service=containerd level=INFO namespace=inference pod=node-exporter-cc90e3 event=started gpu_util=25
2026-07-13T14:04:19.210Z host=eng-x12 service=dockerd level=INFO user=mchen repo=api-gateway event=build status=success job=42707 trace=56a650f122c1ee
2026-07-13T14:06:08.073Z host=gpu-node-099 service=containerd level=INFO namespace=inference pod=checkpoint-f796f7 event=completed gpu_util=35
2026-07-13T14:07:24.079Z host=eng-x12 service=dockerd level=INFO user=builder repo=infra-charts event=checkout status=success job=45550 trace=a09f8c5745685d
2026-07-13T14:09:07.660Z host=eng-x12 service=sshd level=INFO user=mchen repo=infra-charts event=session_close status=success job=42236 trace=89ce5b71b4ea7d
2026-07-13T14:10:06.211Z host=gpu-node-021 service=kubelet level=INFO namespace=inference pod=checkpoint-d8a6c0 event=probe_ok gpu_util=89
2026-07-13T14:10:38.172Z host=eng-x12 service=sshd level=INFO user=mchen repo=api-gateway event=build status=success job=46603 trace=dc6776fceadfbf
2026-07-13T14:10:47.778Z host=eng-x12 service=dockerd level=INFO user=mchen repo=safety-filters event=checkout status=success job=48952 trace=c9e307fcf6f52b
2026-07-13T14:11:37.113Z host=gpu-node-018 service=containerd level=INFO namespace=inference pod=checkpoint-63713a event=probe_ok gpu_util=13
2026-07-13T14:13:26.478Z host=gpu-node-103 service=containerd level=INFO namespace=training pod=trainer-3ed970 event=started gpu_util=79
2026-07-13T14:13:49.613Z host=gpu-node-073 service=kubelet level=INFO namespace=monitoring pod=model-eval-8fee19 event=completed gpu_util=99
2026-07-13T14:14:13.763Z host=eng-x12 service=sshd level=INFO user=mchen repo=model-runtime event=fetch status=success job=44738 trace=d769943f3248c9
2026-07-13T14:15:25.359Z host=gpu-node-004 service=nvidia-dcgm level=INFO namespace=training pod=model-eval-e0e741 event=completed gpu_util=30
2026-07-13T14:17:42.857Z host=eng-x12 service=dockerd level=INFO user=deploybot repo=api-gateway event=checkout status=success job=47126 trace=23837ee0f04d3a
2026-07-13T14:18:13.847Z host=gpu-node-094 service=nvidia-dcgm level=INFO namespace=training pod=node-exporter-9e0d9b event=probe_ok gpu_util=62
2026-07-13T14:18:52.100Z host=gpu-node-103 service=containerd level=INFO namespace=training pod=node-exporter-6a3947 event=started gpu_util=41
2026-07-13T14:19:02.074Z host=gpu-node-100 service=nvidia-dcgm level=INFO namespace=inference pod=node-exporter-c34c28 event=image_present gpu_util=27
2026-07-13T14:19:29.472Z host=eng-x12 service=dockerd level=INFO user=deploybot repo=api-gateway event=fetch status=success job=45937 trace=ce3194cd4eba72
2026-07-13T14:21:53.937Z host=gpu-node-089 service=scheduler level=INFO namespace=monitoring pod=trainer-c2ed51 event=started gpu_util=15
2026-07-13T14:21:55.836Z host=eng-x12 service=dockerd level=INFO user=deploybot repo=evaluation event=session_close status=success job=42538 trace=1ff6c711f2f27a
2026-07-13T14:22:46.477Z host=eng-x12 service=sshd level=INFO user=deploybot repo=api-gateway event=push status=success job=41508 trace=fdc249fcf9e780
2026-07-13T14:23:16.988Z host=gpu-node-048 service=kubelet level=INFO namespace=inference pod=trainer-dee928 event=completed gpu_util=77
2026-07-13T14:23:32.488Z host=gpu-node-087 service=kubelet level=INFO namespace=training pod=node-exporter-5fcbce event=started gpu_util=26
2026-07-13T14:23:41.758Z host=gpu-node-114 service=kubelet level=INFO namespace=monitoring pod=node-exporter-f54aa9 event=image_present gpu_util=93
2026-07-13T14:23:57.448Z host=eng-x12 service=auditd level=INFO user=mchen repo=api-gateway event=push status=success job=48070 trace=55ae8ad5a23ee2
2026-07-13T14:24:00.192Z host=gpu-node-039 service=kubelet level=INFO namespace=training pod=trainer-02eb8b event=probe_ok gpu_util=64
2026-07-13T14:24:27.408Z host=gpu-node-093 service=nvidia-dcgm level=INFO namespace=inference pod=node-exporter-4ff55f event=image_present gpu_util=85
2026-07-13T14:24:41.356Z host=gpu-node-046 service=nvidia-dcgm level=INFO namespace=monitoring pod=model-eval-31770e event=started gpu_util=47
2026-07-13T14:24:50.481Z host=gpu-node-122 service=nvidia-dcgm level=INFO namespace=training pod=trainer-986abd event=completed gpu_util=48
2026-07-13T14:25:35.166Z host=eng-x12 service=sshd level=INFO user=sre repo=model-runtime event=fetch status=success job=46660 trace=30936acf3bc9f1
2026-07-13T14:28:11.164Z host=gpu-node-004 service=kubelet level=INFO namespace=inference pod=trainer-7290cf event=started gpu_util=13
2026-07-13T14:29:33.553Z host=eng-x12 service=auditd level=INFO user=mchen repo=infra-charts event=build status=success job=45129 trace=ace2ad79ce4fef
2026-07-13T14:29:38.604Z host=eng-x12 service=sshd level=INFO user=mchen repo=api-gateway event=push status=success job=44149 trace=32cc4fc97aa598
2026-07-13T14:33:16.727Z host=eng-x12 service=dockerd level=INFO user=deploybot repo=evaluation event=session_close status=success job=43738 trace=58cef0391fa285
2026-07-13T14:34:12.372Z host=eng-x12 service=sshd level=INFO user=mchen repo=model-runtime event=checkout status=success job=43448 trace=8f9f6252623c3d
2026-07-13T14:34:38.254Z host=gpu-node-082 service=containerd level=INFO namespace=monitoring pod=trainer-e523e9 event=image_present gpu_util=54
2026-07-13T14:35:57.321Z host=gpu-node-123 service=containerd level=INFO namespace=training pod=checkpoint-b3bfaa event=probe_ok gpu_util=45
2026-07-13T14:40:13.848Z host=eng-x12 service=auditd level=INFO user=deploybot repo=safety-filters event=fetch status=success job=42429 trace=0b0618bcb45919
2026-07-13T14:44:35.480Z host=eng-x12 service=auditd level=INFO user=sre repo=evaluation event=build status=success job=46002 trace=748926893c627a
2026-07-13T14:45:45.929Z host=eng-x12 service=dockerd level=INFO user=deploybot repo=evaluation event=fetch status=success job=41382 trace=44279722604599
2026-07-13T14:48:30.878Z host=gpu-node-027 service=containerd level=INFO namespace=monitoring pod=model-eval-e4a1cf event=probe_ok gpu_util=70
2026-07-13T14:48:50.450Z host=gpu-node-053 service=containerd level=INFO namespace=training pod=checkpoint-84c7e1 event=completed gpu_util=79
2026-07-13T14:49:12.838Z host=gpu-node-057 service=containerd level=INFO namespace=monitoring pod=checkpoint-89e98e event=started gpu_util=83
2026-07-13T14:50:11.054Z host=gpu-node-095 service=containerd level=INFO namespace=training pod=trainer-d066dd event=completed gpu_util=9
2026-07-13T14:51:24.976Z host=gpu-node-054 service=nvidia-dcgm level=INFO namespace=training pod=model-eval-d75661 event=completed gpu_util=0
2026-07-13T14:53:05.651Z host=gpu-node-002 service=containerd level=INFO namespace=inference pod=checkpoint-200cba event=image_present gpu_util=30
2026-07-13T14:53:44.251Z host=gpu-node-033 service=nvidia-dcgm level=INFO namespace=inference pod=model-eval-e96e24 event=completed gpu_util=36
2026-07-13T14:53:44.357Z host=gpu-node-125 service=nvidia-dcgm level=INFO namespace=monitoring pod=node-exporter-2dfcff event=started gpu_util=70
2026-07-13T14:56:40.000Z host=gpu-node-028 service=scheduler level=INFO namespace=training pod=node-exporter-6b9593 event=image_present gpu_util=60
2026-07-13T14:57:57.578Z host=eng-x12 service=gitlab-runner level=INFO user=builder repo=model-runtime event=push status=success job=48971 trace=282efd7b83540a
2026-07-13T14:58:58.811Z host=gpu-node-013 service=kubelet level=INFO namespace=monitoring pod=model-eval-b49ef6 event=image_present gpu_util=4
2026-07-13T14:59:55.134Z host=eng-x12 service=dockerd level=INFO user=builder repo=api-gateway event=fetch status=success job=44046 trace=b53b952766dff3
2026-07-13T15:01:03.575Z host=gpu-node-090 service=nvidia-dcgm level=INFO namespace=training pod=model-eval-74a9fa event=image_present gpu_util=49
2026-07-13T15:03:01.051Z host=gpu-node-022 service=containerd level=INFO namespace=monitoring pod=node-exporter-335957 event=image_present gpu_util=6
2026-07-13T15:03:37.471Z host=gpu-node-004 service=nvidia-dcgm level=INFO namespace=training pod=model-eval-ffab3b event=probe_ok gpu_util=80
2026-07-13T15:03:57.395Z host=eng-x12 service=gitlab-runner level=INFO user=sre repo=infra-charts event=push status=success job=43012 trace=3991400059f917
2026-07-13T15:04:24.669Z host=gpu-node-028 service=containerd level=INFO namespace=inference pod=trainer-8704e4 event=started gpu_util=51
2026-07-13T15:04:50.771Z host=eng-x12 service=dockerd level=INFO user=deploybot repo=safety-filters event=fetch status=success job=43632 trace=4452c5da5c1359
2026-07-13T15:05:14.231Z host=eng-x12 service=sshd level=INFO user=deploybot repo=api-gateway event=fetch status=success job=47679 trace=453d070b277e9c
2026-07-13T15:06:06.210Z host=gpu-node-095 service=kubelet level=INFO namespace=inference pod=node-exporter-e81478 event=started gpu_util=35
2026-07-13T15:08:03.571Z host=eng-x12 service=auditd level=INFO user=sre repo=infra-charts event=build status=success job=42106 trace=a8b03a547362e5
2026-07-13T15:08:14.428Z host=gpu-node-103 service=containerd level=INFO namespace=training pod=model-eval-d833a6 event=started gpu_util=83
2026-07-13T15:09:49.011Z host=eng-x12 service=sshd level=INFO user=sre repo=infra-charts event=checkout status=success job=46722 trace=640dafa8718f5f
2026-07-13T15:11:31.341Z host=gpu-node-073 service=kubelet level=INFO namespace=training pod=trainer-cd36d0 event=started gpu_util=46
2026-07-13T15:12:27.812Z host=gpu-node-043 service=kubelet level=INFO namespace=inference pod=checkpoint-377723 event=probe_ok gpu_util=44
2026-07-13T15:14:13.129Z host=gpu-node-080 service=scheduler level=INFO namespace=monitoring pod=trainer-563024 event=completed gpu_util=76
2026-07-13T15:14:14.647Z host=gpu-node-072 service=nvidia-dcgm level=INFO namespace=training pod=trainer-15b6df event=image_present gpu_util=86
2026-07-13T15:17:07.174Z host=gpu-node-003 service=scheduler level=INFO namespace=monitoring pod=model-eval-9f7f07 event=started gpu_util=49
2026-07-13T15:17:26.424Z host=gpu-node-069 service=containerd level=INFO namespace=inference pod=checkpoint-b25e44 event=started gpu_util=36
2026-07-13T15:18:37.735Z host=eng-x12 service=auditd level=INFO user=deploybot repo=api-gateway event=checkout status=success job=41199 trace=2619457d6aa0dd
2026-07-13T15:19:37.087Z host=gpu-node-103 service=nvidia-dcgm level=INFO namespace=monitoring pod=checkpoint-6b7cce event=probe_ok gpu_util=15
2026-07-13T15:20:58.296Z host=eng-x12 service=auditd level=INFO user=deploybot repo=model-runtime event=push status=success job=46282 trace=61f37bd18ea6a2
2026-07-13T15:21:29.238Z host=eng-x12 service=gitlab-runner level=INFO user=sre repo=safety-filters event=push status=success job=42718 trace=d9e5994226a8f7
2026-07-13T15:21:38.130Z host=gpu-node-044 service=scheduler level=INFO namespace=monitoring pod=node-exporter-11f4a2 event=probe_ok gpu_util=93
2026-07-13T15:22:15.952Z host=gpu-node-045 service=kubelet level=INFO namespace=monitoring pod=trainer-6f2ba3 event=started gpu_util=76
2026-07-13T15:23:32.099Z host=gpu-node-060 service=nvidia-dcgm level=INFO namespace=training pod=node-exporter-36e0aa event=completed gpu_util=17
2026-07-13T15:23:32.886Z host=eng-x12 service=gitlab-runner level=INFO user=sre repo=evaluation event=push status=success job=46979 trace=947822957aec2a
2026-07-13T15:24:16.857Z host=gpu-node-015 service=containerd level=INFO namespace=monitoring pod=checkpoint-84f20a event=started gpu_util=76
2026-07-13T15:24:38.844Z host=gpu-node-064 service=nvidia-dcgm level=INFO namespace=training pod=trainer-516fca event=image_present gpu_util=60
2026-07-13T15:28:10.727Z host=gpu-node-081 service=scheduler level=INFO namespace=training pod=model-eval-60ca78 event=completed gpu_util=20
2026-07-13T15:29:19.509Z host=gpu-node-077 service=nvidia-dcgm level=INFO namespace=inference pod=node-exporter-7a4982 event=completed gpu_util=73
2026-07-13T15:29:37.757Z host=gpu-node-045 service=nvidia-dcgm level=INFO namespace=inference pod=trainer-572b0c event=completed gpu_util=72
2026-07-13T15:32:39.463Z host=gpu-node-039 service=containerd level=INFO namespace=training pod=node-exporter-2d51a0 event=started gpu_util=29
2026-07-13T15:34:44.655Z host=gpu-node-128 service=scheduler level=INFO namespace=training pod=model-eval-68a8a8 event=image_present gpu_util=19
2026-07-13T15:36:08.038Z host=eng-x12 service=sshd level=INFO user=sre repo=safety-filters event=push status=success job=47937 trace=0a4a6a4fadf3b0
2026-07-13T15:36:13.207Z host=gpu-node-070 service=containerd level=INFO namespace=monitoring pod=trainer-33c46d event=completed gpu_util=62
2026-07-13T15:36:49.173Z host=gpu-node-102 service=nvidia-dcgm level=INFO namespace=monitoring pod=trainer-312063 event=completed gpu_util=35
2026-07-13T15:38:39.203Z host=eng-x12 service=sshd level=INFO user=mchen repo=api-gateway event=checkout status=success job=47652 trace=ac8d65b3abef86
2026-07-13T15:39:13.946Z host=gpu-node-090 service=kubelet level=INFO namespace=inference pod=node-exporter-b3b685 event=started gpu_util=86
2026-07-13T15:39:31.921Z host=eng-x12 service=gitlab-runner level=INFO user=sre repo=safety-filters event=fetch status=success job=43238 trace=9c652dc489dd8f
2026-07-13T15:40:28.452Z host=eng-x12 service=gitlab-runner level=INFO user=builder repo=evaluation event=checkout status=success job=42477 trace=9c05b902423c4f
2026-07-13T15:41:41.476Z host=gpu-node-048 service=scheduler level=INFO namespace=training pod=model-eval-af7a5f event=image_present gpu_util=92
2026-07-13T15:44:28.406Z host=gpu-node-117 service=containerd level=INFO namespace=monitoring pod=trainer-0e887b event=probe_ok gpu_util=66
2026-07-13T15:44:50.085Z host=eng-x12 service=dockerd level=INFO user=sre repo=infra-charts event=push status=success job=41141 trace=13652dd3264178
2026-07-13T15:45:41.059Z host=eng-x12 service=auditd level=INFO user=deploybot repo=api-gateway event=push status=success job=41416 trace=6809a0348c0186
2026-07-13T15:49:52.507Z host=gpu-node-105 service=nvidia-dcgm level=INFO namespace=inference pod=trainer-824984 event=probe_ok gpu_util=64
2026-07-13T15:50:08.649Z host=eng-x12 service=gitlab-runner level=INFO user=sre repo=model-runtime event=build status=success job=41679 trace=a79ee9dab47d2c
2026-07-13T15:51:04.925Z host=eng-x12 service=sshd level=INFO user=mchen repo=api-gateway event=fetch status=success job=46801 trace=cb41cadfbc49b4
2026-07-13T15:52:33.374Z host=gpu-node-104 service=kubelet level=INFO namespace=training pod=node-exporter-951c78 event=started gpu_util=96
2026-07-13T15:53:03.125Z host=eng-x12 service=gitlab-runner level=INFO user=mchen repo=api-gateway event=push status=success job=48280 trace=a20f3ae38e97e9
2026-07-13T15:53:04.072Z host=eng-x12 service=auditd level=INFO user=deploybot repo=model-runtime event=build status=success job=43795 trace=1c82c2f5a9b119
2026-07-13T15:53:45.644Z host=gpu-node-082 service=kubelet level=INFO namespace=inference pod=node-exporter-646ec0 event=image_present gpu_util=14
2026-07-13T15:54:04.056Z host=eng-x12 service=sshd level=INFO user=builder repo=safety-filters event=session_close status=success job=47494 trace=68222bd599158a
2026-07-13T15:55:18.356Z host=gpu-node-040 service=nvidia-dcgm level=INFO namespace=training pod=model-eval-4731b7 event=started gpu_util=15
2026-07-13T15:59:05.595Z host=eng-x12 service=sshd level=INFO user=mchen repo=api-gateway event=fetch status=success job=45697 trace=a7f64dae1fe131
2026-07-13T15:59:38.247Z host=eng-x12 service=gitlab-runner level=INFO user=builder repo=safety-filters event=fetch status=success job=45133 trace=8b974ee401d832
2026-07-13T16:00:39.584Z host=gpu-node-124 service=nvidia-dcgm level=INFO namespace=monitoring pod=checkpoint-882122 event=image_present gpu_util=68
2026-07-13T16:00:52.651Z host=eng-x12 service=dockerd level=INFO user=sre repo=evaluation event=push status=success job=48182 trace=74b6b3c54ca123
2026-07-13T16:03:24.544Z host=gpu-node-049 service=nvidia-dcgm level=INFO namespace=monitoring pod=node-exporter-d42b99 event=probe_ok gpu_util=20
2026-07-13T16:03:34.444Z host=gpu-node-126 service=kubelet level=INFO namespace=inference pod=node-exporter-cc762d event=completed gpu_util=12
2026-07-13T16:04:12.664Z host=eng-x12 service=auditd level=INFO user=builder repo=model-runtime event=fetch status=success job=47308 trace=86426a039932f3
2026-07-13T16:06:21.952Z host=eng-x12 service=gitlab-runner level=INFO user=deploybot repo=model-runtime event=fetch status=success job=41430 trace=dc8e58165c6c51
2026-07-13T16:06:51.214Z host=gpu-node-054 service=nvidia-dcgm level=INFO namespace=monitoring pod=trainer-b58ee7 event=image_present gpu_util=29
2026-07-13T16:07:10.359Z host=eng-x12 service=dockerd level=INFO user=builder repo=api-gateway event=fetch status=success job=48390 trace=eba9dbedf1569d
2026-07-13T16:08:17.232Z host=eng-x12 service=auditd level=INFO user=mchen repo=safety-filters event=checkout status=success job=42471 trace=5e91f554eb8623
2026-07-13T16:12:06.464Z host=gpu-node-005 service=scheduler level=INFO namespace=monitoring pod=checkpoint-38a7b1 event=probe_ok gpu_util=20
2026-07-13T16:12:34.364Z host=gpu-node-010 service=kubelet level=INFO namespace=inference pod=node-exporter-5c46a6 event=completed gpu_util=74
2026-07-13T16:15:49.287Z host=gpu-node-055 service=kubelet level=INFO namespace=monitoring pod=trainer-1ddd65 event=completed gpu_util=51
2026-07-13T16:16:13.280Z host=eng-x12 service=auditd level=INFO user=deploybot repo=infra-charts event=fetch status=success job=45958 trace=befc630139e416
2026-07-13T16:16:35.996Z host=eng-x12 service=sshd level=INFO user=builder repo=api-gateway event=push status=success job=45750 trace=10c96dad0563f3
2026-07-13T16:17:10.685Z host=gpu-node-116 service=containerd level=INFO namespace=training pod=model-eval-7ae7ca event=probe_ok gpu_util=69
2026-07-13T16:21:55.946Z host=gpu-node-010 service=kubelet level=INFO namespace=monitoring pod=trainer-ecc72b event=completed gpu_util=38
2026-07-13T16:23:55.587Z host=eng-x12 service=auditd level=INFO user=mchen repo=model-runtime event=build status=success job=45395 trace=12198cb52843f7
2026-07-13T16:25:33.039Z host=gpu-node-114 service=kubelet level=INFO namespace=training pod=trainer-681da6 event=image_present gpu_util=1
2026-07-13T16:25:35.393Z host=gpu-node-013 service=scheduler level=INFO namespace=training pod=trainer-89243e event=image_present gpu_util=81
2026-07-13T16:26:59.953Z host=eng-x12 service=gitlab-runner level=INFO user=mchen repo=model-runtime event=checkout status=success job=48406 trace=0792b9b509513a
2026-07-13T16:28:40.651Z host=eng-x12 service=gitlab-runner level=INFO user=deploybot repo=evaluation event=session_close status=success job=44310 trace=06e540369f6d2d
2026-07-13T16:28:51.053Z host=gpu-node-113 service=kubelet level=INFO namespace=training pod=checkpoint-402512 event=completed gpu_util=20
2026-07-13T16:31:29.879Z host=eng-x12 service=gitlab-runner level=INFO user=mchen repo=evaluation event=build status=success job=48738 trace=e6126c3c5cd6ee
2026-07-13T16:32:14.226Z host=gpu-node-031 service=scheduler level=INFO namespace=inference pod=trainer-d97c57 event=image_present gpu_util=6
2026-07-13T16:32:29.485Z host=gpu-node-052 service=nvidia-dcgm level=INFO namespace=inference pod=node-exporter-cf8653 event=started gpu_util=11
2026-07-13T16:33:59.347Z host=gpu-node-094 service=scheduler level=INFO namespace=training pod=node-exporter-6f53e2 event=started gpu_util=88
2026-07-13T16:35:44.628Z host=gpu-node-120 service=scheduler level=INFO namespace=monitoring pod=trainer-3dff2e event=completed gpu_util=7
2026-07-13T16:36:59.705Z host=gpu-node-045 service=nvidia-dcgm level=INFO namespace=inference pod=checkpoint-ea4fe8 event=completed gpu_util=31
2026-07-13T16:39:25.576Z host=eng-x12 service=auditd level=INFO user=builder repo=model-runtime event=push status=success job=44626 trace=c9fd2296ac5aa8
2026-07-13T16:40:43.493Z host=eng-x12 service=dockerd level=INFO user=deploybot repo=api-gateway event=session_close status=success job=43199 trace=3236680674ee70
2026-07-13T16:41:03.661Z host=gpu-node-065 service=kubelet level=INFO namespace=monitoring pod=node-exporter-451bbd event=probe_ok gpu_util=98
2026-07-13T16:42:45.416Z host=eng-x12 service=dockerd level=INFO user=deploybot repo=safety-filters event=session_close status=success job=46172 trace=b4e53c5778a828
2026-07-13T16:43:46.614Z host=gpu-node-121 service=containerd level=INFO namespace=training pod=node-exporter-e2c9f5 event=completed gpu_util=94
2026-07-13T16:44:33.277Z host=gpu-node-020 service=containerd level=INFO namespace=training pod=node-exporter-b95795 event=completed gpu_util=15
2026-07-13T16:45:22.223Z host=eng-x12 service=sshd level=INFO user=deploybot repo=model-runtime event=build status=success job=45455 trace=c57f1eb21cabf0
2026-07-13T16:45:25.027Z host=eng-x12 service=auditd level=INFO user=sre repo=evaluation event=build status=success job=42055 trace=02b8c29f9610eb
2026-07-13T16:47:45.815Z host=eng-x12 service=gitlab-runner level=INFO user=mchen repo=api-gateway event=fetch status=success job=48046 trace=c33cd7a45b1b82
2026-07-13T16:48:05.407Z host=gpu-node-092 service=containerd level=INFO namespace=inference pod=model-eval-0cff78 event=started gpu_util=67
2026-07-13T16:48:10.744Z host=gpu-node-037 service=scheduler level=INFO namespace=monitoring pod=node-exporter-f446e4 event=started gpu_util=86
2026-07-13T16:48:45.596Z host=eng-x12 service=auditd level=INFO user=sre repo=safety-filters event=session_close status=success job=43888 trace=c0088ce78f67c8
2026-07-13T16:50:23.195Z host=eng-x12 service=dockerd level=INFO user=deploybot repo=infra-charts event=session_close status=success job=45048 trace=3cceac124bf764
2026-07-13T16:51:43.605Z host=gpu-node-015 service=nvidia-dcgm level=INFO namespace=inference pod=checkpoint-249ed1 event=started gpu_util=98
2026-07-13T16:52:04.595Z host=gpu-node-094 service=scheduler level=INFO namespace=monitoring pod=node-exporter-a3e429 event=probe_ok gpu_util=53
2026-07-13T16:53:10.697Z host=gpu-node-029 service=scheduler level=INFO namespace=inference pod=trainer-8cf04e event=started gpu_util=78
2026-07-13T16:55:19.729Z host=gpu-node-085 service=scheduler level=INFO namespace=inference pod=node-exporter-83c4a6 event=probe_ok gpu_util=91
2026-07-13T16:55:31.806Z host=gpu-node-099 service=nvidia-dcgm level=INFO namespace=training pod=model-eval-0661e4 event=probe_ok gpu_util=96
2026-07-13T16:57:41.434Z host=eng-x12 service=sshd level=INFO user=sre repo=api-gateway event=push status=success job=44006 trace=f59d8c3f375a80
2026-07-13T16:57:57.026Z host=gpu-node-076 service=kubelet level=INFO namespace=training pod=model-eval-7a208a event=started gpu_util=57
2026-07-13T16:58:15.912Z host=gpu-node-031 service=scheduler level=INFO namespace=training pod=node-exporter-f7f9a4 event=started gpu_util=16
2026-07-13T17:01:39.718Z host=gpu-node-068 service=kubelet level=INFO namespace=inference pod=node-exporter-ceea16 event=probe_ok gpu_util=11
2026-07-13T17:01:40.840Z host=eng-x12 service=sshd level=INFO user=sre repo=api-gateway event=session_close status=success job=43050 trace=c40255d48fe479
2026-07-13T17:02:02.924Z host=gpu-node-115 service=kubelet level=INFO namespace=inference pod=trainer-8d0534 event=completed gpu_util=87
2026-07-13T17:02:04.190Z host=gpu-node-027 service=nvidia-dcgm level=INFO namespace=training pod=checkpoint-0dd1ce event=completed gpu_util=26
2026-07-13T17:03:52.793Z host=gpu-node-067 service=containerd level=INFO namespace=inference pod=node-exporter-980f80 event=image_present gpu_util=5
2026-07-13T17:03:53.080Z host=eng-x12 service=auditd level=INFO user=mchen repo=evaluation event=push status=success job=44585 trace=f13fd48829033b
2026-07-13T17:04:39.656Z host=eng-x12 service=sshd level=INFO user=deploybot repo=safety-filters event=session_close status=success job=45187 trace=2e0fc821188d81
2026-07-13T17:05:36.914Z host=gpu-node-004 service=kubelet level=INFO namespace=monitoring pod=checkpoint-f2f72a event=started gpu_util=34
2026-07-13T17:07:49.457Z host=eng-x12 service=sshd level=INFO user=mchen repo=model-runtime event=fetch status=success job=43066 trace=d878ad6dd55e8f
2026-07-13T17:07:55.571Z host=eng-x12 service=dockerd level=INFO user=deploybot repo=api-gateway event=push status=success job=46154 trace=683cbbf71c6362
2026-07-13T17:11:41.872Z host=gpu-node-001 service=nvidia-dcgm level=INFO namespace=monitoring pod=checkpoint-ef8875 event=completed gpu_util=70
2026-07-13T17:11:52.209Z host=gpu-node-034 service=kubelet level=INFO namespace=inference pod=node-exporter-af1efe event=completed gpu_util=100
2026-07-13T17:12:16.456Z host=eng-x12 service=auditd level=INFO user=mchen repo=safety-filters event=checkout status=success job=41602 trace=1326e4153eb4b8
2026-07-13T17:13:04.347Z host=eng-x12 service=gitlab-runner level=INFO user=builder repo=safety-filters event=fetch status=success job=48179 trace=f49fc6baffbdee
2026-07-13T17:14:17.768Z host=gpu-node-016 service=nvidia-dcgm level=INFO namespace=monitoring pod=node-exporter-ac5560 event=probe_ok gpu_util=40
2026-07-13T17:14:55.073Z host=eng-x12 service=dockerd level=INFO user=deploybot repo=infra-charts event=session_close status=success job=44240 trace=0bbe82c47cd4ab
2026-07-13T17:16:45.023Z host=gpu-node-029 service=kubelet level=INFO namespace=monitoring pod=node-exporter-9bf1fb event=probe_ok gpu_util=50
2026-07-13T17:17:06.524Z host=eng-x12 service=sshd level=INFO user=builder repo=infra-charts event=build status=success job=43603 trace=3bca8cef933e7a
2026-07-13T17:17:51.642Z host=eng-x12 service=sshd level=INFO user=builder repo=model-runtime event=fetch status=success job=42732 trace=fa3d5b09ee9473
2026-07-13T17:18:05.129Z host=eng-x12 service=gitlab-runner level=INFO user=sre repo=api-gateway event=session_close status=success job=42685 trace=3ca9c1ca0a8f6e
2026-07-13T17:22:10.698Z host=eng-x12 service=gitlab-runner level=INFO user=mchen repo=api-gateway event=build status=success job=48736 trace=41ba497da0f897
2026-07-13T17:22:22.643Z host=gpu-node-123 service=scheduler level=INFO namespace=monitoring pod=trainer-a945e9 event=started gpu_util=70
2026-07-13T17:23:28.534Z host=eng-x12 service=dockerd level=INFO user=mchen repo=infra-charts event=build status=success job=46801 trace=4842eb8b4c3f93
2026-07-13T17:25:52.987Z host=gpu-node-024 service=nvidia-dcgm level=INFO namespace=inference pod=node-exporter-bc9b49 event=probe_ok gpu_util=23
2026-07-13T17:26:41.889Z host=gpu-node-050 service=containerd level=INFO namespace=inference pod=trainer-969354 event=completed gpu_util=27
2026-07-13T17:28:39.655Z host=gpu-node-086 service=scheduler level=INFO namespace=training pod=checkpoint-ff1991 event=started gpu_util=79
2026-07-13T17:29:06.735Z host=eng-x12 service=sshd level=INFO user=mchen repo=model-runtime event=push status=success job=44581 trace=7019a60c7f9daf
2026-07-13T17:29:28.374Z host=eng-x12 service=dockerd level=INFO user=mchen repo=evaluation event=session_close status=success job=46362 trace=48b0b327abbe15
2026-07-13T17:29:53.423Z host=eng-x12 service=dockerd level=INFO user=deploybot repo=evaluation event=fetch status=success job=44192 trace=7402b4a07fcb2a
2026-07-13T17:30:22.355Z host=gpu-node-013 service=nvidia-dcgm level=INFO namespace=training pod=node-exporter-7d164a event=completed gpu_util=20
2026-07-13T17:30:53.940Z host=gpu-node-080 service=nvidia-dcgm level=INFO namespace=training pod=checkpoint-05e4ca event=image_present gpu_util=89
2026-07-13T17:32:33.280Z host=gpu-node-102 service=containerd level=INFO namespace=inference pod=checkpoint-5b47f4 event=started gpu_util=35
2026-07-13T17:32:43.824Z host=eng-x12 service=auditd level=INFO user=sre repo=api-gateway event=session_close status=success job=43973 trace=a210c2a1cdc1f7
2026-07-13T17:33:22.693Z host=gpu-node-043 service=nvidia-dcgm level=INFO namespace=monitoring pod=model-eval-e231a6 event=completed gpu_util=65
2026-07-13T17:33:29.173Z host=gpu-node-018 service=scheduler level=INFO namespace=inference pod=checkpoint-52fda8 event=probe_ok gpu_util=46
2026-07-13T17:33:52.077Z host=gpu-node-025 service=nvidia-dcgm level=INFO namespace=inference pod=node-exporter-41f371 event=image_present gpu_util=93
2026-07-13T17:33:57.956Z host=gpu-node-005 service=kubelet level=INFO namespace=monitoring pod=trainer-7ea9c3 event=completed gpu_util=54
2026-07-13T17:35:40.307Z host=eng-x12 service=auditd level=INFO user=sre repo=model-runtime event=push status=success job=46891 trace=8890c0ed5b6912
2026-07-13T17:36:12.157Z host=gpu-node-049 service=kubelet level=INFO namespace=inference pod=checkpoint-c58f64 event=started gpu_util=7
2026-07-13T17:36:53.688Z host=eng-x12 service=gitlab-runner level=INFO user=builder repo=safety-filters event=push status=success job=44299 trace=f843404c4a7a73
2026-07-13T17:37:29.647Z host=gpu-node-128 service=nvidia-dcgm level=INFO namespace=inference pod=model-eval-0be7ed event=image_present gpu_util=7
2026-07-13T17:38:35.715Z host=gpu-node-045 service=containerd level=INFO namespace=inference pod=node-exporter-9b0a0c event=completed gpu_util=94
2026-07-13T17:39:39.947Z host=eng-x12 service=sshd level=INFO user=builder repo=evaluation event=build status=success job=43892 trace=bba77d23b42297
2026-07-13T17:39:42.936Z host=gpu-node-088 service=containerd level=INFO namespace=monitoring pod=checkpoint-2283ee event=image_present gpu_util=92
2026-07-13T17:40:49.658Z host=eng-x12 service=dockerd level=INFO user=sre repo=api-gateway event=fetch status=success job=45341 trace=22e96ad6d703c2
2026-07-13T17:42:22.924Z host=gpu-node-009 service=containerd level=INFO namespace=training pod=model-eval-dcea37 event=image_present gpu_util=68
2026-07-13T17:42:41.114Z host=eng-x12 service=sshd level=INFO user=sre repo=safety-filters event=session_close status=success job=41345 trace=81ad586ec527ab
2026-07-13T17:42:42.268Z host=gpu-node-074 service=kubelet level=INFO namespace=training pod=trainer-cf8ec6 event=probe_ok gpu_util=56
2026-07-13T17:46:01.483Z host=eng-x12 service=sshd level=INFO user=mchen repo=infra-charts event=session_close status=success job=48739 trace=db86554b690bcf
2026-07-13T17:47:03.860Z host=eng-x12 service=auditd level=INFO user=deploybot repo=api-gateway event=checkout status=success job=43141 trace=c8f45c6539c3da
2026-07-13T17:49:10.366Z host=gpu-node-050 service=scheduler level=INFO namespace=inference pod=model-eval-e49303 event=probe_ok gpu_util=37
2026-07-13T17:50:30.130Z host=gpu-node-031 service=nvidia-dcgm level=INFO namespace=inference pod=checkpoint-f74a71 event=probe_ok gpu_util=88
2026-07-13T17:51:00.123Z host=gpu-node-050 service=scheduler level=INFO namespace=training pod=model-eval-beaf49 event=started gpu_util=54
2026-07-13T17:52:47.933Z host=eng-x12 service=gitlab-runner level=INFO user=sre repo=api-gateway event=fetch status=success job=44115 trace=7b3c8628a88494
2026-07-13T17:52:48.548Z host=eng-x12 service=auditd level=INFO user=builder repo=api-gateway event=checkout status=success job=41421 trace=281ccb86dd48db
2026-07-13T17:54:04.563Z host=eng-x12 service=sshd level=INFO user=mchen repo=model-runtime event=session_close status=success job=42454 trace=74cab5c372e1ab
2026-07-13T17:54:19.326Z host=eng-x12 service=gitlab-runner level=INFO user=builder repo=evaluation event=fetch status=success job=44751 trace=534bbec0b56349
2026-07-13T17:55:59.866Z host=gpu-node-055 service=containerd level=INFO namespace=training pod=checkpoint-bb18f4 event=started gpu_util=85
2026-07-13T17:56:07.090Z host=gpu-node-075 service=kubelet level=INFO namespace=training pod=trainer-489487 event=completed gpu_util=93
2026-07-13T17:56:32.554Z host=eng-x12 service=dockerd level=INFO user=deploybot repo=api-gateway event=session_close status=success job=46919 trace=46e754960c9e01
2026-07-13T17:57:22.730Z host=eng-x12 service=auditd level=INFO user=builder repo=safety-filters event=build status=success job=47411 trace=b10d66c6914ebc
2026-07-13T17:58:35.966Z host=eng-x12 service=sshd level=INFO user=mchen repo=infra-charts event=push status=success job=48397 trace=03cf94bc7dd6ff
2026-07-13T17:58:38.962Z host=eng-x12 service=dockerd level=INFO user=mchen repo=infra-charts event=checkout status=success job=41463 trace=923e0fe9448112
2026-07-13T17:59:06.895Z host=gpu-node-055 service=nvidia-dcgm level=INFO namespace=inference pod=node-exporter-e08a22 event=probe_ok gpu_util=18
2026-07-13T17:59:13.404Z host=gpu-node-048 service=kubelet level=INFO namespace=monitoring pod=checkpoint-2383cb event=image_present gpu_util=80
2026-07-13T17:59:20.466Z host=gpu-node-015 service=containerd level=INFO namespace=monitoring pod=node-exporter-f8fe1b event=image_present gpu_util=67
2026-07-13T17:59:24.752Z host=gpu-node-116 service=scheduler level=INFO namespace=training pod=node-exporter-ca3981 event=started gpu_util=92
2026-07-13T17:59:58.775Z host=eng-x12 service=dockerd level=INFO user=deploybot repo=evaluation event=push status=success job=41313 trace=2b4547fa1e151e
2026-07-13T18:00:11.279Z host=eng-x12 service=auditd level=INFO user=sre repo=api-gateway event=checkout status=success job=48444 trace=a84561b575a691
2026-07-13T18:03:52.098Z host=gpu-node-018 service=containerd level=INFO namespace=training pod=checkpoint-5c22bc event=completed gpu_util=56
2026-07-13T18:04:23.221Z host=eng-x12 service=dockerd level=INFO user=sre repo=infra-charts event=session_close status=success job=48662 trace=6d2b7f9968ee58
2026-07-13T18:07:18.443Z host=eng-x12 service=gitlab-runner level=INFO user=sre repo=api-gateway event=session_close status=success job=41016 trace=725669e21d4f0e
2026-07-13T18:07:51.179Z host=gpu-node-051 service=kubelet level=INFO namespace=inference pod=checkpoint-a1459f event=probe_ok gpu_util=22
2026-07-13T18:08:08.305Z host=eng-x12 service=auditd level=INFO user=deploybot repo=evaluation event=fetch status=success job=42663 trace=b740966bcbb144
2026-07-13T18:09:12.753Z host=gpu-node-066 service=nvidia-dcgm level=INFO namespace=monitoring pod=model-eval-87e11d event=probe_ok gpu_util=9
2026-07-13T18:10:58.654Z host=eng-x12 service=sshd level=INFO user=builder repo=safety-filters event=fetch status=success job=42242 trace=7cd6216752ecd7
2026-07-13T18:11:57.984Z host=gpu-node-091 service=nvidia-dcgm level=INFO namespace=training pod=model-eval-570bdd event=started gpu_util=8
2026-07-13T18:13:15.979Z host=eng-x12 service=sshd level=INFO user=sre repo=model-runtime event=checkout status=success job=47605 trace=49ace7a8a1f8c4
2026-07-13T18:14:34.649Z host=gpu-node-048 service=kubelet level=INFO namespace=inference pod=node-exporter-0bdfe4 event=started gpu_util=37
2026-07-13T18:15:31.115Z host=eng-x12 service=sshd level=INFO user=mchen repo=api-gateway event=checkout status=success job=45759 trace=b64555f36ee3dc
2026-07-13T18:16:25.955Z host=gpu-node-029 service=containerd level=INFO namespace=monitoring pod=checkpoint-3990e8 event=probe_ok gpu_util=28
2026-07-13T18:17:43.957Z host=gpu-node-046 service=kubelet level=INFO namespace=training pod=trainer-fb7fcb event=completed gpu_util=60
2026-07-13T18:17:47.872Z host=gpu-node-038 service=containerd level=INFO namespace=monitoring pod=model-eval-8c57e8 event=completed gpu_util=30
2026-07-13T18:18:25.596Z host=eng-x12 service=dockerd level=INFO user=sre repo=model-runtime event=checkout status=success job=44035 trace=7551f84a9b81d1
2026-07-13T18:18:42.918Z host=eng-x12 service=auditd level=INFO user=sre repo=evaluation event=fetch status=success job=45229 trace=c6629b5a752abf
2026-07-13T18:19:30.003Z host=eng-x12 service=dockerd level=INFO user=builder repo=safety-filters event=checkout status=success job=43906 trace=12068a28630481
2026-07-13T18:21:44.993Z host=eng-x12 service=auditd level=INFO user=mchen repo=infra-charts event=checkout status=success job=42552 trace=6e317876380bcd
2026-07-13T18:23:06.440Z host=eng-x12 service=auditd level=INFO user=sre repo=model-runtime event=checkout status=success job=42871 trace=fba90b8439dab6
2026-07-13T18:23:17.376Z host=gpu-node-127 service=scheduler level=INFO namespace=training pod=model-eval-14c15a event=completed gpu_util=89
2026-07-13T18:23:36.937Z host=eng-x12 service=gitlab-runner level=INFO user=sre repo=evaluation event=session_close status=success job=46563 trace=02e01e872df3c1
2026-07-13T18:24:26.157Z host=gpu-node-083 service=containerd level=INFO namespace=inference pod=trainer-04cd3e event=started gpu_util=45
2026-07-13T18:25:29.226Z host=eng-x12 service=gitlab-runner level=INFO user=mchen repo=api-gateway event=fetch status=success job=41995 trace=39886241cf3217
2026-07-13T18:25:49.979Z host=eng-x12 service=auditd level=INFO user=mchen repo=safety-filters event=session_close status=success job=48078 trace=fd133aa5412478
2026-07-13T18:26:21.235Z host=gpu-node-084 service=nvidia-dcgm level=INFO namespace=monitoring pod=trainer-1c7962 event=probe_ok gpu_util=59
2026-07-13T18:27:21.290Z host=eng-x12 service=dockerd level=INFO user=builder repo=api-gateway event=build status=success job=47497 trace=94484c163bd240
2026-07-13T18:27:26.846Z host=gpu-node-001 service=containerd level=INFO namespace=training pod=trainer-7eff3a event=probe_ok gpu_util=78
2026-07-13T18:28:03.903Z host=gpu-node-037 service=nvidia-dcgm level=INFO namespace=monitoring pod=model-eval-38b70c event=started gpu_util=2
2026-07-13T18:29:57.955Z host=gpu-node-072 service=nvidia-dcgm level=INFO namespace=training pod=trainer-5f058d event=probe_ok gpu_util=72
2026-07-13T18:32:20.913Z host=eng-x12 service=auditd level=INFO user=builder repo=api-gateway event=session_close status=success job=48708 trace=a1de00bebb2cef
2026-07-13T18:33:56.254Z host=eng-x12 service=auditd level=INFO user=builder repo=infra-charts event=checkout status=success job=41562 trace=75301beed9e166
2026-07-13T18:34:06.527Z host=gpu-node-099 service=scheduler level=INFO namespace=monitoring pod=model-eval-3cdf4d event=started gpu_util=43
2026-07-13T18:35:39.809Z host=eng-x12 service=dockerd level=INFO user=sre repo=infra-charts event=checkout status=success job=45683 trace=98909ca63d5eb9
2026-07-13T18:35:46.760Z host=gpu-node-095 service=nvidia-dcgm level=INFO namespace=monitoring pod=node-exporter-7ed888 event=probe_ok gpu_util=58
2026-07-13T18:39:32.864Z host=eng-x12 service=auditd level=INFO user=deploybot repo=api-gateway event=build status=success job=46549 trace=683ad198b63eea
2026-07-13T18:41:09.966Z host=eng-x12 service=gitlab-runner level=INFO user=sre repo=model-runtime event=build status=success job=42274 trace=a545c1f5db98d4
2026-07-13T18:41:32.617Z host=eng-x12 service=gitlab-runner level=INFO user=mchen repo=model-runtime event=push status=success job=48769 trace=87ebf1268a2798
2026-07-13T18:42:26.589Z host=eng-x12 service=gitlab-runner level=INFO user=sre repo=model-runtime event=push status=success job=44816 trace=5d10d2d235a954
2026-07-13T18:42:33.128Z host=gpu-node-125 service=containerd level=INFO namespace=training pod=node-exporter-737967 event=started gpu_util=100
2026-07-13T18:42:54.657Z host=gpu-node-050 service=nvidia-dcgm level=INFO namespace=monitoring pod=checkpoint-cca8f2 event=started gpu_util=98
2026-07-13T18:45:17.407Z host=eng-x12 service=auditd level=INFO user=sre repo=evaluation event=push status=success job=41394 trace=b5f287ce7966e0
2026-07-13T18:45:20.865Z host=eng-x12 service=gitlab-runner level=INFO user=mchen repo=model-runtime event=fetch status=success job=46762 trace=8da1b294e68f72
2026-07-13T18:46:57.303Z host=gpu-node-047 service=nvidia-dcgm level=INFO namespace=training pod=trainer-7e9c42 event=image_present gpu_util=75
2026-07-13T18:47:17.731Z host=eng-x12 service=dockerd level=INFO user=mchen repo=safety-filters event=checkout status=success job=45621 trace=94263ca403bcca
2026-07-13T18:47:45.414Z host=eng-x12 service=gitlab-runner level=INFO user=mchen repo=model-runtime event=checkout status=success job=48300 trace=c0f2a98e28d9b4
2026-07-13T18:47:46.852Z host=gpu-node-079 service=nvidia-dcgm level=INFO namespace=inference pod=checkpoint-97ed67 event=image_present gpu_util=44
2026-07-13T18:52:16.980Z host=gpu-node-032 service=nvidia-dcgm level=INFO namespace=monitoring pod=trainer-6153f2 event=image_present gpu_util=79
2026-07-13T18:52:36.818Z host=eng-x12 service=gitlab-runner level=INFO user=builder repo=safety-filters event=fetch status=success job=44077 trace=74ac7d0b11f26f
2026-07-13T18:53:04.907Z host=eng-x12 service=gitlab-runner level=INFO user=deploybot repo=api-gateway event=session_close status=success job=44555 trace=4d85d2ae1a6775
2026-07-13T18:53:33.005Z host=gpu-node-036 service=kubelet level=INFO namespace=inference pod=trainer-87d1df event=started gpu_util=21
2026-07-13T18:53:37.852Z host=eng-x12 service=gitlab-runner level=INFO user=deploybot repo=infra-charts event=session_close status=success job=45813 trace=d4b640f847a18d
2026-07-13T18:57:57.323Z host=gpu-node-086 service=nvidia-dcgm level=INFO namespace=training pod=model-eval-683528 event=started gpu_util=55
2026-07-13T18:58:34.813Z host=gpu-node-054 service=kubelet level=INFO namespace=inference pod=checkpoint-4942da event=image_present gpu_util=58
2026-07-13T19:00:14.414Z host=gpu-node-041 service=containerd level=INFO namespace=inference pod=checkpoint-82389f event=image_present gpu_util=74
2026-07-13T19:01:04.346Z host=gpu-node-051 service=nvidia-dcgm level=INFO namespace=inference pod=model-eval-b48361 event=completed gpu_util=65
2026-07-13T19:01:33.378Z host=gpu-node-100 service=kubelet level=INFO namespace=monitoring pod=checkpoint-1f8b1d event=probe_ok gpu_util=28
2026-07-13T19:03:27.860Z host=eng-x12 service=sshd level=INFO user=mchen repo=model-runtime event=checkout status=success job=48149 trace=bb8ccc1159b96f
2026-07-13T19:08:09.473Z host=eng-x12 service=dockerd level=INFO user=mchen repo=model-runtime event=build status=success job=43430 trace=6fa099c142ab04
2026-07-13T19:09:14.430Z host=gpu-node-068 service=kubelet level=INFO namespace=monitoring pod=trainer-49cd81 event=image_present gpu_util=95
2026-07-13T19:09:31.622Z host=gpu-node-029 service=scheduler level=INFO namespace=inference pod=node-exporter-02f2f8 event=completed gpu_util=63
2026-07-13T19:09:40.985Z host=gpu-node-005 service=kubelet level=INFO namespace=training pod=node-exporter-185d01 event=completed gpu_util=75
2026-07-13T19:14:51.859Z host=gpu-node-114 service=kubelet level=INFO namespace=inference pod=checkpoint-1d5621 event=image_present gpu_util=96
2026-07-13T19:19:07.258Z host=gpu-node-046 service=kubelet level=INFO namespace=monitoring pod=trainer-a13e52 event=image_present gpu_util=92
2026-07-13T19:19:36.121Z host=eng-x12 service=gitlab-runner level=INFO user=builder repo=api-gateway event=fetch status=success job=48019 trace=9584a6d90482fa
2026-07-13T19:20:28.996Z host=gpu-node-053 service=nvidia-dcgm level=INFO namespace=training pod=trainer-5ad8da event=started gpu_util=15
2026-07-13T19:20:31.793Z host=gpu-node-002 service=kubelet level=INFO namespace=monitoring pod=trainer-665cb1 event=completed gpu_util=92
2026-07-13T19:21:28.474Z host=gpu-node-107 service=kubelet level=INFO namespace=inference pod=checkpoint-fac9f3 event=image_present gpu_util=89
2026-07-13T19:22:21.708Z host=gpu-node-016 service=kubelet level=INFO namespace=monitoring pod=trainer-82d148 event=probe_ok gpu_util=3
2026-07-13T19:22:35.005Z host=eng-x12 service=sshd level=INFO user=builder repo=evaluation event=push status=success job=42672 trace=750177db102050
2026-07-13T19:23:24.267Z host=gpu-node-049 service=scheduler level=INFO namespace=inference pod=node-exporter-beb21a event=completed gpu_util=85
2026-07-13T19:23:52.920Z host=gpu-node-072 service=nvidia-dcgm level=INFO namespace=monitoring pod=model-eval-f3cc38 event=probe_ok gpu_util=54
2026-07-13T19:24:27.169Z host=eng-x12 service=auditd level=INFO user=builder repo=infra-charts event=build status=success job=42097 trace=c5df0750d9a706
2026-07-13T19:24:43.855Z host=gpu-node-055 service=scheduler level=INFO namespace=inference pod=trainer-51b6b9 event=started gpu_util=91
2026-07-13T19:25:44.620Z host=eng-x12 service=dockerd level=INFO user=sre repo=model-runtime event=build status=success job=42251 trace=a2d092b43dca22
2026-07-13T19:27:07.875Z host=eng-x12 service=sshd level=INFO user=deploybot repo=infra-charts event=checkout status=success job=41891 trace=e2bf7cf0697950
2026-07-13T19:29:51.647Z host=eng-x12 service=gitlab-runner level=INFO user=builder repo=model-runtime event=build status=success job=42184 trace=954fffc9526f85
2026-07-13T19:30:40.963Z host=eng-x12 service=auditd level=INFO user=deploybot repo=safety-filters event=fetch status=success job=43687 trace=34f7e3bda4602d
2026-07-13T19:30:59.943Z host=eng-x12 service=auditd level=INFO user=sre repo=api-gateway event=checkout status=success job=43299 trace=6dd044f926699d
2026-07-13T19:31:25.432Z host=eng-x12 service=auditd level=INFO user=sre repo=model-runtime event=session_close status=success job=44011 trace=7418ccf1dbdf1b
2026-07-13T19:31:32.534Z host=gpu-node-033 service=kubelet level=INFO namespace=inference pod=node-exporter-1b6d93 event=completed gpu_util=61
2026-07-13T19:33:52.399Z host=eng-x12 service=sshd level=INFO user=builder repo=safety-filters event=checkout status=success job=41518 trace=b4d0f5037a471b
2026-07-13T19:35:34.322Z host=gpu-node-094 service=nvidia-dcgm level=INFO namespace=training pod=model-eval-94caf3 event=started gpu_util=71
2026-07-13T19:37:03.966Z host=eng-x12 service=sshd level=INFO user=sre repo=api-gateway event=session_close status=success job=43445 trace=a02edb986dfd01
2026-07-13T19:37:05.733Z host=gpu-node-020 service=kubelet level=INFO namespace=monitoring pod=checkpoint-2b0e31 event=image_present gpu_util=60
2026-07-13T19:37:39.151Z host=eng-x12 service=sshd level=INFO user=sre repo=infra-charts event=session_close status=success job=47648 trace=3bb31d9c78a3a8
2026-07-13T19:37:47.382Z host=gpu-node-007 service=kubelet level=INFO namespace=training pod=model-eval-26aa76 event=started gpu_util=51
2026-07-13T19:41:37.495Z host=eng-x12 service=dockerd level=INFO user=sre repo=safety-filters event=build status=success job=45702 trace=4e1974eb897e06
2026-07-13T19:43:08.522Z host=gpu-node-063 service=kubelet level=INFO namespace=monitoring pod=checkpoint-418bb8 event=started gpu_util=87
2026-07-13T19:43:52.826Z host=eng-x12 service=dockerd level=INFO user=mchen repo=evaluation event=fetch status=success job=41815 trace=48e57d8686c62a
2026-07-13T19:44:41.532Z host=eng-x12 service=auditd level=INFO user=deploybot repo=infra-charts event=checkout status=success job=48607 trace=8b48deaf3ca365
2026-07-13T19:45:36.608Z host=gpu-node-124 service=nvidia-dcgm level=INFO namespace=training pod=node-exporter-21d83c event=image_present gpu_util=13
2026-07-13T19:47:36.861Z host=eng-x12 service=sshd level=INFO user=mchen repo=safety-filters event=push status=success job=42907 trace=f04243469a1ed6
2026-07-13T19:49:01.013Z host=eng-x12 service=auditd level=INFO user=mchen repo=infra-charts event=push status=success job=41950 trace=521c2cef0504bf
2026-07-13T19:51:20.261Z host=gpu-node-098 service=scheduler level=INFO namespace=inference pod=checkpoint-71f53f event=probe_ok gpu_util=21
2026-07-13T19:52:25.541Z host=eng-x12 service=auditd level=INFO user=mchen repo=api-gateway event=checkout status=success job=42337 trace=ef2fedaa8857d4
2026-07-13T19:52:30.113Z host=gpu-node-013 service=scheduler level=INFO namespace=monitoring pod=model-eval-634b2c event=completed gpu_util=36
2026-07-13T19:53:47.603Z host=gpu-node-049 service=nvidia-dcgm level=INFO namespace=training pod=model-eval-d3a5cd event=image_present gpu_util=10
2026-07-13T19:54:06.235Z host=eng-x12 service=auditd level=INFO user=deploybot repo=safety-filters event=push status=success job=46304 trace=cd9fda0838a50c
2026-07-13T19:54:30.662Z host=gpu-node-072 service=kubelet level=INFO namespace=inference pod=trainer-a73e2d event=completed gpu_util=47
2026-07-13T19:56:12.848Z host=eng-x12 service=auditd level=INFO user=deploybot repo=evaluation event=fetch status=success job=48716 trace=c2f1d826eeb685
2026-07-13T19:56:35.115Z host=eng-x12 service=dockerd level=INFO user=deploybot repo=model-runtime event=push status=success job=46649 trace=25b4183d59a4a3
2026-07-13T19:56:48.941Z host=gpu-node-059 service=kubelet level=INFO namespace=inference pod=checkpoint-2532f9 event=probe_ok gpu_util=90
2026-07-13T19:57:05.124Z host=gpu-node-084 service=kubelet level=INFO namespace=monitoring pod=node-exporter-5f67ae event=probe_ok gpu_util=83
2026-07-13T19:57:08.055Z host=gpu-node-114 service=scheduler level=INFO namespace=monitoring pod=checkpoint-6d2399 event=probe_ok gpu_util=93
2026-07-13T19:57:34.686Z host=eng-x12 service=gitlab-runner level=INFO user=deploybot repo=safety-filters event=build status=success job=44218 trace=696b1a4ad5b505
2026-07-13T19:58:49.473Z host=eng-x12 service=sshd level=INFO user=builder repo=safety-filters event=fetch status=success job=42431 trace=cffe56de82ef63
2026-07-13T20:00:42.020Z host=eng-x12 service=auditd level=INFO user=deploybot repo=evaluation event=fetch status=success job=42249 trace=acb5e77e7d9e83
2026-07-13T20:01:58.024Z host=gpu-node-033 service=kubelet level=INFO namespace=monitoring pod=node-exporter-577c6d event=image_present gpu_util=78
2026-07-13T20:02:41.637Z host=gpu-node-080 service=scheduler level=INFO namespace=inference pod=trainer-774ffd event=completed gpu_util=30
2026-07-13T20:05:40.036Z host=gpu-node-093 service=kubelet level=INFO namespace=monitoring pod=checkpoint-47afc7 event=probe_ok gpu_util=89
2026-07-13T20:06:31.682Z host=gpu-node-061 service=nvidia-dcgm level=INFO namespace=inference pod=model-eval-4dbc67 event=image_present gpu_util=86
2026-07-13T20:09:25.936Z host=eng-x12 service=sshd level=INFO user=mchen repo=evaluation event=session_close status=success job=44380 trace=8644d54a91d112
2026-07-13T20:09:50.366Z host=eng-x12 service=auditd level=INFO user=mchen repo=safety-filters event=fetch status=success job=48169 trace=6de3a6af1a0cfc
2026-07-13T20:10:54.059Z host=eng-x12 service=gitlab-runner level=INFO user=mchen repo=infra-charts event=session_close status=success job=41659 trace=c650d148298ab2
2026-07-13T20:11:54.005Z host=eng-x12 service=auditd level=INFO user=mchen repo=infra-charts event=session_close status=success job=42654 trace=cf7ab81e1aa839
2026-07-13T20:12:30.796Z host=eng-x12 service=sshd level=INFO user=builder repo=evaluation event=checkout status=success job=44749 trace=db03874b56a50b
2026-07-13T20:13:00.234Z host=eng-x12 service=dockerd level=INFO user=sre repo=safety-filters event=build status=success job=47619 trace=a9e25c0ddd6543
2026-07-13T20:13:01.754Z host=eng-x12 service=dockerd level=INFO user=builder repo=infra-charts event=build status=success job=44532 trace=d3bb6ed041166e
2026-07-13T20:13:38.865Z host=gpu-node-053 service=kubelet level=INFO namespace=training pod=model-eval-27709c event=probe_ok gpu_util=85
2026-07-13T20:14:45.123Z host=eng-x12 service=auditd level=INFO user=mchen repo=model-runtime event=fetch status=success job=46401 trace=49cd30c76f8c90
2026-07-13T20:19:33.992Z host=eng-x12 service=sshd level=INFO user=sre repo=api-gateway event=push status=success job=42693 trace=1ae4abf893f8f7
2026-07-13T20:19:58.726Z host=eng-x12 service=auditd level=INFO user=builder repo=infra-charts event=build status=success job=42896 trace=17976de3a74156
2026-07-13T20:20:37.819Z host=eng-x12 service=auditd level=INFO user=sre repo=model-runtime event=push status=success job=44114 trace=194be0905e3702
2026-07-13T20:21:32.193Z host=gpu-node-117 service=containerd level=INFO namespace=monitoring pod=trainer-4e757c event=completed gpu_util=88
2026-07-13T20:22:35.444Z host=gpu-node-082 service=kubelet level=INFO namespace=inference pod=node-exporter-2f3ee9 event=image_present gpu_util=87
2026-07-13T20:23:38.144Z host=eng-x12 service=sshd level=INFO user=deploybot repo=api-gateway event=build status=success job=43576 trace=d12f2bd6f7050a
2026-07-13T20:25:08.732Z host=gpu-node-117 service=scheduler level=INFO namespace=monitoring pod=node-exporter-3c9905 event=probe_ok gpu_util=67
2026-07-13T20:25:12.728Z host=gpu-node-115 service=scheduler level=INFO namespace=inference pod=trainer-6ca0c2 event=completed gpu_util=87
2026-07-13T20:25:30.164Z host=eng-x12 service=sshd level=INFO user=sre repo=infra-charts event=build status=success job=46850 trace=3fb78a09fb69ab
2026-07-13T20:25:52.704Z host=gpu-node-123 service=nvidia-dcgm level=INFO namespace=training pod=checkpoint-aa326f event=started gpu_util=51
2026-07-13T20:26:25.136Z host=eng-x12 service=dockerd level=INFO user=sre repo=api-gateway event=fetch status=success job=41471 trace=785416ed43ad5b
2026-07-13T20:26:48.293Z host=eng-x12 service=gitlab-runner level=INFO user=builder repo=evaluation event=build status=success job=45978 trace=e4885d118a9604
2026-07-13T20:26:58.940Z host=eng-x12 service=sshd level=INFO user=deploybot repo=safety-filters event=push status=success job=42068 trace=c95dfdfa3c6e67
2026-07-13T20:27:40.115Z host=eng-x12 service=gitlab-runner level=INFO user=deploybot repo=api-gateway event=fetch status=success job=47490 trace=776c60f30a21df
2026-07-13T20:29:35.903Z host=gpu-node-091 service=scheduler level=INFO namespace=inference pod=trainer-122430 event=probe_ok gpu_util=28
2026-07-13T20:31:37.638Z host=eng-x12 service=gitlab-runner level=INFO user=builder repo=infra-charts event=build status=success job=47480 trace=7ed3018c1426d0
2026-07-13T20:31:42.302Z host=gpu-node-061 service=nvidia-dcgm level=INFO namespace=training pod=model-eval-d102c3 event=completed gpu_util=60
2026-07-13T20:32:41.564Z host=eng-x12 service=auditd level=INFO user=deploybot repo=evaluation event=checkout status=success job=46599 trace=6c450deb867741
2026-07-13T20:33:57.959Z host=eng-x12 service=auditd level=INFO user=mchen repo=evaluation event=build status=success job=48634 trace=b40dfd20ab436d
2026-07-13T20:34:30.248Z host=gpu-node-081 service=nvidia-dcgm level=INFO namespace=monitoring pod=trainer-ab021a event=started gpu_util=99
2026-07-13T20:37:10.375Z host=gpu-node-062 service=containerd level=INFO namespace=monitoring pod=model-eval-ee006a event=started gpu_util=46
2026-07-13T20:40:02.503Z host=gpu-node-036 service=kubelet level=INFO namespace=monitoring pod=trainer-592fca event=completed gpu_util=58
2026-07-13T20:40:53.097Z host=eng-x12 service=gitlab-runner level=INFO user=deploybot repo=evaluation event=fetch status=success job=45339 trace=76451bcf5171e7
2026-07-13T20:42:02.576Z host=gpu-node-050 service=kubelet level=INFO namespace=training pod=trainer-0263f8 event=probe_ok gpu_util=89
2026-07-13T20:43:21.199Z host=gpu-node-123 service=nvidia-dcgm level=INFO namespace=monitoring pod=checkpoint-0ce4c8 event=probe_ok gpu_util=48
2026-07-13T20:45:06.521Z host=eng-x12 service=auditd level=INFO user=deploybot repo=model-runtime event=fetch status=success job=41882 trace=b442bbdc4e3f68
2026-07-13T20:45:39.775Z host=gpu-node-121 service=containerd level=INFO namespace=training pod=checkpoint-8a5a5b event=image_present gpu_util=37
2026-07-13T20:46:05.524Z host=gpu-node-081 service=nvidia-dcgm level=INFO namespace=monitoring pod=node-exporter-a0f3a0 event=image_present gpu_util=97
2026-07-13T20:48:31.894Z host=eng-x12 service=sshd level=INFO user=builder repo=model-runtime event=session_close status=success job=42181 trace=74cafdd7076af9
2026-07-13T20:50:25.969Z host=gpu-node-107 service=kubelet level=INFO namespace=monitoring pod=model-eval-4d185e event=started gpu_util=10
2026-07-13T20:51:34.627Z host=eng-x12 service=sshd level=INFO user=mchen repo=evaluation event=session_close status=success job=41013 trace=9c9f0edc08a4d9
2026-07-13T20:52:02.935Z host=gpu-node-034 service=containerd level=INFO namespace=monitoring pod=model-eval-8cfd3f event=probe_ok gpu_util=40
2026-07-13T20:52:16.689Z host=eng-x12 service=gitlab-runner level=INFO user=sre repo=infra-charts event=build status=success job=43528 trace=a77a7e2b2a96f7
2026-07-13T20:54:05.774Z host=gpu-node-078 service=scheduler level=INFO namespace=inference pod=node-exporter-3dc3ca event=probe_ok gpu_util=48
2026-07-13T20:55:07.485Z host=gpu-node-128 service=kubelet level=INFO namespace=monitoring pod=checkpoint-bde9e1 event=image_present gpu_util=90
2026-07-13T20:55:31.524Z host=gpu-node-094 service=containerd level=INFO namespace=monitoring pod=model-eval-90846d event=image_present gpu_util=79
2026-07-13T20:55:57.288Z host=gpu-node-082 service=nvidia-dcgm level=INFO namespace=training pod=node-exporter-266695 event=completed gpu_util=22
2026-07-13T20:57:50.831Z host=eng-x12 service=gitlab-runner level=INFO user=deploybot repo=api-gateway event=fetch status=success job=42057 trace=197a5945e3a716
2026-07-13T20:59:49.220Z host=gpu-node-108 service=kubelet level=INFO namespace=monitoring pod=trainer-4322d7 event=image_present gpu_util=19
2026-07-13T21:01:07.612Z host=gpu-node-126 service=nvidia-dcgm level=INFO namespace=monitoring pod=checkpoint-c716ff event=started gpu_util=29
2026-07-13T21:01:22.934Z host=gpu-node-094 service=containerd level=INFO namespace=inference pod=checkpoint-ff9eea event=image_present gpu_util=93
2026-07-13T21:05:31.785Z host=gpu-node-095 service=nvidia-dcgm level=INFO namespace=monitoring pod=model-eval-306fae event=image_present gpu_util=70
2026-07-13T21:05:56.940Z host=eng-x12 service=sshd level=INFO user=sre repo=safety-filters event=fetch status=success job=47216 trace=a7188e519a1884
2026-07-13T21:06:02.837Z host=eng-x12 service=sshd level=INFO user=sre repo=api-gateway event=checkout status=success job=48865 trace=5bef526fc5be97
2026-07-13T21:06:55.895Z host=eng-x12 service=sshd level=INFO user=sre repo=api-gateway event=session_close status=success job=41723 trace=bb3a4d9bad351f
2026-07-13T21:07:32.341Z host=gpu-node-097 service=kubelet level=INFO namespace=monitoring pod=trainer-f74114 event=probe_ok gpu_util=83
2026-07-13T21:07:39.440Z host=eng-x12 service=gitlab-runner level=INFO user=sre repo=evaluation event=build status=success job=44499 trace=fbd09d0782b5a2
2026-07-13T21:09:16.716Z host=eng-x12 service=dockerd level=INFO user=sre repo=infra-charts event=fetch status=success job=42466 trace=af2c35126517a0
2026-07-13T21:12:10.519Z host=eng-x12 service=auditd level=INFO user=builder repo=model-runtime event=checkout status=success job=48890 trace=ea65c73499cd4e
2026-07-13T21:12:28.029Z host=gpu-node-075 service=containerd level=INFO namespace=training pod=node-exporter-0a0436 event=completed gpu_util=89
2026-07-13T21:13:33.320Z host=eng-x12 service=sshd level=INFO user=builder repo=evaluation event=fetch status=success job=47184 trace=da3c9945edc18a
2026-07-13T21:13:59.553Z host=gpu-node-115 service=containerd level=INFO namespace=monitoring pod=model-eval-ada945 event=completed gpu_util=68
2026-07-13T21:16:33.505Z host=eng-x12 service=dockerd level=INFO user=deploybot repo=infra-charts event=fetch status=success job=47901 trace=25d85315c64fad
2026-07-13T21:16:41.339Z host=gpu-node-011 service=nvidia-dcgm level=INFO namespace=training pod=trainer-beb4f3 event=completed gpu_util=51
2026-07-13T21:17:48.525Z host=gpu-node-119 service=kubelet level=INFO namespace=training pod=trainer-4d79e8 event=started gpu_util=1
2026-07-13T21:21:44.022Z host=gpu-node-062 service=scheduler level=INFO namespace=monitoring pod=node-exporter-e2c99c event=image_present gpu_util=69
2026-07-13T21:23:43.593Z host=gpu-node-081 service=containerd level=INFO namespace=training pod=trainer-5be83b event=completed gpu_util=74
2026-07-13T21:24:10.839Z host=gpu-node-011 service=scheduler level=INFO namespace=monitoring pod=node-exporter-195f09 event=started gpu_util=69
2026-07-13T21:24:24.727Z host=gpu-node-087 service=containerd level=INFO namespace=monitoring pod=node-exporter-da841f event=image_present gpu_util=7
2026-07-13T21:25:46.696Z host=eng-x12 service=sshd level=INFO user=builder repo=api-gateway event=build status=success job=45184 trace=37fe6cd96b5578
2026-07-13T21:26:34.842Z host=gpu-node-089 service=containerd level=INFO namespace=inference pod=checkpoint-74fdc8 event=completed gpu_util=8
2026-07-13T21:27:15.521Z host=gpu-node-063 service=nvidia-dcgm level=INFO namespace=training pod=checkpoint-d31a21 event=image_present gpu_util=42
2026-07-13T21:30:50.680Z host=gpu-node-116 service=kubelet level=INFO namespace=training pod=trainer-b78cfa event=started gpu_util=27
2026-07-13T21:31:58.917Z host=gpu-node-032 service=kubelet level=INFO namespace=training pod=node-exporter-9a5045 event=image_present gpu_util=73
2026-07-13T21:32:22.936Z host=eng-x12 service=auditd level=INFO user=deploybot repo=model-runtime event=fetch status=success job=45248 trace=8353f85162967b
2026-07-13T21:34:38.556Z host=eng-x12 service=sshd level=INFO user=sre repo=api-gateway event=build status=success job=46595 trace=dfe3ebe7345f78
2026-07-13T21:34:49.981Z host=eng-x12 service=dockerd level=INFO user=sre repo=safety-filters event=fetch status=success job=43504 trace=ca653dbfceea23
2026-07-13T21:36:10.614Z host=eng-x12 service=sshd level=INFO user=mchen repo=safety-filters event=session_close status=success job=44066 trace=36d5eff13a37d1
2026-07-13T21:37:53.279Z host=gpu-node-025 service=nvidia-dcgm level=INFO namespace=monitoring pod=model-eval-92b1f7 event=completed gpu_util=70
2026-07-13T21:38:08.346Z host=gpu-node-022 service=scheduler level=INFO namespace=monitoring pod=checkpoint-b11ec7 event=image_present gpu_util=78
2026-07-13T21:38:19.064Z host=gpu-node-007 service=scheduler level=INFO namespace=training pod=trainer-82ae39 event=image_present gpu_util=44
2026-07-13T21:41:07.899Z host=gpu-node-116 service=scheduler level=INFO namespace=inference pod=model-eval-1c27c0 event=completed gpu_util=34
2026-07-13T21:41:29.991Z host=gpu-node-019 service=containerd level=INFO namespace=inference pod=model-eval-503b76 event=started gpu_util=31
2026-07-13T21:42:54.869Z host=eng-x12 service=gitlab-runner level=INFO user=sre repo=api-gateway event=build status=success job=45455 trace=8e50be0a07ca8b
2026-07-13T21:43:21.371Z host=gpu-node-076 service=containerd level=INFO namespace=monitoring pod=trainer-1fe48e event=started gpu_util=46
2026-07-13T21:43:47.659Z host=gpu-node-106 service=scheduler level=INFO namespace=monitoring pod=checkpoint-495685 event=probe_ok gpu_util=20
2026-07-13T21:44:17.795Z host=eng-x12 service=dockerd level=INFO user=mchen repo=evaluation event=build status=success job=48000 trace=3613732fb74ddb
2026-07-13T21:44:36.611Z host=eng-x12 service=sshd level=INFO user=deploybot repo=evaluation event=push status=success job=46184 trace=1866796da7b3aa
2026-07-13T21:45:07.610Z host=gpu-node-113 service=kubelet level=INFO namespace=monitoring pod=node-exporter-31a50b event=image_present gpu_util=6
2026-07-13T21:45:39.260Z host=gpu-node-060 service=kubelet level=INFO namespace=training pod=checkpoint-b4f43f event=started gpu_util=58
2026-07-13T21:45:48.456Z host=eng-x12 service=auditd level=INFO user=mchen repo=evaluation event=checkout status=success job=43724 trace=00605d5a71b6ad
2026-07-13T21:46:08.432Z host=gpu-node-064 service=nvidia-dcgm level=INFO namespace=inference pod=trainer-b89204 event=started gpu_util=55
2026-07-13T21:46:45.510Z host=gpu-node-074 service=kubelet level=INFO namespace=inference pod=node-exporter-da7e76 event=started gpu_util=57
2026-07-13T21:49:58.177Z host=eng-x12 service=auditd level=INFO user=deploybot repo=infra-charts event=checkout status=success job=45514 trace=aee67753ee0fe2
2026-07-13T21:51:00.987Z host=eng-x12 service=auditd level=INFO user=mchen repo=evaluation event=build status=success job=47847 trace=cee3d4caccb4dd
2026-07-13T21:51:41.343Z host=gpu-node-002 service=nvidia-dcgm level=INFO namespace=monitoring pod=model-eval-b012b7 event=completed gpu_util=54
2026-07-13T21:53:20.667Z host=eng-x12 service=dockerd level=INFO user=builder repo=infra-charts event=fetch status=success job=42685 trace=cfa803bcae093c
2026-07-13T21:53:58.842Z host=eng-x12 service=gitlab-runner level=INFO user=deploybot repo=evaluation event=fetch status=success job=48924 trace=0ba2cd698a488e
2026-07-13T21:54:07.742Z host=gpu-node-107 service=containerd level=INFO namespace=training pod=checkpoint-25699e event=started gpu_util=90
2026-07-13T21:54:13.466Z host=gpu-node-066 service=containerd level=INFO namespace=inference pod=node-exporter-ddbaae event=probe_ok gpu_util=31
2026-07-13T21:54:42.586Z host=eng-x12 service=sshd level=INFO user=sre repo=model-runtime event=session_close status=success job=48953 trace=6e802634682b8f
2026-07-13T21:54:54.494Z host=gpu-node-114 service=scheduler level=INFO namespace=training pod=node-exporter-9ec185 event=completed gpu_util=63
2026-07-13T21:54:57.898Z host=eng-x12 service=sshd level=INFO user=mchen repo=safety-filters event=session_close status=success job=45791 trace=26b445ebda47ff
2026-07-13T21:56:03.900Z host=eng-x12 service=auditd level=INFO user=builder repo=infra-charts event=checkout status=success job=47860 trace=5d8f4fd623a1fd
2026-07-13T21:56:11.523Z host=eng-x12 service=gitlab-runner level=INFO user=deploybot repo=evaluation event=session_close status=success job=47182 trace=1b719924e517dc
2026-07-13T21:56:12.432Z host=gpu-node-061 service=kubelet level=INFO namespace=monitoring pod=trainer-dbcf67 event=completed gpu_util=29
2026-07-13T21:57:47.641Z host=gpu-node-087 service=scheduler level=INFO namespace=training pod=trainer-ae171d event=completed gpu_util=1
2026-07-13T21:59:10.840Z host=eng-x12 service=auditd level=INFO user=deploybot repo=model-runtime event=build status=success job=48543 trace=3a3cd7fd81435e
2026-07-13T22:03:44.030Z host=eng-x12 service=auditd level=INFO user=builder repo=infra-charts event=checkout status=success job=48682 trace=a2a618f9935a24
2026-07-13T22:03:55.032Z host=gpu-node-110 service=containerd level=INFO namespace=training pod=trainer-f147c0 event=started gpu_util=19
2026-07-13T22:05:22.512Z host=eng-x12 service=sshd level=INFO user=mchen repo=evaluation event=build status=success job=42643 trace=1d803bb963aa53
2026-07-13T22:05:59.962Z host=eng-x12 service=auditd level=INFO user=builder repo=infra-charts event=fetch status=success job=44927 trace=54419b7be32085
2026-07-13T22:08:45.840Z host=eng-x12 service=gitlab-runner level=INFO user=deploybot repo=safety-filters event=checkout status=success job=46488 trace=e2f7578cc46707
2026-07-13T22:08:51.948Z host=gpu-node-017 service=nvidia-dcgm level=INFO namespace=inference pod=model-eval-b701fe event=probe_ok gpu_util=17
2026-07-13T22:08:55.640Z host=eng-x12 service=sshd level=INFO user=builder repo=model-runtime event=build status=success job=47203 trace=250919b0367b89
2026-07-13T22:09:26.076Z host=gpu-node-108 service=scheduler level=INFO namespace=monitoring pod=model-eval-daf921 event=image_present gpu_util=7
2026-07-13T22:10:49.422Z host=gpu-node-013 service=scheduler level=INFO namespace=monitoring pod=model-eval-5d7dd6 event=started gpu_util=98
2026-07-13T22:10:49.683Z host=gpu-node-006 service=containerd level=INFO namespace=training pod=model-eval-841373 event=image_present gpu_util=87
2026-07-13T22:11:27.502Z host=eng-x12 service=sshd level=INFO user=mchen repo=model-runtime event=push status=success job=46682 trace=7f6f1c5ec948a5
2026-07-13T22:12:05.035Z host=eng-x12 service=auditd level=INFO user=deploybot repo=safety-filters event=session_close status=success job=44939 trace=bbc01cd5d47ab5
2026-07-13T22:14:19.106Z host=eng-x12 service=dockerd level=INFO user=builder repo=model-runtime event=session_close status=success job=45884 trace=ffa48200f09cb2
2026-07-13T22:17:26.573Z host=gpu-node-091 service=containerd level=INFO namespace=monitoring pod=model-eval-8aeaaf event=probe_ok gpu_util=57
2026-07-13T22:19:18.173Z host=eng-x12 service=sshd level=INFO user=deploybot repo=api-gateway event=checkout status=success job=47873 trace=478a4f981261e1
2026-07-13T22:19:30.962Z host=eng-x12 service=sshd level=INFO user=mchen repo=api-gateway event=fetch status=success job=45216 trace=b5dfd653481de4
2026-07-13T22:19:38.105Z host=eng-x12 service=sshd level=INFO user=deploybot repo=evaluation event=fetch status=success job=48320 trace=c848e2db545320
2026-07-13T22:19:52.128Z host=eng-x12 service=auditd level=INFO user=sre repo=api-gateway event=session_close status=success job=46328 trace=d3de9d484d3ce4
2026-07-13T22:20:07.564Z host=eng-x12 service=sshd level=INFO user=builder repo=safety-filters event=checkout status=success job=45911 trace=e9e826232c6e28
2026-07-13T22:20:34.362Z host=gpu-node-120 service=scheduler level=INFO namespace=training pod=trainer-95287c event=image_present gpu_util=79
2026-07-13T22:22:14.758Z host=gpu-node-115 service=nvidia-dcgm level=INFO namespace=monitoring pod=model-eval-f9ccd7 event=completed gpu_util=66
2026-07-13T22:22:26.905Z host=eng-x12 service=gitlab-runner level=INFO user=mchen repo=evaluation event=push status=success job=46815 trace=9e608b7c834f55
2026-07-13T22:23:52.503Z host=eng-x12 service=gitlab-runner level=INFO user=mchen repo=api-gateway event=build status=success job=43323 trace=34f954fa7a1e67
2026-07-13T22:24:04.575Z host=gpu-node-037 service=nvidia-dcgm level=INFO namespace=inference pod=checkpoint-b0e74a event=completed gpu_util=61
2026-07-13T22:25:26.753Z host=gpu-node-016 service=containerd level=INFO namespace=training pod=node-exporter-fd1076 event=started gpu_util=71
2026-07-13T22:26:09.268Z host=eng-x12 service=gitlab-runner level=INFO user=sre repo=infra-charts event=fetch status=success job=44227 trace=63d7ed2955818e
2026-07-13T22:28:57.018Z host=eng-x12 service=auditd level=INFO user=deploybot repo=infra-charts event=build status=success job=48704 trace=714aeea5ce4895
2026-07-13T22:29:41.410Z host=gpu-node-127 service=nvidia-dcgm level=INFO namespace=inference pod=node-exporter-ed5ac6 event=started gpu_util=18
2026-07-13T22:29:52.627Z host=eng-x12 service=auditd level=INFO user=deploybot repo=evaluation event=build status=success job=47298 trace=6dc10409da1d8c
2026-07-13T22:30:13.253Z host=eng-x12 service=gitlab-runner level=INFO user=mchen repo=evaluation event=push status=success job=44367 trace=94e623828ba0ab
2026-07-13T22:31:16.330Z host=gpu-node-041 service=kubelet level=INFO namespace=training pod=node-exporter-d82691 event=probe_ok gpu_util=10
2026-07-13T22:32:32.103Z host=gpu-node-001 service=containerd level=INFO namespace=training pod=model-eval-30af95 event=probe_ok gpu_util=68
2026-07-13T22:35:46.671Z host=gpu-node-106 service=kubelet level=INFO namespace=monitoring pod=trainer-bf2f03 event=probe_ok gpu_util=88
2026-07-13T22:37:34.831Z host=eng-x12 service=dockerd level=INFO user=mchen repo=api-gateway event=build status=success job=48983 trace=e645ad546229d1
2026-07-13T22:39:01.166Z host=eng-x12 service=gitlab-runner level=INFO user=builder repo=infra-charts event=checkout status=success job=45817 trace=1f1e4014387ead
2026-07-13T22:41:58.602Z host=eng-x12 service=gitlab-runner level=INFO user=mchen repo=evaluation event=session_close status=success job=45427 trace=4bcc56b319056c
2026-07-13T22:42:04.307Z host=eng-x12 service=dockerd level=INFO user=sre repo=evaluation event=checkout status=success job=48998 trace=cd2cff964dd6bd
2026-07-13T22:42:29.174Z host=eng-x12 service=sshd level=INFO user=mchen repo=model-runtime event=fetch status=success job=41380 trace=ebacdbe29a0bde
2026-07-13T22:42:37.460Z host=gpu-node-123 service=containerd level=INFO namespace=training pod=model-eval-a5bc1a event=started gpu_util=26
2026-07-13T22:42:57.218Z host=gpu-node-059 service=scheduler level=INFO namespace=training pod=model-eval-90a1d8 event=probe_ok gpu_util=36
2026-07-13T22:43:52.908Z host=gpu-node-034 service=nvidia-dcgm level=INFO namespace=inference pod=checkpoint-60ba40 event=image_present gpu_util=73
2026-07-13T22:45:44.895Z host=eng-x12 service=sshd level=INFO user=mchen repo=api-gateway event=push status=success job=47903 trace=9678a1e78c4252
2026-07-13T22:45:55.266Z host=gpu-node-053 service=containerd level=INFO namespace=inference pod=node-exporter-e2230b event=probe_ok gpu_util=17
2026-07-13T22:46:44.513Z host=gpu-node-093 service=nvidia-dcgm level=INFO namespace=training pod=trainer-03e6a1 event=image_present gpu_util=30
2026-07-13T22:49:00.838Z host=gpu-node-002 service=nvidia-dcgm level=INFO namespace=inference pod=model-eval-81c4ea event=probe_ok gpu_util=53
2026-07-13T22:49:27.643Z host=gpu-node-050 service=kubelet level=INFO namespace=training pod=model-eval-da514f event=probe_ok gpu_util=97
2026-07-13T22:51:13.596Z host=eng-x12 service=sshd level=INFO user=builder repo=api-gateway event=session_close status=success job=42063 trace=fd5356a61b091d
2026-07-13T22:51:54.311Z host=eng-x12 service=sshd level=INFO user=sre repo=infra-charts event=fetch status=success job=47411 trace=7f71559f4c23cd
2026-07-13T22:52:51.138Z host=gpu-node-097 service=containerd level=INFO namespace=monitoring pod=trainer-dfb075 event=probe_ok gpu_util=71
2026-07-13T22:54:31.813Z host=gpu-node-073 service=nvidia-dcgm level=INFO namespace=training pod=trainer-0b7fac event=image_present gpu_util=13
2026-07-13T22:57:27.175Z host=gpu-node-013 service=containerd level=INFO namespace=inference pod=model-eval-b41993 event=completed gpu_util=41
2026-07-13T22:57:53.813Z host=gpu-node-101 service=containerd level=INFO namespace=training pod=node-exporter-f8bc5e event=started gpu_util=85
2026-07-13T22:58:55.114Z host=gpu-node-047 service=kubelet level=INFO namespace=inference pod=node-exporter-a75498 event=image_present gpu_util=87
2026-07-13T22:59:16.648Z host=eng-x12 service=dockerd level=INFO user=mchen repo=infra-charts event=build status=success job=47612 trace=87d1f0247703da
2026-07-13T23:00:13.688Z host=gpu-node-119 service=scheduler level=INFO namespace=training pod=checkpoint-86a240 event=probe_ok gpu_util=18
2026-07-13T23:01:12.029Z host=gpu-node-022 service=scheduler level=INFO namespace=training pod=node-exporter-b2fb23 event=started gpu_util=74
2026-07-13T23:01:31.334Z host=gpu-node-092 service=containerd level=INFO namespace=monitoring pod=trainer-599404 event=completed gpu_util=0
2026-07-13T23:01:38.741Z host=eng-x12 service=gitlab-runner level=INFO user=deploybot repo=infra-charts event=push status=success job=43263 trace=e5fb10b420b506
2026-07-13T23:03:42.566Z host=eng-x12 service=dockerd level=INFO user=builder repo=safety-filters event=push status=success job=42557 trace=bf2443d0337454
2026-07-13T23:05:00.997Z host=eng-x12 service=auditd level=INFO user=deploybot repo=infra-charts event=push status=success job=46960 trace=9a2906da23aad0
2026-07-13T23:06:54.750Z host=eng-x12 service=dockerd level=INFO user=sre repo=api-gateway event=checkout status=success job=48473 trace=a706ba4accfda2
2026-07-13T23:11:50.912Z host=gpu-node-067 service=kubelet level=INFO namespace=monitoring pod=checkpoint-5ac9ae event=started gpu_util=24
2026-07-13T23:12:37.969Z host=eng-x12 service=auditd level=INFO user=builder repo=api-gateway event=build status=success job=44059 trace=91bf010bf51b8f
2026-07-13T23:14:28.828Z host=eng-x12 service=dockerd level=INFO user=deploybot repo=evaluation event=session_close status=success job=41997 trace=a6ec5908b4e722
2026-07-13T23:15:18.143Z host=gpu-node-069 service=scheduler level=INFO namespace=training pod=model-eval-34a9a3 event=probe_ok gpu_util=43
2026-07-13T23:17:16.409Z host=gpu-node-013 service=containerd level=INFO namespace=monitoring pod=checkpoint-0b98ec event=probe_ok gpu_util=93
2026-07-13T23:19:59.747Z host=gpu-node-013 service=kubelet level=INFO namespace=training pod=model-eval-91b9e4 event=probe_ok gpu_util=23
2026-07-13T23:20:54.032Z host=gpu-node-098 service=kubelet level=INFO namespace=training pod=trainer-a97af3 event=image_present gpu_util=48
2026-07-13T23:22:42.923Z host=eng-x12 service=auditd level=INFO user=deploybot repo=evaluation event=push status=success job=46974 trace=c09206e3995e30
2026-07-13T23:23:10.539Z host=gpu-node-023 service=nvidia-dcgm level=INFO namespace=inference pod=model-eval-824709 event=probe_ok gpu_util=48
2026-07-13T23:23:40.146Z host=gpu-node-061 service=scheduler level=INFO namespace=monitoring pod=model-eval-f33532 event=started gpu_util=92
2026-07-13T23:25:56.013Z host=gpu-node-108 service=containerd level=INFO namespace=monitoring pod=trainer-8324b3 event=image_present gpu_util=14
2026-07-13T23:27:01.578Z host=gpu-node-070 service=containerd level=INFO namespace=training pod=node-exporter-203725 event=image_present gpu_util=69
2026-07-13T23:28:42.178Z host=eng-x12 service=dockerd level=INFO user=builder repo=evaluation event=checkout status=success job=47969 trace=81acec4d75ad6e
2026-07-13T23:28:44.545Z host=gpu-node-061 service=nvidia-dcgm level=INFO namespace=monitoring pod=node-exporter-7f66cd event=started gpu_util=4
2026-07-13T23:28:49.269Z host=eng-x12 service=dockerd level=INFO user=mchen repo=api-gateway event=fetch status=success job=47092 trace=6dad9981abd7b1
2026-07-13T23:33:54.520Z host=gpu-node-127 service=containerd level=INFO namespace=monitoring pod=trainer-b46ac2 event=started gpu_util=45
2026-07-13T23:34:12.186Z host=gpu-node-004 service=nvidia-dcgm level=INFO namespace=inference pod=node-exporter-81b829 event=started gpu_util=67
2026-07-13T23:35:14.311Z host=gpu-node-092 service=scheduler level=INFO namespace=inference pod=trainer-993ad3 event=probe_ok gpu_util=90
2026-07-13T23:41:24.955Z host=gpu-node-089 service=scheduler level=INFO namespace=training pod=model-eval-35da32 event=completed gpu_util=32
2026-07-13T23:41:25.647Z host=eng-x12 service=dockerd level=INFO user=mchen repo=evaluation event=fetch status=success job=47649 trace=2ce38d82ff87a1
2026-07-13T23:42:29.600Z host=eng-x12 service=gitlab-runner level=INFO user=builder repo=model-runtime event=checkout status=success job=43627 trace=8b7908d9d91f25
2026-07-13T23:42:43.893Z host=gpu-node-010 service=containerd level=INFO namespace=monitoring pod=model-eval-e7b6e7 event=image_present gpu_util=85
2026-07-13T23:43:28.458Z host=gpu-node-104 service=containerd level=INFO namespace=training pod=trainer-bac011 event=completed gpu_util=37
2026-07-13T23:46:17.738Z host=gpu-node-109 service=kubelet level=INFO namespace=training pod=model-eval-62c417 event=completed gpu_util=94
2026-07-13T23:47:18.642Z host=gpu-node-074 service=nvidia-dcgm level=INFO namespace=monitoring pod=trainer-0eab21 event=image_present gpu_util=43
2026-07-13T23:49:00.486Z host=eng-x12 service=sshd level=INFO user=deploybot repo=infra-charts event=push status=success job=41486 trace=fcafe7e9b3410c
2026-07-13T23:49:15.524Z host=gpu-node-044 service=nvidia-dcgm level=INFO namespace=inference pod=model-eval-440231 event=completed gpu_util=53
2026-07-13T23:49:20.687Z host=gpu-node-018 service=nvidia-dcgm level=INFO namespace=monitoring pod=trainer-e564ae event=image_present gpu_util=23
2026-07-13T23:50:18.338Z host=eng-x12 service=dockerd level=INFO user=mchen repo=api-gateway event=push status=success job=42271 trace=0a82df5010b851
2026-07-13T23:50:21.375Z host=gpu-node-001 service=containerd level=INFO namespace=training pod=node-exporter-939de3 event=started gpu_util=36
2026-07-13T23:51:00.200Z host=eng-x12 service=dockerd level=INFO user=sre repo=model-runtime event=fetch status=success job=41825 trace=d5d175085caf37
2026-07-13T23:51:02.640Z host=eng-x12 service=gitlab-runner level=INFO user=sre repo=safety-filters event=session_close status=success job=45535 trace=581cec6832ca7f
2026-07-13T23:53:24.336Z host=eng-x12 service=auditd level=INFO user=builder repo=api-gateway event=fetch status=success job=42932 trace=9e43f5d438e7b5
2026-07-13T23:53:25.283Z host=gpu-node-053 service=nvidia-dcgm level=INFO namespace=training pod=model-eval-3e8b8e event=started gpu_util=25
2026-07-13T23:53:31.831Z host=gpu-node-078 service=scheduler level=INFO namespace=training pod=node-exporter-0d9f90 event=completed gpu_util=26
2026-07-13T23:54:24.910Z host=eng-x12 service=auditd level=INFO user=mchen repo=safety-filters event=push status=success job=45891 trace=4d5e492dbb8f23
2026-07-13T23:54:28.864Z host=gpu-node-080 service=kubelet level=INFO namespace=training pod=checkpoint-d3a31a event=started gpu_util=48
2026-07-13T23:54:52.122Z host=eng-x12 service=dockerd level=INFO user=mchen repo=evaluation event=push status=success job=43077 trace=d025dce0c55e9a
2026-07-13T23:55:48.359Z host=gpu-node-075 service=containerd level=INFO namespace=inference pod=model-eval-4a39da event=image_present gpu_util=9
2026-07-13T23:59:11.758Z host=eng-x12 service=sshd level=INFO user=deploybot repo=safety-filters event=fetch status=success job=43398 trace=5c902bad0acafe
2026-07-13T23:59:46.602Z host=eng-x12 service=auditd level=INFO user=builder repo=safety-filters event=session_close status=success job=41610 trace=812cdf3a0585c5
2026-07-14T00:00:38.712Z host=eng-x12 service=gitlab-runner level=INFO user=builder repo=safety-filters event=build status=success job=48790 trace=07ff25783999db
2026-07-14T00:03:13.297Z host=gpu-node-089 service=kubelet level=INFO namespace=monitoring pod=checkpoint-2cc2e5 event=started gpu_util=84
2026-07-14T00:03:52.633Z host=gpu-node-011 service=scheduler level=INFO namespace=training pod=model-eval-675c90 event=image_present gpu_util=34
2026-07-14T00:07:07.351Z host=gpu-node-062 service=scheduler level=INFO namespace=monitoring pod=trainer-33f0ec event=probe_ok gpu_util=88
2026-07-14T00:07:49.675Z host=eng-x12 service=auditd level=INFO user=builder repo=safety-filters event=fetch status=success job=45771 trace=0523ebf89d6630
2026-07-14T00:08:48.935Z host=eng-x12 service=dockerd level=INFO user=builder repo=safety-filters event=fetch status=success job=45968 trace=ae831752c802a2
2026-07-14T00:09:21.504Z host=eng-x12 service=dockerd level=INFO user=builder repo=evaluation event=session_close status=success job=45526 trace=0e6c2efc7389db
2026-07-14T00:09:39.147Z host=gpu-node-034 service=kubelet level=INFO namespace=inference pod=node-exporter-29d2bd event=completed gpu_util=16
2026-07-14T00:15:15.829Z host=gpu-node-002 service=containerd level=INFO namespace=training pod=model-eval-6431f0 event=started gpu_util=16
2026-07-14T00:16:30.764Z host=gpu-node-048 service=nvidia-dcgm level=INFO namespace=monitoring pod=trainer-d992b0 event=completed gpu_util=99
2026-07-14T00:16:43.950Z host=gpu-node-052 service=scheduler level=INFO namespace=training pod=node-exporter-39d2bc event=probe_ok gpu_util=51
2026-07-14T00:18:10.190Z host=gpu-node-025 service=nvidia-dcgm level=INFO namespace=inference pod=trainer-e5a4b5 event=completed gpu_util=64
2026-07-14T00:18:10.955Z host=gpu-node-122 service=kubelet level=INFO namespace=monitoring pod=model-eval-a69790 event=completed gpu_util=32
2026-07-14T00:20:22.615Z host=eng-x12 service=sshd level=INFO user=builder repo=model-runtime event=build status=success job=41503 trace=71582360423f59
2026-07-14T00:20:44.375Z host=eng-x12 service=auditd level=INFO user=builder repo=infra-charts event=session_close status=success job=42540 trace=ca6f07745ef1e1
2026-07-14T00:21:02.127Z host=gpu-node-073 service=scheduler level=INFO namespace=training pod=checkpoint-b219f5 event=started gpu_util=5
2026-07-14T00:21:59.859Z host=eng-x12 service=sshd level=INFO user=sre repo=safety-filters event=build status=success job=43031 trace=60ff2894512b33
2026-07-14T00:22:29.439Z host=gpu-node-077 service=nvidia-dcgm level=INFO namespace=inference pod=checkpoint-1166f8 event=probe_ok gpu_util=97
2026-07-14T00:22:58.118Z host=gpu-node-115 service=nvidia-dcgm level=INFO namespace=training pod=model-eval-9f315b event=started gpu_util=1
2026-07-14T00:23:49.726Z host=gpu-node-040 service=containerd level=INFO namespace=monitoring pod=checkpoint-4913ed event=started gpu_util=4
2026-07-14T00:24:54.204Z host=gpu-node-045 service=scheduler level=INFO namespace=monitoring pod=checkpoint-f80d3b event=completed gpu_util=99
2026-07-14T00:28:09.544Z host=gpu-node-088 service=scheduler level=INFO namespace=training pod=node-exporter-ea2a0f event=probe_ok gpu_util=55
2026-07-14T00:28:09.619Z host=eng-x12 service=auditd level=INFO user=mchen repo=infra-charts event=push status=success job=46894 trace=1b2c8d2b7db529
2026-07-14T00:30:37.340Z host=eng-x12 service=auditd level=INFO user=mchen repo=infra-charts event=checkout status=success job=42960 trace=ff432a87b2ad9d
2026-07-14T00:33:18.784Z host=eng-x12 service=gitlab-runner level=INFO user=mchen repo=api-gateway event=session_close status=success job=41648 trace=403fc58140be3b
2026-07-14T00:37:38.635Z host=gpu-node-093 service=containerd level=INFO namespace=monitoring pod=node-exporter-fdc7ea event=completed gpu_util=54
2026-07-14T00:39:34.163Z host=gpu-node-008 service=containerd level=INFO namespace=inference pod=trainer-ad741c event=probe_ok gpu_util=13
2026-07-14T00:40:57.635Z host=gpu-node-119 service=nvidia-dcgm level=INFO namespace=inference pod=node-exporter-af2842 event=completed gpu_util=76
2026-07-14T00:41:53.391Z host=eng-x12 service=dockerd level=INFO user=sre repo=evaluation event=push status=success job=43712 trace=c7ed821f81ea11
2026-07-14T00:42:30.523Z host=eng-x12 service=dockerd level=INFO user=builder repo=api-gateway event=push status=success job=43508 trace=dbde5744fe5a35
2026-07-14T00:43:02.333Z host=gpu-node-042 service=nvidia-dcgm level=INFO namespace=monitoring pod=node-exporter-7bf37c event=started gpu_util=96
2026-07-14T00:44:47.639Z host=gpu-node-024 service=kubelet level=INFO namespace=inference pod=trainer-d40bd2 event=probe_ok gpu_util=76
2026-07-14T00:45:08.001Z host=gpu-node-033 service=scheduler level=INFO namespace=monitoring pod=node-exporter-743614 event=completed gpu_util=29
2026-07-14T00:45:20.792Z host=gpu-node-006 service=nvidia-dcgm level=INFO namespace=inference pod=checkpoint-ba6b5f event=image_present gpu_util=35
2026-07-14T00:46:03.588Z host=gpu-node-053 service=nvidia-dcgm level=INFO namespace=training pod=checkpoint-767561 event=started gpu_util=43
2026-07-14T00:48:26.542Z host=gpu-node-080 service=containerd level=INFO namespace=monitoring pod=model-eval-a12148 event=image_present gpu_util=61
2026-07-14T00:50:07.443Z host=gpu-node-089 service=kubelet level=INFO namespace=inference pod=trainer-2b1684 event=started gpu_util=83
2026-07-14T00:50:07.650Z host=eng-x12 service=auditd level=INFO user=builder repo=infra-charts event=session_close status=success job=43060 trace=2c54dcc1213ccb
2026-07-14T00:51:20.159Z host=gpu-node-048 service=scheduler level=INFO namespace=monitoring pod=trainer-378531 event=probe_ok gpu_util=94
2026-07-14T00:51:22.404Z host=eng-x12 service=sshd level=INFO user=sre repo=safety-filters event=checkout status=success job=43455 trace=f669daf3179796
2026-07-14T00:51:41.678Z host=gpu-node-095 service=scheduler level=INFO namespace=inference pod=trainer-97b44b event=image_present gpu_util=54
2026-07-14T00:52:04.047Z host=gpu-node-076 service=nvidia-dcgm level=INFO namespace=training pod=node-exporter-c5a1d5 event=started gpu_util=85
2026-07-14T00:52:13.494Z host=gpu-node-114 service=nvidia-dcgm level=INFO namespace=inference pod=model-eval-65eb1a event=completed gpu_util=84
2026-07-14T00:52:45.604Z host=eng-x12 service=auditd level=INFO user=builder repo=safety-filters event=checkout status=success job=43463 trace=e5826f93ef03a4
2026-07-14T00:53:45.166Z host=eng-x12 service=sshd level=INFO user=builder repo=model-runtime event=checkout status=success job=44265 trace=0bdfd734c137c8
2026-07-14T00:54:16.827Z host=gpu-node-039 service=nvidia-dcgm level=INFO namespace=inference pod=checkpoint-8606a5 event=started gpu_util=84
2026-07-14T00:54:42.706Z host=gpu-node-124 service=kubelet level=INFO namespace=inference pod=checkpoint-e3c08d event=probe_ok gpu_util=20
2026-07-14T00:55:04.429Z host=eng-x12 service=dockerd level=INFO user=mchen repo=infra-charts event=build status=success job=47691 trace=7b05bcf803f024
2026-07-14T00:57:05.217Z host=gpu-node-002 service=nvidia-dcgm level=INFO namespace=training pod=node-exporter-2a32e6 event=image_present gpu_util=24
2026-07-14T00:59:17.980Z host=eng-x12 service=gitlab-runner level=INFO user=deploybot repo=infra-charts event=session_close status=success job=47926 trace=2c44eb3ac6a501
2026-07-14T01:01:24.301Z host=eng-x12 service=sshd level=INFO user=builder repo=safety-filters event=push status=success job=41520 trace=7b50312cc5524f
2026-07-14T01:06:45.224Z host=eng-x12 service=dockerd level=INFO user=deploybot repo=infra-charts event=checkout status=success job=45059 trace=d70207c79d62fd
2026-07-14T01:06:45.635Z host=gpu-node-090 service=kubelet level=INFO namespace=inference pod=trainer-a94202 event=started gpu_util=36
2026-07-14T01:06:48.805Z host=eng-x12 service=sshd level=INFO user=sre repo=infra-charts event=session_close status=success job=43588 trace=fbd5a882e55957
2026-07-14T01:06:53.046Z host=eng-x12 service=gitlab-runner level=INFO user=deploybot repo=model-runtime event=push status=success job=42847 trace=7bf07806b64c24
2026-07-14T01:07:22.261Z host=eng-x12 service=gitlab-runner level=INFO user=deploybot repo=model-runtime event=build status=success job=41961 trace=abc84baca01ccf
2026-07-14T01:07:36.313Z host=eng-x12 service=sshd level=INFO user=builder repo=model-runtime event=build status=success job=42342 trace=765ad4cfda4ceb
2026-07-14T01:07:42.915Z host=eng-x12 service=auditd level=INFO user=mchen repo=evaluation event=checkout status=success job=48838 trace=650987a4384122
2026-07-14T01:08:55.376Z host=gpu-node-046 service=containerd level=INFO namespace=training pod=trainer-a9986e event=completed gpu_util=90
2026-07-14T01:10:17.941Z host=eng-x12 service=auditd level=INFO user=deploybot repo=model-runtime event=push status=success job=48128 trace=7ba932228fcc67
2026-07-14T01:11:20.679Z host=gpu-node-042 service=containerd level=INFO namespace=training pod=node-exporter-7e3adf event=started gpu_util=69
2026-07-14T01:15:10.591Z host=gpu-node-107 service=nvidia-dcgm level=INFO namespace=training pod=checkpoint-d998cc event=image_present gpu_util=20
2026-07-14T01:15:32.481Z host=eng-x12 service=auditd level=INFO user=mchen repo=infra-charts event=push status=success job=47065 trace=8e59a036c34037
2026-07-14T01:15:38.556Z host=eng-x12 service=auditd level=INFO user=builder repo=safety-filters event=checkout status=success job=45187 trace=858344329cc48f
2026-07-14T01:15:45.788Z host=gpu-node-089 service=nvidia-dcgm level=INFO namespace=inference pod=model-eval-495e6d event=started gpu_util=6
2026-07-14T01:17:40.629Z host=gpu-node-070 service=kubelet level=INFO namespace=inference pod=model-eval-f6042a event=started gpu_util=15
2026-07-14T01:18:11.310Z host=gpu-node-037 service=scheduler level=INFO namespace=inference pod=model-eval-39baa9 event=started gpu_util=58
2026-07-14T01:18:26.111Z host=eng-x12 service=auditd level=INFO user=deploybot repo=model-runtime event=session_close status=success job=44277 trace=1551caab21244e
2026-07-14T01:20:37.599Z host=gpu-node-059 service=containerd level=INFO namespace=monitoring pod=trainer-0587f7 event=probe_ok gpu_util=16
2026-07-14T01:21:09.808Z host=eng-x12 service=gitlab-runner level=INFO user=sre repo=model-runtime event=fetch status=success job=41664 trace=3485895c500a1e
2026-07-14T01:21:16.998Z host=gpu-node-030 service=containerd level=INFO namespace=training pod=node-exporter-113d5e event=probe_ok gpu_util=57
2026-07-14T01:21:48.274Z host=eng-x12 service=dockerd level=INFO user=deploybot repo=evaluation event=checkout status=success job=43730 trace=3fd8e5484f6837
2026-07-14T01:21:51.993Z host=gpu-node-091 service=nvidia-dcgm level=INFO namespace=training pod=trainer-a0f071 event=image_present gpu_util=60
2026-07-14T01:23:51.850Z host=eng-x12 service=gitlab-runner level=INFO user=builder repo=safety-filters event=checkout status=success job=41108 trace=cceb0b996ffd49
2026-07-14T01:23:58.758Z host=gpu-node-075 service=nvidia-dcgm level=INFO namespace=training pod=trainer-2d1595 event=probe_ok gpu_util=92
2026-07-14T01:24:26.770Z host=gpu-node-015 service=kubelet level=INFO namespace=training pod=checkpoint-66f7e4 event=started gpu_util=48
2026-07-14T01:24:33.056Z host=eng-x12 service=sshd level=INFO user=builder repo=safety-filters event=session_close status=success job=47497 trace=5df6590750eba0
2026-07-14T01:24:54.486Z host=gpu-node-066 service=nvidia-dcgm level=INFO namespace=training pod=trainer-078eba event=probe_ok gpu_util=68
2026-07-14T01:27:14.249Z host=eng-x12 service=sshd level=INFO user=sre repo=safety-filters event=fetch status=success job=45059 trace=861daa14d2110e
2026-07-14T01:27:49.689Z host=gpu-node-080 service=containerd level=INFO namespace=monitoring pod=checkpoint-5193c1 event=probe_ok gpu_util=56
2026-07-14T01:28:56.272Z host=eng-x12 service=auditd level=INFO user=builder repo=model-runtime event=build status=success job=41396 trace=ba7d6a440b9cfa
2026-07-14T01:30:53.004Z host=gpu-node-117 service=containerd level=INFO namespace=inference pod=checkpoint-f5461b event=completed gpu_util=6
2026-07-14T01:31:39.555Z host=gpu-node-123 service=nvidia-dcgm level=INFO namespace=training pod=checkpoint-2df2ce event=image_present gpu_util=40
2026-07-14T01:32:03.018Z host=gpu-node-076 service=scheduler level=INFO namespace=inference pod=checkpoint-ea7d33 event=probe_ok gpu_util=34
2026-07-14T01:33:33.661Z host=gpu-node-041 service=scheduler level=INFO namespace=training pod=node-exporter-23a246 event=probe_ok gpu_util=63
2026-07-14T01:34:44.234Z host=gpu-node-117 service=scheduler level=INFO namespace=training pod=node-exporter-10afa1 event=started gpu_util=2
2026-07-14T01:35:45.782Z host=gpu-node-014 service=nvidia-dcgm level=INFO namespace=inference pod=trainer-0826e3 event=probe_ok gpu_util=60
2026-07-14T01:36:06.615Z host=eng-x12 service=gitlab-runner level=INFO user=deploybot repo=evaluation event=session_close status=success job=47628 trace=eee7f7bb69e9b4
2026-07-14T01:36:59.415Z host=gpu-node-046 service=scheduler level=INFO namespace=inference pod=node-exporter-bd1c65 event=completed gpu_util=53
2026-07-14T01:38:14.274Z host=gpu-node-094 service=kubelet level=INFO namespace=inference pod=trainer-d2c257 event=probe_ok gpu_util=25
2026-07-14T01:39:32.721Z host=eng-x12 service=auditd level=INFO user=sre repo=safety-filters event=push status=success job=42897 trace=a14dbbaa2b6c90
2026-07-14T01:42:08.816Z host=eng-x12 service=dockerd level=INFO user=deploybot repo=api-gateway event=session_close status=success job=45056 trace=1c9a1e4dff59e2
2026-07-14T01:42:22.151Z host=gpu-node-036 service=containerd level=INFO namespace=monitoring pod=model-eval-da8482 event=image_present gpu_util=94
2026-07-14T01:42:52.555Z host=gpu-node-055 service=containerd level=INFO namespace=monitoring pod=checkpoint-1050c0 event=probe_ok gpu_util=61
2026-07-14T01:43:26.677Z host=eng-x12 service=gitlab-runner level=INFO user=deploybot repo=infra-charts event=fetch status=success job=41048 trace=dc2283963af1e9
2026-07-14T01:43:40.494Z host=eng-x12 service=gitlab-runner level=INFO user=mchen repo=api-gateway event=build status=success job=48336 trace=0232775b40aa92
2026-07-14T01:44:08.952Z host=gpu-node-041 service=containerd level=INFO namespace=inference pod=node-exporter-e8bdbe event=probe_ok gpu_util=14
2026-07-14T01:44:24.488Z host=eng-x12 service=sshd level=INFO user=builder repo=safety-filters event=fetch status=success job=44216 trace=7e21d6b7270e25
2026-07-14T01:45:16.151Z host=gpu-node-084 service=containerd level=INFO namespace=monitoring pod=node-exporter-aa74ac event=image_present gpu_util=3
2026-07-14T01:49:35.863Z host=eng-x12 service=sshd level=INFO user=mchen repo=api-gateway event=session_close status=success job=46653 trace=0ded66e0698f1c
2026-07-14T01:54:18.301Z host=gpu-node-122 service=scheduler level=INFO namespace=inference pod=node-exporter-b07fc7 event=probe_ok gpu_util=37
2026-07-14T01:54:18.929Z host=gpu-node-026 service=nvidia-dcgm level=INFO namespace=monitoring pod=node-exporter-0f9928 event=completed gpu_util=18
2026-07-14T01:54:33.579Z host=eng-x12 service=dockerd level=INFO user=sre repo=infra-charts event=fetch status=success job=42252 trace=0dd3ada3790096
2026-07-14T01:54:40.884Z host=gpu-node-110 service=scheduler level=INFO namespace=inference pod=node-exporter-d5139f event=image_present gpu_util=74
2026-07-14T01:54:43.240Z host=gpu-node-039 service=kubelet level=INFO namespace=monitoring pod=model-eval-47bad2 event=completed gpu_util=14
2026-07-14T01:57:43.763Z host=eng-x12 service=sshd level=INFO user=builder repo=safety-filters event=checkout status=success job=41998 trace=a7cd2444f202d2
2026-07-14T01:59:30.265Z host=eng-x12 service=gitlab-runner level=INFO user=deploybot repo=evaluation event=checkout status=success job=47907 trace=13431dcaff492b
2026-07-14T01:59:42.865Z host=gpu-node-021 service=nvidia-dcgm level=INFO namespace=inference pod=model-eval-ba4efe event=started gpu_util=52
2026-07-14T01:59:59.286Z host=eng-x12 service=auditd level=INFO user=mchen repo=model-runtime event=push status=success job=43472 trace=3a1daf59a22ece
2026-07-14T02:00:49.426Z host=gpu-node-099 service=nvidia-dcgm level=INFO namespace=monitoring pod=node-exporter-0314ff event=started gpu_util=60
2026-07-14T02:02:38.446Z host=eng-x12 service=dockerd level=INFO user=deploybot repo=safety-filters event=fetch status=success job=48522 trace=62559f8400da26
2026-07-14T02:03:32.855Z host=gpu-node-030 service=kubelet level=INFO namespace=monitoring pod=trainer-088b36 event=started gpu_util=61
2026-07-14T02:04:33.654Z host=eng-x12 service=dockerd level=INFO user=sre repo=evaluation event=session_close status=success job=44493 trace=1522b91b0aa9ca
2026-07-14T02:04:46.872Z host=gpu-node-018 service=scheduler level=INFO namespace=monitoring pod=node-exporter-b084d1 event=started gpu_util=48
2026-07-14T02:06:37.510Z host=eng-x12 service=gitlab-runner level=INFO user=builder repo=api-gateway event=build status=success job=43019 trace=e9329f0d7ac237
2026-07-14T02:07:50.193Z host=eng-x12 service=sshd level=INFO user=mchen repo=api-gateway event=push status=success job=42067 trace=bf282326e920f7
2026-07-14T02:09:17.890Z host=gpu-node-082 service=nvidia-dcgm level=INFO namespace=monitoring pod=trainer-1931c1 event=image_present gpu_util=29
2026-07-14T02:09:45.331Z host=eng-x12 service=dockerd level=INFO user=deploybot repo=api-gateway event=push status=success job=41223 trace=6d5b3ddc3abb86
2026-07-14T02:11:15.667Z host=gpu-node-027 service=nvidia-dcgm level=INFO namespace=inference pod=node-exporter-a3fb6c event=started gpu_util=4
2026-07-14T02:13:10.731Z host=eng-x12 service=auditd level=INFO user=builder repo=api-gateway event=build status=success job=48389 trace=45f73ee97a4b38
2026-07-14T02:15:15.169Z host=eng-x12 service=dockerd level=INFO user=mchen repo=evaluation event=build status=success job=48008 trace=f68e61cb21f163
2026-07-14T02:15:47.390Z host=gpu-node-020 service=nvidia-dcgm level=INFO namespace=inference pod=trainer-5bc556 event=image_present gpu_util=63
2026-07-14T02:16:30.196Z host=eng-x12 service=gitlab-runner level=INFO user=builder repo=evaluation event=checkout status=success job=48708 trace=c5f08ee68b1e29
2026-07-14T02:16:56.434Z host=eng-x12 service=auditd level=INFO user=sre repo=safety-filters event=push status=success job=46224 trace=1692b9b139c550
2026-07-14T02:17:23.137Z host=gpu-node-015 service=scheduler level=INFO namespace=inference pod=model-eval-f96494 event=image_present gpu_util=47
2026-07-14T02:17:29.614Z host=eng-x12 service=gitlab-runner level=INFO user=mchen repo=safety-filters event=checkout status=success job=44839 trace=a3be3c9c1040f8
2026-07-14T02:18:54.362Z host=gpu-node-101 service=scheduler level=INFO namespace=training pod=model-eval-9f44ae event=started gpu_util=37
2026-07-14T02:20:00.301Z host=gpu-node-040 service=nvidia-dcgm level=INFO namespace=training pod=model-eval-dd5821 event=probe_ok gpu_util=86
2026-07-14T02:20:57.393Z host=eng-x12 service=gitlab-runner level=INFO user=deploybot repo=model-runtime event=build status=success job=48659 trace=f5b58b14cf4d20
2026-07-14T02:20:58.240Z host=eng-x12 service=dockerd level=INFO user=builder repo=infra-charts event=build status=success job=44739 trace=0321ba6452f7e5
2026-07-14T02:21:03.750Z host=gpu-node-064 service=scheduler level=INFO namespace=inference pod=model-eval-c5c813 event=image_present gpu_util=18
2026-07-14T02:22:53.969Z host=gpu-node-078 service=nvidia-dcgm level=INFO namespace=training pod=node-exporter-ff59bb event=image_present gpu_util=7
2026-07-14T02:23:29.036Z host=gpu-node-017 service=containerd level=INFO namespace=inference pod=model-eval-c4a401 event=image_present gpu_util=64
2026-07-14T02:23:45.543Z host=gpu-node-112 service=containerd level=INFO namespace=inference pod=model-eval-84ac4c event=completed gpu_util=29
2026-07-14T02:24:11.513Z host=eng-x12 service=dockerd level=INFO user=builder repo=infra-charts event=checkout status=success job=48482 trace=6cea9bd49169ab
2026-07-14T02:26:24.683Z host=eng-x12 service=gitlab-runner level=INFO user=sre repo=safety-filters event=build status=success job=45248 trace=166180b4bc58b2
2026-07-14T02:26:41.850Z host=eng-x12 service=dockerd level=INFO user=sre repo=api-gateway event=checkout status=success job=42287 trace=521222c4abc259
2026-07-14T02:26:59.899Z host=gpu-node-041 service=nvidia-dcgm level=INFO namespace=training pod=trainer-e64a1b event=completed gpu_util=22
2026-07-14T02:28:56.718Z host=gpu-node-069 service=scheduler level=INFO namespace=monitoring pod=trainer-8fb3e2 event=started gpu_util=7
2026-07-14T02:30:48.448Z host=eng-x12 service=auditd level=INFO user=mchen repo=api-gateway event=session_close status=success job=46083 trace=6f9f22189c79c8
2026-07-14T02:30:54.651Z host=eng-x12 service=dockerd level=INFO user=builder repo=api-gateway event=push status=success job=42436 trace=15325a3fed216b
2026-07-14T02:32:33.141Z host=eng-x12 service=auditd level=INFO user=builder repo=api-gateway event=checkout status=success job=47764 trace=4d058b908a1b0a
2026-07-14T02:32:41.846Z host=eng-x12 service=gitlab-runner level=INFO user=sre repo=safety-filters event=fetch status=success job=41986 trace=396b427353574e
2026-07-14T02:33:20.711Z host=gpu-node-019 service=kubelet level=INFO namespace=monitoring pod=checkpoint-4b1cd2 event=probe_ok gpu_util=88
2026-07-14T02:35:06.723Z host=gpu-node-001 service=kubelet level=INFO namespace=monitoring pod=node-exporter-ce5f47 event=completed gpu_util=2
2026-07-14T02:35:35.073Z host=eng-x12 service=auditd level=INFO user=builder repo=safety-filters event=push status=success job=47718 trace=882192119e003f
2026-07-14T02:36:01.445Z host=gpu-node-010 service=scheduler level=INFO namespace=inference pod=checkpoint-32d74e event=probe_ok gpu_util=2
2026-07-14T02:36:20.860Z host=eng-x12 service=auditd level=INFO user=mchen repo=safety-filters event=fetch status=success job=41791 trace=2402c0e74910ef
2026-07-14T02:39:41.159Z host=gpu-node-056 service=scheduler level=INFO namespace=monitoring pod=node-exporter-6d6bdb event=completed gpu_util=87
2026-07-14T02:40:11.270Z host=eng-x12 service=sshd level=INFO user=builder repo=model-runtime event=session_close status=success job=42310 trace=67c488c33793dd
2026-07-14T02:40:39.115Z host=eng-x12 service=dockerd level=INFO user=mchen repo=api-gateway event=push status=success job=41236 trace=f74f6c94bacbf4
2026-07-14T02:41:12.578Z host=gpu-node-036 service=nvidia-dcgm level=INFO namespace=monitoring pod=trainer-ab5e74 event=probe_ok gpu_util=82
2026-07-14T02:42:02.549Z host=gpu-node-057 service=kubelet level=INFO namespace=training pod=checkpoint-f823ee event=probe_ok gpu_util=30
2026-07-14T02:42:15.243Z host=gpu-node-032 service=scheduler level=INFO namespace=inference pod=node-exporter-5ca01c event=completed gpu_util=53
2026-07-14T02:42:27.093Z host=gpu-node-009 service=kubelet level=INFO namespace=monitoring pod=checkpoint-35d047 event=started gpu_util=79
2026-07-14T02:44:28.226Z host=eng-x12 service=dockerd level=INFO user=deploybot repo=evaluation event=build status=success job=43218 trace=2b0fff716f4923
2026-07-14T02:44:50.378Z host=eng-x12 service=gitlab-runner level=INFO user=deploybot repo=infra-charts event=checkout status=success job=48613 trace=6327041bfbb457
2026-07-14T02:44:52.530Z host=gpu-node-046 service=kubelet level=INFO namespace=inference pod=node-exporter-265548 event=image_present gpu_util=68
2026-07-14T02:45:10.477Z host=gpu-node-019 service=scheduler level=INFO namespace=training pod=node-exporter-bf6b1f event=started gpu_util=6
2026-07-14T02:46:08.841Z host=gpu-node-027 service=nvidia-dcgm level=INFO namespace=monitoring pod=checkpoint-d1bdc9 event=started gpu_util=8
2026-07-14T02:47:16.150Z host=eng-x12 service=auditd level=INFO user=mchen repo=model-runtime event=fetch status=success job=41169 trace=b2e0ee9afd4ed6
2026-07-14T02:47:57.033Z host=eng-x12 service=auditd level=INFO user=mchen repo=safety-filters event=push status=success job=43157 trace=523197561ec079
2026-07-14T02:50:17.235Z host=gpu-node-128 service=containerd level=INFO namespace=monitoring pod=node-exporter-070d36 event=image_present gpu_util=7
2026-07-14T02:51:54.200Z host=gpu-node-067 service=containerd level=INFO namespace=inference pod=node-exporter-093f72 event=completed gpu_util=41
2026-07-14T02:52:59.844Z host=gpu-node-097 service=containerd level=INFO namespace=inference pod=checkpoint-d21b83 event=image_present gpu_util=5
2026-07-14T02:53:30.557Z host=gpu-node-020 service=kubelet level=INFO namespace=monitoring pod=node-exporter-35ffc7 event=completed gpu_util=74
2026-07-14T02:53:43.851Z host=eng-x12 service=gitlab-runner level=INFO user=mchen repo=api-gateway event=checkout status=success job=45653 trace=6202690f920028
2026-07-14T02:55:58.398Z host=gpu-node-087 service=containerd level=INFO namespace=training pod=checkpoint-f961c6 event=completed gpu_util=67
2026-07-14T02:56:18.642Z host=gpu-node-071 service=scheduler level=INFO namespace=training pod=model-eval-2b5ff9 event=image_present gpu_util=53
2026-07-14T02:56:20.719Z host=eng-x12 service=gitlab-runner level=INFO user=sre repo=model-runtime event=fetch status=success job=41187 trace=6c98c2185dbf0d
2026-07-14T02:57:07.273Z host=eng-x12 service=auditd level=INFO user=builder repo=safety-filters event=push status=success job=48406 trace=5683f8a23f5891
2026-07-14T02:58:04.547Z host=gpu-node-079 service=containerd level=INFO namespace=training pod=trainer-8f074b event=started gpu_util=70
2026-07-14T02:58:09.263Z host=gpu-node-045 service=scheduler level=INFO namespace=monitoring pod=model-eval-4f0f17 event=started gpu_util=56
2026-07-14T02:59:01.491Z host=eng-x12 service=sshd level=INFO user=sre repo=evaluation event=fetch status=success job=42578 trace=050e62c70d8dac
2026-07-14T02:59:03.273Z host=gpu-node-121 service=containerd level=INFO namespace=training pod=model-eval-aee536 event=started gpu_util=92
2026-07-14T03:00:21.131Z host=eng-x12 service=dockerd level=INFO user=sre repo=evaluation event=build status=success job=46530 trace=19444ca09e7110
2026-07-14T03:00:39.007Z host=eng-x12 service=sshd level=INFO user=mchen repo=safety-filters event=checkout status=success job=41470 trace=fd6e9f5dd77dfb
2026-07-14T03:02:19.497Z host=eng-x12 service=gitlab-runner level=INFO user=mchen repo=model-runtime event=build status=success job=45737 trace=4a8578d95e0935
2026-07-14T03:02:21.483Z host=eng-x12 service=auditd level=INFO user=builder repo=evaluation event=fetch status=success job=43294 trace=e2407ecb383ff9
2026-07-14T03:05:58.874Z host=gpu-node-121 service=containerd level=INFO namespace=inference pod=model-eval-175800 event=completed gpu_util=82
2026-07-14T03:06:33.855Z host=gpu-node-077 service=nvidia-dcgm level=INFO namespace=monitoring pod=checkpoint-936b89 event=image_present gpu_util=76
2026-07-14T03:06:40.296Z host=eng-x12 service=dockerd level=INFO user=deploybot repo=model-runtime event=session_close status=success job=44002 trace=96fa2365ada22a
2026-07-14T03:07:34.998Z host=gpu-node-031 service=kubelet level=INFO namespace=monitoring pod=trainer-bb51d5 event=started gpu_util=96
2026-07-14T03:07:41.351Z host=eng-x12 service=dockerd level=INFO user=deploybot repo=api-gateway event=fetch status=success job=48203 trace=473ab234e8e5a3
2026-07-14T03:07:49.757Z host=gpu-node-044 service=containerd level=INFO namespace=inference pod=model-eval-187d52 event=started gpu_util=36
2026-07-14T03:10:12.378Z host=eng-x12 service=sshd level=INFO user=builder repo=api-gateway event=build status=success job=43550 trace=9139af504241f1
2026-07-14T03:10:35.109Z host=gpu-node-072 service=nvidia-dcgm level=INFO namespace=inference pod=checkpoint-fc0a13 event=image_present gpu_util=5
2026-07-14T03:11:51.338Z host=gpu-node-041 service=containerd level=INFO namespace=inference pod=model-eval-e5058e event=image_present gpu_util=92
2026-07-14T03:14:24.874Z host=gpu-node-026 service=containerd level=INFO namespace=training pod=node-exporter-096408 event=image_present gpu_util=68
2026-07-14T03:15:26.592Z host=gpu-node-030 service=kubelet level=INFO namespace=inference pod=trainer-9a7547 event=probe_ok gpu_util=27
2026-07-14T03:16:00.669Z host=eng-x12 service=dockerd level=INFO user=builder repo=api-gateway event=push status=success job=47453 trace=c67b93c20a5afa
2026-07-14T03:16:24.940Z host=gpu-node-101 service=nvidia-dcgm level=INFO namespace=inference pod=checkpoint-2b0466 event=probe_ok gpu_util=90
2026-07-14T03:16:33.098Z host=gpu-node-095 service=nvidia-dcgm level=INFO namespace=training pod=model-eval-6fcb85 event=image_present gpu_util=83
2026-07-14T03:17:58.523Z host=gpu-node-074 service=nvidia-dcgm level=INFO namespace=inference pod=node-exporter-67cbda event=image_present gpu_util=71
2026-07-14T03:18:58.001Z host=eng-x12 service=auditd level=INFO user=mchen repo=safety-filters event=push status=success job=48855 trace=ed11ab9726d003
2026-07-14T03:20:05.201Z host=eng-x12 service=dockerd level=INFO user=mchen repo=model-runtime event=push status=success job=44427 trace=9cf396797d04ef
2026-07-14T03:21:47.799Z host=gpu-node-122 service=nvidia-dcgm level=INFO namespace=monitoring pod=trainer-9b9e25 event=probe_ok gpu_util=95
2026-07-14T03:22:42.678Z host=eng-x12 service=gitlab-runner level=INFO user=builder repo=api-gateway event=push status=success job=47838 trace=0b5031303e0034
2026-07-14T03:23:19.563Z host=eng-x12 service=auditd level=INFO user=sre repo=evaluation event=push status=success job=41301 trace=a25d6228ed0fa0
2026-07-14T03:28:03.709Z host=eng-x12 service=gitlab-runner level=INFO user=builder repo=api-gateway event=build status=success job=41999 trace=9e6b40b693ba36
2026-07-14T03:28:58.141Z host=gpu-node-038 service=kubelet level=INFO namespace=training pod=node-exporter-666df6 event=probe_ok gpu_util=81
2026-07-14T03:32:51.442Z host=eng-x12 service=auditd level=INFO user=sre repo=infra-charts event=checkout status=success job=45868 trace=e7f8d2fedc654a
2026-07-14T03:33:02.482Z host=eng-x12 service=auditd level=INFO user=sre repo=api-gateway event=checkout status=success job=48669 trace=0334e5c9584b84
2026-07-14T03:33:12.696Z host=gpu-node-063 service=nvidia-dcgm level=INFO namespace=training pod=model-eval-4e4bb5 event=probe_ok gpu_util=26
2026-07-14T03:33:13.395Z host=gpu-node-073 service=containerd level=INFO namespace=inference pod=trainer-282203 event=completed gpu_util=32
2026-07-14T03:34:25.335Z host=gpu-node-041 service=kubelet level=INFO namespace=inference pod=node-exporter-6247c4 event=started gpu_util=86
2026-07-14T03:36:31.306Z host=eng-x12 service=sshd level=INFO user=builder repo=model-runtime event=push status=success job=47165 trace=39de703905864e
2026-07-14T03:37:30.557Z host=eng-x12 service=gitlab-runner level=INFO user=sre repo=evaluation event=session_close status=success job=48769 trace=1d71b4544f4a37
2026-07-14T03:37:46.671Z host=eng-x12 service=auditd level=INFO user=sre repo=api-gateway event=push status=success job=45128 trace=1ea91dd3e925ab
2026-07-14T03:41:56.474Z host=gpu-node-014 service=scheduler level=INFO namespace=inference pod=node-exporter-b0a54d event=started gpu_util=95
2026-07-14T03:42:49.273Z host=gpu-node-047 service=nvidia-dcgm level=INFO namespace=inference pod=checkpoint-18f908 event=started gpu_util=43
2026-07-14T03:43:15.710Z host=eng-x12 service=dockerd level=INFO user=sre repo=api-gateway event=checkout status=success job=42020 trace=3a1590595ddf89
2026-07-14T03:44:32.722Z host=gpu-node-066 service=kubelet level=INFO namespace=monitoring pod=node-exporter-192bc5 event=completed gpu_util=54
2026-07-14T03:45:44.214Z host=eng-x12 service=gitlab-runner level=INFO user=mchen repo=safety-filters event=push status=success job=44134 trace=4cb0d7c3345005
2026-07-14T03:49:28.291Z host=eng-x12 service=dockerd level=INFO user=deploybot repo=api-gateway event=build status=success job=47951 trace=ef67ec2972657f
2026-07-14T03:49:40.637Z host=eng-x12 service=auditd level=INFO user=sre repo=safety-filters event=push status=success job=48431 trace=7b529de7b14cea
2026-07-14T03:50:36.649Z host=eng-x12 service=auditd level=INFO user=sre repo=api-gateway event=build status=success job=46675 trace=73f81208eaae1e
2026-07-14T03:52:21.643Z host=gpu-node-013 service=kubelet level=INFO namespace=training pod=node-exporter-70fd3d event=completed gpu_util=54
2026-07-14T03:52:22.104Z host=gpu-node-086 service=kubelet level=INFO namespace=inference pod=node-exporter-8510ad event=probe_ok gpu_util=89
2026-07-14T03:53:27.510Z host=gpu-node-019 service=nvidia-dcgm level=INFO namespace=inference pod=node-exporter-1e8e1d event=completed gpu_util=28
2026-07-14T03:54:48.885Z host=eng-x12 service=auditd level=INFO user=mchen repo=safety-filters event=push status=success job=46106 trace=60202af77be69a
2026-07-14T03:56:05.393Z host=eng-x12 service=dockerd level=INFO user=builder repo=model-runtime event=push status=success job=46644 trace=c6971f59f43539
2026-07-14T03:56:08.532Z host=eng-x12 service=dockerd level=INFO user=deploybot repo=model-runtime event=fetch status=success job=42043 trace=902fa7167df848
2026-07-14T03:56:13.469Z host=gpu-node-006 service=containerd level=INFO namespace=training pod=checkpoint-e89c9d event=image_present gpu_util=65
2026-07-14T03:57:14.096Z host=eng-x12 service=gitlab-runner level=INFO user=sre repo=safety-filters event=fetch status=success job=43556 trace=cde178ad3c5c1c
2026-07-14T03:57:35.594Z host=eng-x12 service=sshd level=INFO user=builder repo=evaluation event=push status=success job=44761 trace=dff95dbceef96b
2026-07-14T03:58:48.573Z host=eng-x12 service=auditd level=INFO user=deploybot repo=infra-charts event=build status=success job=45502 trace=cdc9cc17b50a61
2026-07-14T03:59:09.958Z host=gpu-node-063 service=containerd level=INFO namespace=training pod=trainer-867d03 event=completed gpu_util=46
2026-07-14T03:59:51.680Z host=gpu-node-082 service=nvidia-dcgm level=INFO namespace=monitoring pod=node-exporter-e50ec7 event=started gpu_util=88
2026-07-14T04:00:06.677Z host=gpu-node-029 service=kubelet level=INFO namespace=inference pod=checkpoint-790e73 event=started gpu_util=82
2026-07-14T04:00:24.919Z host=eng-x12 service=gitlab-runner level=INFO user=mchen repo=evaluation event=checkout status=success job=45114 trace=43b38b83fd8777
2026-07-14T04:01:52.018Z host=gpu-node-117 service=scheduler level=INFO namespace=monitoring pod=checkpoint-3ad762 event=completed gpu_util=79
2026-07-14T04:02:19.914Z host=gpu-node-042 service=scheduler level=INFO namespace=monitoring pod=trainer-abd3be event=image_present gpu_util=100
2026-07-14T04:04:08.117Z host=gpu-node-036 service=containerd level=INFO namespace=monitoring pod=checkpoint-80c8a9 event=image_present gpu_util=7
2026-07-14T04:04:16.289Z host=eng-x12 service=sshd level=INFO user=mchen repo=infra-charts event=push status=success job=41350 trace=cfab1e241da227
2026-07-14T04:04:22.910Z host=eng-x12 service=sshd level=INFO user=deploybot repo=api-gateway event=checkout status=success job=42063 trace=de952a2c3f4471
2026-07-14T04:04:46.985Z host=eng-x12 service=auditd level=INFO user=mchen repo=evaluation event=session_close status=success job=45654 trace=12e81ed1beee49
2026-07-14T04:05:00.142Z host=eng-x12 service=gitlab-runner level=INFO user=builder repo=api-gateway event=fetch status=success job=41722 trace=a703bdc2121a54
2026-07-14T04:06:01.762Z host=gpu-node-011 service=scheduler level=INFO namespace=inference pod=trainer-929ad7 event=image_present gpu_util=61
2026-07-14T04:06:24.199Z host=gpu-node-008 service=kubelet level=INFO namespace=training pod=checkpoint-fde6fa event=probe_ok gpu_util=36
2026-07-14T04:07:36.292Z host=gpu-node-076 service=kubelet level=INFO namespace=training pod=node-exporter-17fcaa event=probe_ok gpu_util=96
2026-07-14T04:07:38.829Z host=eng-x12 service=dockerd level=INFO user=mchen repo=api-gateway event=fetch status=success job=47095 trace=41895318cd6b5e
2026-07-14T04:08:33.867Z host=eng-x12 service=gitlab-runner level=INFO user=deploybot repo=api-gateway event=push status=success job=41861 trace=f75ef79dd5ca34
2026-07-14T04:09:47.194Z host=eng-x12 service=dockerd level=INFO user=sre repo=api-gateway event=push status=success job=48982 trace=aaa19b8f714356
2026-07-14T04:09:51.928Z host=gpu-node-023 service=kubelet level=INFO namespace=monitoring pod=trainer-bc9b9c event=probe_ok gpu_util=19
2026-07-14T04:10:23.419Z host=eng-x12 service=auditd level=INFO user=mchen repo=api-gateway event=session_close status=success job=44840 trace=04bc8bb4f9a988
2026-07-14T04:10:24.077Z host=gpu-node-061 service=nvidia-dcgm level=INFO namespace=inference pod=checkpoint-43381b event=completed gpu_util=94
2026-07-14T04:10:32.669Z host=eng-x12 service=dockerd level=INFO user=deploybot repo=api-gateway event=fetch status=success job=43869 trace=6aaf1af1ab7bd1
2026-07-14T04:11:35.591Z host=gpu-node-067 service=nvidia-dcgm level=INFO namespace=training pod=model-eval-6096a9 event=started gpu_util=56
2026-07-14T04:12:12.527Z host=eng-x12 service=dockerd level=INFO user=deploybot repo=safety-filters event=push status=success job=42317 trace=329ab99edeee45
2026-07-14T04:12:25.530Z host=gpu-node-121 service=kubelet level=INFO namespace=training pod=checkpoint-983830 event=probe_ok gpu_util=46
2026-07-14T04:15:12.181Z host=gpu-node-021 service=kubelet level=INFO namespace=training pod=trainer-ac8be5 event=completed gpu_util=49
2026-07-14T04:16:15.080Z host=eng-x12 service=dockerd level=INFO user=builder repo=infra-charts event=fetch status=success job=45462 trace=15805980c7ca0f
2026-07-14T04:16:56.366Z host=eng-x12 service=sshd level=INFO user=builder repo=api-gateway event=fetch status=success job=47144 trace=888c4d0c1c7e36
2026-07-14T04:17:24.067Z host=eng-x12 service=auditd level=INFO user=sre repo=model-runtime event=build status=success job=47153 trace=1c200f2f106281
2026-07-14T04:17:54.609Z host=eng-x12 service=sshd level=INFO user=builder repo=api-gateway event=fetch status=success job=46460 trace=912916da11ca42
2026-07-14T04:18:23.371Z host=gpu-node-099 service=containerd level=INFO namespace=training pod=node-exporter-30cf82 event=image_present gpu_util=90
2026-07-14T04:21:36.621Z host=eng-x12 service=auditd level=INFO user=deploybot repo=safety-filters event=build status=success job=47923 trace=33bf7f6d38149d
2026-07-14T04:23:01.498Z host=eng-x12 service=sshd level=INFO user=builder repo=model-runtime event=session_close status=success job=48149 trace=0c558dff289fc3
2026-07-14T04:23:41.115Z host=eng-x12 service=auditd level=INFO user=deploybot repo=api-gateway event=fetch status=success job=43874 trace=6f4f5f739a2365
2026-07-14T04:25:13.306Z host=eng-x12 service=auditd level=INFO user=mchen repo=api-gateway event=checkout status=success job=44634 trace=d11f2d7391004b
2026-07-14T04:26:14.485Z host=eng-x12 service=auditd level=INFO user=builder repo=api-gateway event=push status=success job=42942 trace=f16eab8b6ba7c9
2026-07-14T04:27:12.900Z host=eng-x12 service=gitlab-runner level=INFO user=sre repo=model-runtime event=session_close status=success job=47300 trace=17d83d60caae3c
2026-07-14T04:27:59.253Z host=gpu-node-064 service=nvidia-dcgm level=INFO namespace=monitoring pod=trainer-c5c748 event=probe_ok gpu_util=79
2026-07-14T04:29:30.388Z host=eng-x12 service=sshd level=INFO user=builder repo=model-runtime event=fetch status=success job=41761 trace=aa1f0fa48b7bda
2026-07-14T04:32:38.196Z host=gpu-node-041 service=containerd level=INFO namespace=monitoring pod=node-exporter-d3ad35 event=image_present gpu_util=62
2026-07-14T04:34:10.991Z host=eng-x12 service=sshd level=INFO user=deploybot repo=api-gateway event=push status=success job=48710 trace=2812c95ed7bdf6
2026-07-14T04:35:01.169Z host=gpu-node-068 service=scheduler level=INFO namespace=monitoring pod=node-exporter-584140 event=probe_ok gpu_util=11
2026-07-14T04:35:58.834Z host=eng-x12 service=auditd level=INFO user=deploybot repo=api-gateway event=checkout status=success job=45293 trace=f1155771112838
2026-07-14T04:37:20.678Z host=eng-x12 service=dockerd level=INFO user=mchen repo=api-gateway event=build status=success job=47520 trace=ff0c1b234210a9
2026-07-14T04:37:41.501Z host=eng-x12 service=gitlab-runner level=INFO user=builder repo=model-runtime event=session_close status=success job=41741 trace=614d9ee3ee9969
2026-07-14T04:39:58.922Z host=eng-x12 service=gitlab-runner level=INFO user=deploybot repo=infra-charts event=fetch status=success job=46156 trace=3edd06e152f310
2026-07-14T04:40:36.958Z host=gpu-node-041 service=scheduler level=INFO namespace=training pod=trainer-e68ac1 event=image_present gpu_util=85
2026-07-14T04:44:15.909Z host=gpu-node-077 service=containerd level=INFO namespace=monitoring pod=node-exporter-493978 event=probe_ok gpu_util=0
2026-07-14T04:44:21.298Z host=eng-x12 service=auditd level=INFO user=sre repo=infra-charts event=checkout status=success job=41968 trace=f704f328196468
2026-07-14T04:44:33.035Z host=eng-x12 service=gitlab-runner level=INFO user=mchen repo=api-gateway event=session_close status=success job=45179 trace=3f9eae5fbf676c
2026-07-14T04:45:41.333Z host=eng-x12 service=auditd level=INFO user=deploybot repo=safety-filters event=checkout status=success job=45307 trace=7aa488ddec7cc9
2026-07-14T04:46:38.663Z host=gpu-node-120 service=kubelet level=INFO namespace=training pod=model-eval-d254d4 event=image_present gpu_util=14
2026-07-14T04:48:49.687Z host=eng-x12 service=auditd level=INFO user=mchen repo=infra-charts event=session_close status=success job=44402 trace=c43daacea2d9b7
2026-07-14T04:49:54.073Z host=gpu-node-079 service=nvidia-dcgm level=INFO namespace=inference pod=node-exporter-4f592d event=started gpu_util=60
2026-07-14T04:52:18.650Z host=eng-x12 service=gitlab-runner level=INFO user=deploybot repo=evaluation event=session_close status=success job=46902 trace=cf1305fc3eedad
2026-07-14T04:54:12.736Z host=eng-x12 service=sshd level=INFO user=builder repo=evaluation event=session_close status=success job=43573 trace=3525146184961e
2026-07-14T04:57:19.437Z host=gpu-node-072 service=kubelet level=INFO namespace=training pod=node-exporter-a07637 event=image_present gpu_util=27
2026-07-14T04:58:00.603Z host=gpu-node-064 service=kubelet level=INFO namespace=monitoring pod=checkpoint-4968ae event=probe_ok gpu_util=52
2026-07-14T05:00:53.206Z host=gpu-node-127 service=containerd level=INFO namespace=training pod=model-eval-40dc14 event=probe_ok gpu_util=11
2026-07-14T05:04:09.121Z host=gpu-node-008 service=containerd level=INFO namespace=inference pod=checkpoint-b1d94c event=probe_ok gpu_util=68
2026-07-14T05:05:42.739Z host=eng-x12 service=dockerd level=INFO user=mchen repo=infra-charts event=build status=success job=47293 trace=33dd6c3d6b8429
2026-07-14T05:06:54.015Z host=gpu-node-086 service=kubelet level=INFO namespace=inference pod=node-exporter-2fad77 event=started gpu_util=43
2026-07-14T05:08:18.817Z host=gpu-node-088 service=scheduler level=INFO namespace=training pod=trainer-91944c event=completed gpu_util=49
2026-07-14T05:08:31.696Z host=eng-x12 service=dockerd level=INFO user=deploybot repo=infra-charts event=session_close status=success job=48009 trace=a421cc894f82a7
2026-07-14T05:10:05.853Z host=eng-x12 service=auditd level=INFO user=builder repo=safety-filters event=checkout status=success job=43474 trace=b86190429886d5
2026-07-14T05:10:44.657Z host=gpu-node-010 service=kubelet level=INFO namespace=inference pod=model-eval-4177c8 event=image_present gpu_util=76
2026-07-14T05:15:37.951Z host=gpu-node-006 service=nvidia-dcgm level=INFO namespace=training pod=node-exporter-d80d2e event=started gpu_util=51
2026-07-14T05:15:50.925Z host=gpu-node-065 service=scheduler level=INFO namespace=monitoring pod=model-eval-8f0d1f event=completed gpu_util=78
2026-07-14T05:19:02.050Z host=gpu-node-090 service=kubelet level=INFO namespace=monitoring pod=node-exporter-3045ec event=probe_ok gpu_util=53
2026-07-14T05:22:21.283Z host=eng-x12 service=gitlab-runner level=INFO user=builder repo=api-gateway event=fetch status=success job=46254 trace=4a0d7031dc60fc
2026-07-14T05:23:23.360Z host=gpu-node-030 service=scheduler level=INFO namespace=monitoring pod=model-eval-359c0d event=probe_ok gpu_util=11
2026-07-14T05:23:37.987Z host=gpu-node-093 service=containerd level=INFO namespace=training pod=model-eval-de7496 event=started gpu_util=31
2026-07-14T05:24:49.537Z host=eng-x12 service=dockerd level=INFO user=builder repo=api-gateway event=session_close status=success job=47883 trace=e4674342d894a3
2026-07-14T05:26:49.219Z host=eng-x12 service=dockerd level=INFO user=deploybot repo=model-runtime event=build status=success job=41851 trace=05bd514b9cd0c9
2026-07-14T05:29:49.006Z host=gpu-node-011 service=containerd level=INFO namespace=monitoring pod=node-exporter-482114 event=image_present gpu_util=12
2026-07-14T05:31:27.615Z host=gpu-node-067 service=containerd level=INFO namespace=monitoring pod=trainer-f83ed1 event=started gpu_util=36
2026-07-14T05:31:31.895Z host=gpu-node-020 service=scheduler level=INFO namespace=inference pod=trainer-ac922d event=started gpu_util=49
2026-07-14T05:31:46.697Z host=eng-x12 service=sshd level=INFO user=sre repo=api-gateway event=push status=success job=48874 trace=581005d7460b63
2026-07-14T05:33:21.184Z host=gpu-node-036 service=nvidia-dcgm level=INFO namespace=training pod=node-exporter-c0b8a0 event=started gpu_util=62
2026-07-14T05:34:18.552Z host=eng-x12 service=auditd level=INFO user=sre repo=safety-filters event=push status=success job=48334 trace=edd9c357d2aad4
2026-07-14T05:35:22.049Z host=eng-x12 service=auditd level=INFO user=mchen repo=safety-filters event=build status=success job=45206 trace=267449ee85e2e7
2026-07-14T05:36:44.104Z host=gpu-node-115 service=kubelet level=INFO namespace=monitoring pod=node-exporter-62b398 event=image_present gpu_util=46
2026-07-14T05:37:38.906Z host=eng-x12 service=auditd level=INFO user=mchen repo=safety-filters event=session_close status=success job=46482 trace=f04ee079ade366
2026-07-14T05:37:59.967Z host=eng-x12 service=dockerd level=INFO user=deploybot repo=evaluation event=push status=success job=47508 trace=44614e70d86a56
2026-07-14T05:38:36.190Z host=eng-x12 service=dockerd level=INFO user=builder repo=model-runtime event=session_close status=success job=47252 trace=a9f21056a59d8d
2026-07-14T05:39:52.793Z host=eng-x12 service=auditd level=INFO user=mchen repo=model-runtime event=session_close status=success job=43026 trace=ffd05e34369006
2026-07-14T05:40:41.852Z host=gpu-node-004 service=containerd level=INFO namespace=inference pod=checkpoint-52a823 event=completed gpu_util=36
2026-07-14T05:41:14.762Z host=gpu-node-027 service=nvidia-dcgm level=INFO namespace=inference pod=trainer-a6a2b0 event=probe_ok gpu_util=78
2026-07-14T05:42:20.662Z host=gpu-node-034 service=scheduler level=INFO namespace=inference pod=trainer-d44a93 event=started gpu_util=94
2026-07-14T05:42:21.029Z host=gpu-node-017 service=containerd level=INFO namespace=training pod=model-eval-258780 event=image_present gpu_util=18
2026-07-14T05:43:08.865Z host=gpu-node-108 service=nvidia-dcgm level=INFO namespace=monitoring pod=model-eval-79ccd9 event=image_present gpu_util=74
2026-07-14T05:46:47.294Z host=gpu-node-098 service=scheduler level=INFO namespace=training pod=node-exporter-413a5f event=started gpu_util=83
2026-07-14T05:47:14.166Z host=gpu-node-015 service=nvidia-dcgm level=INFO namespace=inference pod=node-exporter-74be91 event=probe_ok gpu_util=19
2026-07-14T05:51:20.231Z host=gpu-node-082 service=scheduler level=INFO namespace=monitoring pod=checkpoint-038b01 event=probe_ok gpu_util=53
2026-07-14T05:52:10.260Z host=eng-x12 service=auditd level=INFO user=deploybot repo=api-gateway event=session_close status=success job=48285 trace=7f07d0d75a2e2e
2026-07-14T05:52:23.779Z host=gpu-node-094 service=kubelet level=INFO namespace=inference pod=trainer-1d1054 event=image_present gpu_util=32
2026-07-14T05:52:42.526Z host=eng-x12 service=gitlab-runner level=INFO user=deploybot repo=infra-charts event=checkout status=success job=46094 trace=83bf8765d4f9ec
2026-07-14T05:52:52.729Z host=eng-x12 service=auditd level=INFO user=builder repo=evaluation event=checkout status=success job=47020 trace=e5c9716d453ab6
2026-07-14T05:53:57.093Z host=gpu-node-071 service=scheduler level=INFO namespace=monitoring pod=trainer-a41814 event=image_present gpu_util=29
2026-07-14T05:54:15.820Z host=gpu-node-037 service=nvidia-dcgm level=INFO namespace=inference pod=trainer-5f82a2 event=image_present gpu_util=54
2026-07-14T05:55:41.652Z host=gpu-node-017 service=containerd level=INFO namespace=monitoring pod=model-eval-f29f22 event=image_present gpu_util=74
2026-07-14T06:04:05.153Z host=gpu-node-026 service=scheduler level=INFO namespace=inference pod=model-eval-1dcb4f event=image_present gpu_util=92
2026-07-14T06:04:10.921Z host=eng-x12 service=gitlab-runner level=INFO user=builder repo=model-runtime event=build status=success job=47920 trace=239e2e4e51b89d
2026-07-14T06:04:54.050Z host=eng-x12 service=sshd level=INFO user=builder repo=safety-filters event=session_close status=success job=42043 trace=795c3d72715cbc
2026-07-14T06:04:54.677Z host=eng-x12 service=dockerd level=INFO user=deploybot repo=api-gateway event=session_close status=success job=47791 trace=4874b9a32618c0
2026-07-14T06:05:47.494Z host=eng-x12 service=auditd level=INFO user=sre repo=infra-charts event=push status=success job=47998 trace=fd59140ca60ef5
2026-07-14T06:06:11.501Z host=eng-x12 service=sshd level=INFO user=sre repo=evaluation event=session_close status=success job=45020 trace=ffeef3bedc3eef
2026-07-14T06:07:15.968Z host=gpu-node-005 service=nvidia-dcgm level=INFO namespace=inference pod=checkpoint-dcdee9 event=probe_ok gpu_util=91
2026-07-14T06:07:38.599Z host=gpu-node-022 service=containerd level=INFO namespace=monitoring pod=model-eval-b9029b event=completed gpu_util=64
2026-07-14T06:12:01.716Z host=gpu-node-005 service=containerd level=INFO namespace=monitoring pod=checkpoint-a979e6 event=started gpu_util=85
2026-07-14T06:12:41.642Z host=gpu-node-115 service=containerd level=INFO namespace=monitoring pod=checkpoint-d7fbe8 event=probe_ok gpu_util=84
2026-07-14T06:13:46.136Z host=gpu-node-047 service=containerd level=INFO namespace=inference pod=model-eval-a2d9ae event=image_present gpu_util=7
2026-07-14T06:14:01.272Z host=eng-x12 service=dockerd level=INFO user=deploybot repo=infra-charts event=push status=success job=45509 trace=62bf732f5d8856
2026-07-14T06:14:16.980Z host=gpu-node-003 service=containerd level=INFO namespace=inference pod=trainer-d84b48 event=image_present gpu_util=69
2026-07-14T06:15:03.893Z host=gpu-node-049 service=kubelet level=INFO namespace=training pod=trainer-6f71ac event=started gpu_util=39
2026-07-14T06:16:09.473Z host=eng-x12 service=sshd level=INFO user=sre repo=api-gateway event=push status=success job=43267 trace=8de092318ef9af
2026-07-14T06:18:31.384Z host=eng-x12 service=sshd level=INFO user=sre repo=evaluation event=checkout status=success job=48895 trace=94d29a97f43413
2026-07-14T06:19:25.174Z host=gpu-node-044 service=scheduler level=INFO namespace=inference pod=model-eval-2bee74 event=started gpu_util=46
2026-07-14T06:19:30.953Z host=gpu-node-096 service=scheduler level=INFO namespace=inference pod=trainer-2626a7 event=image_present gpu_util=56
2026-07-14T06:19:47.822Z host=gpu-node-125 service=containerd level=INFO namespace=inference pod=checkpoint-d08e26 event=started gpu_util=6
2026-07-14T06:20:16.992Z host=gpu-node-041 service=kubelet level=INFO namespace=inference pod=node-exporter-cb5807 event=image_present gpu_util=10
2026-07-14T06:20:27.294Z host=gpu-node-121 service=scheduler level=INFO namespace=monitoring pod=trainer-d55fc7 event=probe_ok gpu_util=35
2026-07-14T06:20:32.203Z host=eng-x12 service=gitlab-runner level=INFO user=sre repo=evaluation event=checkout status=success job=42260 trace=9d0d108a48a114
2026-07-14T06:24:12.574Z host=gpu-node-021 service=nvidia-dcgm level=INFO namespace=monitoring pod=trainer-ad9658 event=started gpu_util=29
2026-07-14T06:24:15.735Z host=gpu-node-033 service=nvidia-dcgm level=INFO namespace=training pod=checkpoint-e41519 event=probe_ok gpu_util=23
2026-07-14T06:24:58.992Z host=eng-x12 service=dockerd level=INFO user=mchen repo=api-gateway event=push status=success job=42684 trace=44fd3580363b1e
2026-07-14T06:25:11.895Z host=gpu-node-082 service=scheduler level=INFO namespace=training pod=model-eval-0e123e event=completed gpu_util=83
2026-07-14T06:26:24.344Z host=gpu-node-057 service=nvidia-dcgm level=INFO namespace=inference pod=node-exporter-81157b event=image_present gpu_util=80
2026-07-14T06:32:36.635Z host=eng-x12 service=sshd level=INFO user=builder repo=api-gateway event=session_close status=success job=42193 trace=792456dbe72266
2026-07-14T06:33:03.885Z host=gpu-node-059 service=kubelet level=INFO namespace=monitoring pod=checkpoint-733688 event=probe_ok gpu_util=92
2026-07-14T06:33:04.704Z host=eng-x12 service=auditd level=INFO user=deploybot repo=api-gateway event=checkout status=success job=46400 trace=922c986aa21f7a
2026-07-14T06:34:24.999Z host=gpu-node-039 service=scheduler level=INFO namespace=training pod=node-exporter-00fe58 event=probe_ok gpu_util=39
2026-07-14T06:35:29.687Z host=eng-x12 service=sshd level=INFO user=deploybot repo=model-runtime event=checkout status=success job=47534 trace=9412182f608bbe
2026-07-14T06:36:38.802Z host=eng-x12 service=dockerd level=INFO user=builder repo=safety-filters event=fetch status=success job=44529 trace=d50a9aa6c66fc9
2026-07-14T06:39:35.572Z host=eng-x12 service=gitlab-runner level=INFO user=deploybot repo=evaluation event=build status=success job=42010 trace=145a8ccd79737a
2026-07-14T06:40:05.753Z host=eng-x12 service=sshd level=INFO user=builder repo=model-runtime event=checkout status=success job=46299 trace=ce6bc3ad22575f
2026-07-14T06:40:29.657Z host=gpu-node-070 service=kubelet level=INFO namespace=training pod=checkpoint-a1f362 event=started gpu_util=32
2026-07-14T06:40:59.754Z host=gpu-node-101 service=scheduler level=INFO namespace=inference pod=checkpoint-dffc2b event=started gpu_util=93
2026-07-14T06:43:47.656Z host=eng-x12 service=auditd level=INFO user=sre repo=infra-charts event=fetch status=success job=43017 trace=d9b25c42e3ff3a
2026-07-14T06:45:40.938Z host=eng-x12 service=gitlab-runner level=INFO user=deploybot repo=safety-filters event=build status=success job=42046 trace=8e7a031f27ba11
2026-07-14T06:46:43.267Z host=eng-x12 service=dockerd level=INFO user=deploybot repo=safety-filters event=push status=success job=41935 trace=15a4d8145e5e44
2026-07-14T06:48:03.979Z host=gpu-node-027 service=kubelet level=INFO namespace=monitoring pod=trainer-8a9abc event=probe_ok gpu_util=5
2026-07-14T06:50:49.370Z host=eng-x12 service=auditd level=INFO user=builder repo=api-gateway event=push status=success job=47645 trace=20aaf907404a85
2026-07-14T06:52:05.401Z host=gpu-node-104 service=nvidia-dcgm level=INFO namespace=inference pod=node-exporter-5d4b6e event=completed gpu_util=36
2026-07-14T06:53:23.708Z host=eng-x12 service=dockerd level=INFO user=mchen repo=safety-filters event=build status=success job=41761 trace=f17aa34c30b8b8
2026-07-14T06:54:10.290Z host=eng-x12 service=gitlab-runner level=INFO user=deploybot repo=api-gateway event=session_close status=success job=44426 trace=73d564cc13688b
2026-07-14T06:55:34.541Z host=eng-x12 service=dockerd level=INFO user=deploybot repo=model-runtime event=build status=success job=42280 trace=d18edf7056b3c6
2026-07-14T06:55:50.306Z host=eng-x12 service=sshd level=INFO user=sre repo=evaluation event=checkout status=success job=42392 trace=077b71b506064e
2026-07-14T06:59:24.397Z host=gpu-node-114 service=nvidia-dcgm level=INFO namespace=training pod=checkpoint-e3016b event=image_present gpu_util=9
2026-07-14T07:00:39.166Z host=eng-x12 service=dockerd level=INFO user=sre repo=model-runtime event=checkout status=success job=46921 trace=7fe137f9029ae3
2026-07-14T07:00:45.570Z host=gpu-node-088 service=kubelet level=INFO namespace=monitoring pod=model-eval-f1ee36 event=started gpu_util=19
2026-07-14T07:01:10.033Z host=gpu-node-040 service=scheduler level=INFO namespace=inference pod=model-eval-f455da event=image_present gpu_util=15
2026-07-14T07:01:26.722Z host=gpu-node-123 service=containerd level=INFO namespace=monitoring pod=trainer-f4c3bf event=completed gpu_util=22
2026-07-14T07:02:19.711Z host=eng-x12 service=dockerd level=INFO user=mchen repo=model-runtime event=push status=success job=44525 trace=1723ccb16d94e2
2026-07-14T07:03:22.977Z host=eng-x12 service=dockerd level=INFO user=builder repo=evaluation event=build status=success job=44194 trace=bcbc0fb456de5d
2026-07-14T07:04:10.449Z host=gpu-node-048 service=nvidia-dcgm level=INFO namespace=training pod=node-exporter-ebccbf event=completed gpu_util=87
2026-07-14T07:04:46.245Z host=gpu-node-009 service=scheduler level=INFO namespace=inference pod=model-eval-33fa52 event=completed gpu_util=55
2026-07-14T07:06:08.303Z host=eng-x12 service=auditd level=INFO user=deploybot repo=safety-filters event=push status=success job=41519 trace=2d04af58c1be38
2026-07-14T07:09:03.650Z host=eng-x12 service=gitlab-runner level=INFO user=builder repo=evaluation event=build status=success job=48778 trace=9d84e3ff1690b3
2026-07-14T07:09:49.085Z host=eng-x12 service=dockerd level=INFO user=sre repo=api-gateway event=build status=success job=42733 trace=07eebb464b5614
2026-07-14T07:10:15.070Z host=gpu-node-063 service=kubelet level=INFO namespace=training pod=trainer-19ade9 event=completed gpu_util=17
2026-07-14T07:11:24.277Z host=gpu-node-070 service=nvidia-dcgm level=INFO namespace=monitoring pod=trainer-fe6e25 event=started gpu_util=39
2026-07-14T07:11:25.768Z host=gpu-node-049 service=kubelet level=INFO namespace=training pod=model-eval-8896b2 event=probe_ok gpu_util=13
2026-07-14T07:11:54.780Z host=eng-x12 service=gitlab-runner level=INFO user=deploybot repo=evaluation event=build status=success job=48248 trace=08063baada8b18
2026-07-14T07:12:16.863Z host=eng-x12 service=auditd level=INFO user=mchen repo=evaluation event=fetch status=success job=47686 trace=2b028e637ab9dc
2026-07-14T07:12:37.741Z host=eng-x12 service=sshd level=INFO user=sre repo=infra-charts event=push status=success job=42625 trace=f8e153a115a016
2026-07-14T07:12:59.883Z host=eng-x12 service=gitlab-runner level=INFO user=deploybot repo=safety-filters event=build status=success job=46140 trace=bae0f3fa8022e9
2026-07-14T07:13:56.610Z host=gpu-node-026 service=containerd level=INFO namespace=training pod=trainer-5d37d7 event=image_present gpu_util=29
2026-07-14T07:14:54.699Z host=eng-x12 service=dockerd level=INFO user=deploybot repo=infra-charts event=build status=success job=44199 trace=9ab8256790fec0
2026-07-14T07:15:09.021Z host=eng-x12 service=sshd level=INFO user=builder repo=api-gateway event=checkout status=success job=45817 trace=24754146019db9
2026-07-14T07:16:03.995Z host=gpu-node-064 service=containerd level=INFO namespace=training pod=model-eval-a47286 event=started gpu_util=36
2026-07-14T07:17:26.410Z host=gpu-node-032 service=nvidia-dcgm level=INFO namespace=inference pod=checkpoint-6071cc event=completed gpu_util=47
2026-07-14T07:18:29.465Z host=eng-x12 service=gitlab-runner level=INFO user=mchen repo=model-runtime event=build status=success job=41741 trace=f42f1d8fb0b43f
2026-07-14T07:18:57.549Z host=eng-x12 service=dockerd level=INFO user=sre repo=model-runtime event=push status=success job=46893 trace=66a9276c9caeec
2026-07-14T07:21:51.567Z host=gpu-node-010 service=containerd level=INFO namespace=training pod=node-exporter-ab0df2 event=probe_ok gpu_util=61
2026-07-14T07:22:09.174Z host=gpu-node-030 service=scheduler level=INFO namespace=training pod=checkpoint-4a0b90 event=probe_ok gpu_util=2
2026-07-14T07:23:55.668Z host=gpu-node-087 service=containerd level=INFO namespace=inference pod=trainer-54e080 event=started gpu_util=54
2026-07-14T07:24:12.297Z host=gpu-node-041 service=scheduler level=INFO namespace=monitoring pod=node-exporter-40767d event=started gpu_util=38
2026-07-14T07:24:38.646Z host=eng-x12 service=gitlab-runner level=INFO user=mchen repo=infra-charts event=fetch status=success job=44916 trace=68a6241beac8ac
2026-07-14T07:25:44.983Z host=gpu-node-024 service=containerd level=INFO namespace=inference pod=trainer-3e1b50 event=probe_ok gpu_util=1
2026-07-14T07:29:18.231Z host=gpu-node-001 service=nvidia-dcgm level=INFO namespace=monitoring pod=node-exporter-5e67bc event=completed gpu_util=39
2026-07-14T07:29:53.083Z host=eng-x12 service=dockerd level=INFO user=sre repo=evaluation event=push status=success job=42302 trace=2a1f48cdad0ebe
2026-07-14T07:31:57.755Z host=gpu-node-109 service=nvidia-dcgm level=INFO namespace=monitoring pod=trainer-ef50f4 event=started gpu_util=38
2026-07-14T07:32:13.024Z host=eng-x12 service=dockerd level=INFO user=builder repo=model-runtime event=fetch status=success job=46120 trace=d162ca9cad75ed
2026-07-14T07:35:01.324Z host=gpu-node-127 service=nvidia-dcgm level=INFO namespace=inference pod=model-eval-b74e9c event=probe_ok gpu_util=36
2026-07-14T07:35:10.341Z host=eng-x12 service=gitlab-runner level=INFO user=builder repo=safety-filters event=push status=success job=44913 trace=a1f33a74c290b5
2026-07-14T07:35:14.600Z host=eng-x12 service=gitlab-runner level=INFO user=sre repo=evaluation event=push status=success job=45368 trace=d18a55e2df1ab0
2026-07-14T07:36:40.634Z host=gpu-node-064 service=containerd level=INFO namespace=training pod=checkpoint-512d1f event=completed gpu_util=95
2026-07-14T07:36:49.122Z host=eng-x12 service=gitlab-runner level=INFO user=mchen repo=model-runtime event=build status=success job=43636 trace=b683622e033114
2026-07-14T07:37:39.366Z host=gpu-node-097 service=containerd level=INFO namespace=inference pod=node-exporter-78b2e3 event=image_present gpu_util=19
2026-07-14T07:37:44.935Z host=gpu-node-025 service=containerd level=INFO namespace=inference pod=node-exporter-da0a9d event=image_present gpu_util=44
2026-07-14T07:37:56.207Z host=gpu-node-087 service=nvidia-dcgm level=INFO namespace=training pod=model-eval-b9456c event=image_present gpu_util=11
2026-07-14T07:38:19.706Z host=eng-x12 service=sshd level=INFO user=deploybot repo=safety-filters event=checkout status=success job=48938 trace=04a9616404bfb5
2026-07-14T07:38:25.029Z host=eng-x12 service=sshd level=INFO user=sre repo=infra-charts event=session_close status=success job=45868 trace=2f6c2faa28ed7d
2026-07-14T07:39:13.300Z host=gpu-node-116 service=containerd level=INFO namespace=monitoring pod=node-exporter-3f1853 event=probe_ok gpu_util=10
2026-07-14T07:39:34.544Z host=gpu-node-042 service=scheduler level=INFO namespace=inference pod=checkpoint-281d6b event=image_present gpu_util=3
2026-07-14T07:42:20.782Z host=gpu-node-096 service=containerd level=INFO namespace=inference pod=trainer-2dc54b event=image_present gpu_util=55
2026-07-14T07:46:14.284Z host=eng-x12 service=dockerd level=INFO user=builder repo=evaluation event=push status=success job=46651 trace=52c640c7c86992
2026-07-14T07:46:55.711Z host=gpu-node-090 service=scheduler level=INFO namespace=monitoring pod=checkpoint-bbebbf event=image_present gpu_util=66
2026-07-14T07:47:54.894Z host=eng-x12 service=dockerd level=INFO user=sre repo=api-gateway event=session_close status=success job=46962 trace=c9d7c31f9be13c
2026-07-14T07:49:10.347Z host=gpu-node-015 service=nvidia-dcgm level=INFO namespace=monitoring pod=node-exporter-7067c7 event=image_present gpu_util=8
2026-07-14T07:49:26.074Z host=eng-x12 service=auditd level=INFO user=mchen repo=api-gateway event=checkout status=success job=41882 trace=f175847b72c895
2026-07-14T07:51:05.080Z host=gpu-node-100 service=containerd level=INFO namespace=monitoring pod=checkpoint-7a2fb4 event=started gpu_util=38
2026-07-14T07:53:11.090Z host=gpu-node-087 service=nvidia-dcgm level=INFO namespace=training pod=trainer-8f3cd5 event=started gpu_util=59
2026-07-14T07:54:41.237Z host=eng-x12 service=gitlab-runner level=INFO user=builder repo=infra-charts event=session_close status=success job=44169 trace=99301e072f09e9
2026-07-14T07:55:35.678Z host=gpu-node-020 service=kubelet level=INFO namespace=inference pod=model-eval-7dd3b2 event=completed gpu_util=76
2026-07-14T07:56:47.910Z host=gpu-node-062 service=containerd level=INFO namespace=inference pod=node-exporter-944c8b event=image_present gpu_util=20
2026-07-14T07:58:15.155Z host=eng-x12 service=auditd level=INFO user=mchen repo=model-runtime event=build status=success job=48162 trace=638cf244588550
2026-07-14T07:58:34.367Z host=eng-x12 service=gitlab-runner level=INFO user=sre repo=safety-filters event=push status=success job=48526 trace=805799ae7f66dc
2026-07-14T07:58:38.511Z host=eng-x12 service=dockerd level=INFO user=builder repo=api-gateway event=fetch status=success job=43874 trace=c2e803aac66bac
2026-07-14T07:59:00.441Z host=eng-x12 service=sshd level=INFO user=sre repo=infra-charts event=fetch status=success job=48777 trace=f4d4a60ce703ed
2026-07-14T08:00:38.485Z host=eng-x12 service=sshd level=INFO user=builder repo=infra-charts event=fetch status=success job=41632 trace=4f8f8135220778
2026-07-14T08:01:35.848Z host=eng-x12 service=dockerd level=INFO user=mchen repo=evaluation event=push status=success job=46602 trace=88b9e30d28cb8a
2026-07-14T08:02:20.189Z host=gpu-node-028 service=containerd level=INFO namespace=training pod=trainer-e4d586 event=started gpu_util=85
2026-07-14T08:03:13.861Z host=gpu-node-095 service=containerd level=INFO namespace=monitoring pod=model-eval-64e081 event=probe_ok gpu_util=37
2026-07-14T08:03:21.701Z host=gpu-node-064 service=containerd level=INFO namespace=training pod=trainer-e92052 event=probe_ok gpu_util=90
2026-07-14T08:04:58.008Z host=gpu-node-107 service=nvidia-dcgm level=INFO namespace=training pod=checkpoint-5e95f4 event=started gpu_util=47
2026-07-14T08:05:52.347Z host=gpu-node-024 service=scheduler level=INFO namespace=inference pod=trainer-f30531 event=started gpu_util=72
2026-07-14T08:08:21.198Z host=eng-x12 service=auditd level=INFO user=deploybot repo=model-runtime event=build status=success job=45504 trace=dbaef2f81f5060
2026-07-14T08:08:53.739Z host=gpu-node-009 service=kubelet level=INFO namespace=inference pod=model-eval-730571 event=probe_ok gpu_util=29
2026-07-14T08:11:14.727Z host=eng-x12 service=sshd level=INFO user=mchen repo=api-gateway event=push status=success job=46438 trace=04cd0fb89f00fb
2026-07-14T08:14:07.668Z host=gpu-node-028 service=containerd level=INFO namespace=inference pod=checkpoint-57bcfb event=image_present gpu_util=82
2026-07-14T08:16:10.364Z host=eng-x12 service=sshd level=INFO user=mchen repo=api-gateway event=checkout status=success job=41482 trace=550070bfbb765b
2026-07-14T08:16:45.169Z host=eng-x12 service=gitlab-runner level=INFO user=sre repo=model-runtime event=build status=success job=41114 trace=f32cbeb746eae3
2026-07-14T08:17:22.352Z host=gpu-node-019 service=nvidia-dcgm level=INFO namespace=inference pod=checkpoint-b60c84 event=started gpu_util=37
2026-07-14T08:18:14.679Z host=eng-x12 service=gitlab-runner level=INFO user=deploybot repo=infra-charts event=session_close status=success job=41527 trace=ad6d21a395664d
2026-07-14T08:18:19.868Z host=eng-x12 service=auditd level=INFO user=builder repo=safety-filters event=build status=success job=47755 trace=c44c9bbefb4484
2026-07-14T08:19:28.377Z host=eng-x12 service=dockerd level=INFO user=deploybot repo=api-gateway event=push status=success job=42000 trace=93289702ef49e3
2026-07-14T08:20:53.964Z host=gpu-node-103 service=scheduler level=INFO namespace=monitoring pod=node-exporter-c2b3f0 event=probe_ok gpu_util=94
2026-07-14T08:21:00.937Z host=eng-x12 service=auditd level=INFO user=sre repo=evaluation event=session_close status=success job=43842 trace=9fd166cd3415fa
2026-07-14T08:22:07.482Z host=eng-x12 service=gitlab-runner level=INFO user=deploybot repo=infra-charts event=build status=success job=41294 trace=6944ac40ca4ab4
2026-07-14T08:22:43.791Z host=gpu-node-041 service=scheduler level=INFO namespace=inference pod=checkpoint-436e03 event=image_present gpu_util=84
2026-07-14T08:22:49.164Z host=gpu-node-084 service=scheduler level=INFO namespace=training pod=model-eval-55d365 event=image_present gpu_util=69
2026-07-14T08:22:51.173Z host=eng-x12 service=gitlab-runner level=INFO user=mchen repo=infra-charts event=session_close status=success job=46217 trace=1024378a159619
2026-07-14T08:23:16.131Z host=gpu-node-034 service=nvidia-dcgm level=INFO namespace=training pod=node-exporter-4faf82 event=probe_ok gpu_util=29
2026-07-14T08:23:50.278Z host=gpu-node-096 service=containerd level=INFO namespace=training pod=trainer-cca3ab event=completed gpu_util=1
2026-07-14T08:24:48.404Z host=gpu-node-005 service=containerd level=INFO namespace=inference pod=node-exporter-827d35 event=probe_ok gpu_util=100
2026-07-14T08:25:31.384Z host=eng-x12 service=auditd level=INFO user=sre repo=evaluation event=session_close status=success job=42784 trace=fd6236774a0958
2026-07-14T08:26:14.777Z host=eng-x12 service=sshd level=INFO user=builder repo=safety-filters event=checkout status=success job=46619 trace=2beb72626484a4
2026-07-14T08:27:09.329Z host=gpu-node-089 service=nvidia-dcgm level=INFO namespace=training pod=model-eval-1c09ba event=image_present gpu_util=90
2026-07-14T08:27:41.126Z host=eng-x12 service=dockerd level=INFO user=mchen repo=model-runtime event=push status=success job=45262 trace=ee56e10bbce63f
2026-07-14T08:29:08.512Z host=eng-x12 service=sshd level=INFO user=deploybot repo=evaluation event=build status=success job=43461 trace=26091e4f748c1c
2026-07-14T08:29:49.262Z host=gpu-node-101 service=kubelet level=INFO namespace=training pod=node-exporter-c8c46d event=started gpu_util=93
2026-07-14T08:31:40.371Z host=gpu-node-095 service=nvidia-dcgm level=INFO namespace=monitoring pod=model-eval-f0c2ba event=completed gpu_util=0
2026-07-14T08:32:31.912Z host=eng-x12 service=sshd level=INFO user=mchen repo=model-runtime event=push status=success job=47469 trace=9a75796224ead0
2026-07-14T08:33:12.296Z host=gpu-node-078 service=nvidia-dcgm level=INFO namespace=inference pod=node-exporter-95e120 event=started gpu_util=100
2026-07-14T08:34:21.887Z host=gpu-node-044 service=nvidia-dcgm level=INFO namespace=training pod=checkpoint-7317ef event=image_present gpu_util=15
2026-07-14T08:34:45.225Z host=eng-x12 service=dockerd level=INFO user=deploybot repo=safety-filters event=checkout status=success job=45747 trace=adbdb03ac4cb57
2026-07-14T08:35:33.529Z host=eng-x12 service=sshd level=INFO user=deploybot repo=api-gateway event=checkout status=success job=42342 trace=1fe16bb78d86df
2026-07-14T08:36:04.923Z host=gpu-node-125 service=scheduler level=INFO namespace=training pod=node-exporter-0e6629 event=image_present gpu_util=25
2026-07-14T08:38:14.175Z host=eng-x12 service=sshd level=INFO user=builder repo=evaluation event=push status=success job=42513 trace=48324fe74e0e2b
2026-07-14T08:38:21.047Z host=gpu-node-120 service=kubelet level=INFO namespace=training pod=checkpoint-fe7ce0 event=completed gpu_util=10
2026-07-14T08:45:48.183Z host=gpu-node-109 service=containerd level=INFO namespace=monitoring pod=node-exporter-a22e25 event=image_present gpu_util=83
2026-07-14T08:48:03.913Z host=eng-x12 service=gitlab-runner level=INFO user=deploybot repo=api-gateway event=session_close status=success job=46510 trace=10d2be599ac418
2026-07-14T08:49:14.504Z host=eng-x12 service=gitlab-runner level=INFO user=builder repo=api-gateway event=build status=success job=45916 trace=b8d32c831ba97f
2026-07-14T08:50:10.727Z host=gpu-node-027 service=scheduler level=INFO namespace=monitoring pod=node-exporter-541558 event=probe_ok gpu_util=59
2026-07-14T08:50:58.350Z host=eng-x12 service=sshd level=INFO user=builder repo=infra-charts event=build status=success job=48711 trace=413187654ecea3
2026-07-14T08:51:01.466Z host=eng-x12 service=sshd level=INFO user=builder repo=api-gateway event=session_close status=success job=46475 trace=070b22ad7cc456
2026-07-14T08:51:10.044Z host=gpu-node-037 service=nvidia-dcgm level=INFO namespace=monitoring pod=checkpoint-7f1f59 event=started gpu_util=10
2026-07-14T08:52:37.780Z host=gpu-node-013 service=scheduler level=INFO namespace=monitoring pod=checkpoint-91ce7d event=image_present gpu_util=9
2026-07-14T08:53:28.398Z host=gpu-node-104 service=kubelet level=INFO namespace=monitoring pod=model-eval-cc7d95 event=started gpu_util=57
2026-07-14T08:54:35.461Z host=eng-x12 service=auditd level=INFO user=mchen repo=infra-charts event=build status=success job=47598 trace=c08bc4103ed9bb
2026-07-14T08:55:04.961Z host=gpu-node-112 service=nvidia-dcgm level=INFO namespace=inference pod=node-exporter-f17657 event=probe_ok gpu_util=57
2026-07-14T08:58:06.175Z host=gpu-node-047 service=kubelet level=INFO namespace=monitoring pod=model-eval-36a440 event=image_present gpu_util=14
2026-07-14T09:02:13.059Z host=eng-x12 service=sshd level=INFO user=builder repo=infra-charts event=build status=success job=41462 trace=fee0265b0aa9e7
2026-07-14T09:02:17.417Z host=gpu-node-060 service=containerd level=INFO namespace=inference pod=trainer-4cd13e event=probe_ok gpu_util=95
2026-07-14T09:03:13.117Z host=gpu-node-045 service=nvidia-dcgm level=INFO namespace=training pod=checkpoint-249054 event=completed gpu_util=31
2026-07-14T09:03:40.448Z host=gpu-node-058 service=scheduler level=INFO namespace=inference pod=checkpoint-3a13d6 event=probe_ok gpu_util=32
2026-07-14T09:05:09.747Z host=eng-x12 service=gitlab-runner level=INFO user=sre repo=infra-charts event=session_close status=success job=42368 trace=7ee905e53c9a7d
2026-07-14T09:07:01.790Z host=eng-x12 service=auditd level=INFO user=sre repo=safety-filters event=build status=success job=48545 trace=1ffe8983bdb43d
2026-07-14T09:07:09.786Z host=gpu-node-099 service=nvidia-dcgm level=INFO namespace=training pod=model-eval-a2ab26 event=probe_ok gpu_util=74
2026-07-14T09:07:10.034Z host=eng-x12 service=sshd level=INFO user=mchen repo=evaluation event=session_close status=success job=46488 trace=c50cdfe3cfbbaf
2026-07-14T09:08:26.863Z host=eng-x12 service=sshd level=INFO user=builder repo=evaluation event=build status=success job=46859 trace=873e67afa70668
2026-07-14T09:09:36.185Z host=gpu-node-097 service=containerd level=INFO namespace=monitoring pod=model-eval-e748e7 event=completed gpu_util=27
2026-07-14T09:09:44.534Z host=gpu-node-001 service=containerd level=INFO namespace=training pod=model-eval-70471d event=completed gpu_util=62
2026-07-14T09:10:43.158Z host=gpu-node-076 service=scheduler level=INFO namespace=inference pod=node-exporter-ca7022 event=completed gpu_util=32
2026-07-14T09:10:59.315Z host=gpu-node-101 service=nvidia-dcgm level=INFO namespace=training pod=node-exporter-06415c event=image_present gpu_util=27
2026-07-14T09:11:08.893Z host=gpu-node-058 service=nvidia-dcgm level=INFO namespace=training pod=checkpoint-179544 event=probe_ok gpu_util=34
2026-07-14T09:11:56.847Z host=gpu-node-088 service=kubelet level=INFO namespace=monitoring pod=node-exporter-3f5885 event=started gpu_util=58
2026-07-14T09:12:39.341Z host=gpu-node-005 service=kubelet level=INFO namespace=inference pod=node-exporter-57065b event=probe_ok gpu_util=42
2026-07-14T09:13:50.145Z host=eng-x12 service=auditd level=INFO user=builder repo=model-runtime event=build status=success job=45583 trace=c4c6981f609186
2026-07-14T09:16:40.121Z host=gpu-node-076 service=scheduler level=INFO namespace=monitoring pod=node-exporter-ba79a1 event=started gpu_util=83
2026-07-14T09:17:03.898Z host=gpu-node-108 service=containerd level=INFO namespace=inference pod=trainer-a9b560 event=completed gpu_util=84
2026-07-14T09:18:07.703Z host=eng-x12 service=dockerd level=INFO user=mchen repo=infra-charts event=checkout status=success job=41014 trace=ade083e47249a1
2026-07-14T09:18:08.431Z host=gpu-node-118 service=containerd level=INFO namespace=monitoring pod=checkpoint-30db49 event=started gpu_util=80
2026-07-14T09:18:35.197Z host=gpu-node-104 service=nvidia-dcgm level=INFO namespace=training pod=trainer-0f9e78 event=image_present gpu_util=18
2026-07-14T09:19:05.420Z host=gpu-node-040 service=scheduler level=INFO namespace=monitoring pod=model-eval-a7ef31 event=started gpu_util=93
2026-07-14T09:20:21.041Z host=gpu-node-103 service=containerd level=INFO namespace=training pod=checkpoint-654381 event=image_present gpu_util=13
2026-07-14T09:20:28.233Z host=gpu-node-080 service=kubelet level=INFO namespace=inference pod=checkpoint-55d073 event=probe_ok gpu_util=72
2026-07-14T09:27:00.817Z host=gpu-node-040 service=containerd level=INFO namespace=monitoring pod=checkpoint-186a81 event=started gpu_util=82
2026-07-14T09:27:24.850Z host=eng-x12 service=dockerd level=INFO user=sre repo=api-gateway event=checkout status=success job=43403 trace=bf6a0fa30a05ab
2026-07-14T09:29:01.842Z host=gpu-node-086 service=containerd level=INFO namespace=training pod=checkpoint-6b430b event=image_present gpu_util=47
2026-07-14T09:31:15.207Z host=gpu-node-115 service=scheduler level=INFO namespace=training pod=checkpoint-113381 event=started gpu_util=97
2026-07-14T09:31:28.883Z host=gpu-node-023 service=scheduler level=INFO namespace=inference pod=node-exporter-2af26d event=started gpu_util=94
2026-07-14T09:32:32.554Z host=eng-x12 service=dockerd level=INFO user=deploybot repo=infra-charts event=fetch status=success job=46480 trace=84c73505752e07
2026-07-14T09:33:14.839Z host=eng-x12 service=gitlab-runner level=INFO user=sre repo=model-runtime event=session_close status=success job=45115 trace=b8b1eca4318d15
2026-07-14T09:36:36.799Z host=gpu-node-038 service=kubelet level=INFO namespace=training pod=model-eval-f23fb7 event=image_present gpu_util=33
2026-07-14T09:37:15.005Z host=gpu-node-054 service=kubelet level=INFO namespace=training pod=checkpoint-244656 event=started gpu_util=44
2026-07-14T09:39:02.124Z host=eng-x12 service=gitlab-runner level=INFO user=builder repo=api-gateway event=push status=success job=46797 trace=9e5f728d95c829
2026-07-14T09:39:16.814Z host=gpu-node-055 service=nvidia-dcgm level=INFO namespace=training pod=model-eval-cc5838 event=started gpu_util=6
2026-07-14T09:40:16.632Z host=eng-x12 service=dockerd level=INFO user=sre repo=safety-filters event=fetch status=success job=45768 trace=3d1d3ece640a9c
2026-07-14T09:41:18.379Z host=gpu-node-004 service=nvidia-dcgm level=INFO namespace=monitoring pod=node-exporter-2b7593 event=probe_ok gpu_util=15
2026-07-14T09:41:21.242Z host=gpu-node-070 service=nvidia-dcgm level=INFO namespace=inference pod=checkpoint-bab161 event=completed gpu_util=67
2026-07-14T09:41:34.733Z host=gpu-node-113 service=nvidia-dcgm level=INFO namespace=monitoring pod=trainer-30b6cc event=image_present gpu_util=24
2026-07-14T09:42:42.204Z host=gpu-node-067 service=nvidia-dcgm level=INFO namespace=monitoring pod=node-exporter-501f5f event=image_present gpu_util=33
2026-07-14T09:44:34.526Z host=eng-x12 service=sshd level=INFO user=builder repo=safety-filters event=build status=success job=41859 trace=a730207301335e
2026-07-14T09:45:46.445Z host=gpu-node-123 service=kubelet level=INFO namespace=monitoring pod=model-eval-a87457 event=probe_ok gpu_util=93
2026-07-14T09:47:32.065Z host=gpu-node-119 service=nvidia-dcgm level=INFO namespace=inference pod=model-eval-ee5cf0 event=started gpu_util=71
2026-07-14T09:47:35.040Z host=gpu-node-056 service=containerd level=INFO namespace=inference pod=trainer-dbf9dc event=probe_ok gpu_util=14
2026-07-14T09:49:40.544Z host=gpu-node-127 service=nvidia-dcgm level=INFO namespace=inference pod=model-eval-39dde7 event=probe_ok gpu_util=10
2026-07-14T09:53:43.297Z host=eng-x12 service=auditd level=INFO user=mchen repo=api-gateway event=push status=success job=46735 trace=1ab84a3bf5b90a
2026-07-14T09:53:48.880Z host=eng-x12 service=dockerd level=INFO user=deploybot repo=api-gateway event=checkout status=success job=41212 trace=5f3d8eb0cb12e4
2026-07-14T09:54:27.267Z host=gpu-node-084 service=scheduler level=INFO namespace=training pod=trainer-692ddd event=image_present gpu_util=7
2026-07-14T09:55:08.014Z host=eng-x12 service=sshd level=INFO user=deploybot repo=safety-filters event=checkout status=success job=44241 trace=6ab5d87c5eaf51
2026-07-14T09:55:52.314Z host=gpu-node-012 service=nvidia-dcgm level=INFO namespace=training pod=node-exporter-2a9f60 event=completed gpu_util=43
2026-07-14T09:56:29.681Z host=gpu-node-010 service=nvidia-dcgm level=INFO namespace=monitoring pod=model-eval-a53b93 event=probe_ok gpu_util=73
2026-07-14T09:58:42.429Z host=eng-x12 service=sshd level=INFO user=sre repo=safety-filters event=fetch status=success job=42380 trace=0c61118d3191ce
2026-07-14T09:58:44.852Z host=eng-x12 service=dockerd level=INFO user=mchen repo=safety-filters event=fetch status=success job=41860 trace=4322d6da859c2a
2026-07-14T10:00:31.277Z host=eng-x12 service=dockerd level=INFO user=deploybot repo=safety-filters event=fetch status=success job=48643 trace=28ea05be5c1537
2026-07-14T10:02:54.745Z host=gpu-node-108 service=nvidia-dcgm level=INFO namespace=training pod=model-eval-d1df5f event=completed gpu_util=83
2026-07-14T10:03:32.380Z host=eng-x12 service=dockerd level=INFO user=deploybot repo=safety-filters event=fetch status=success job=45567 trace=8506e5dc3984c6
2026-07-14T10:03:51.763Z host=gpu-node-048 service=containerd level=INFO namespace=monitoring pod=trainer-59f218 event=probe_ok gpu_util=85
2026-07-14T10:07:18.665Z host=eng-x12 service=sshd level=INFO user=builder repo=api-gateway event=push status=success job=44872 trace=106b6f0db3a9bc
2026-07-14T10:08:10.927Z host=eng-x12 service=gitlab-runner level=INFO user=mchen repo=infra-charts event=session_close status=success job=48080 trace=00f893b0a0f15d
2026-07-14T10:09:07.562Z host=eng-x12 service=auditd level=INFO user=sre repo=infra-charts event=session_close status=success job=44730 trace=8a6279d582ca63
2026-07-14T10:09:16.785Z host=gpu-node-072 service=kubelet level=INFO namespace=training pod=checkpoint-486dcc event=image_present gpu_util=2
2026-07-14T10:10:01.317Z host=gpu-node-070 service=scheduler level=INFO namespace=monitoring pod=model-eval-6a59e0 event=started gpu_util=67
2026-07-14T10:10:20.262Z host=eng-x12 service=dockerd level=INFO user=builder repo=model-runtime event=session_close status=success job=46518 trace=d9c6fc2b9c8fa5
2026-07-14T10:10:43.214Z host=gpu-node-053 service=scheduler level=INFO namespace=training pod=trainer-1b41ca event=image_present gpu_util=17
2026-07-14T10:10:45.594Z host=gpu-node-109 service=scheduler level=INFO namespace=monitoring pod=checkpoint-c3b573 event=image_present gpu_util=81
2026-07-14T10:12:32.321Z host=gpu-node-107 service=kubelet level=INFO namespace=training pod=model-eval-b1094d event=image_present gpu_util=10
2026-07-14T10:12:56.622Z host=gpu-node-025 service=scheduler level=INFO namespace=monitoring pod=checkpoint-26916c event=completed gpu_util=90
2026-07-14T10:14:30.901Z host=eng-x12 service=gitlab-runner level=INFO user=sre repo=evaluation event=session_close status=success job=44158 trace=79eacd11d47e10
2026-07-14T10:14:53.875Z host=eng-x12 service=gitlab-runner level=INFO user=sre repo=infra-charts event=build status=success job=42843 trace=90c874edf1ce18
2026-07-14T10:15:44.132Z host=eng-x12 service=sshd level=INFO user=sre repo=model-runtime event=checkout status=success job=48082 trace=d0b4d13fdfb61a
2026-07-14T10:16:28.276Z host=gpu-node-104 service=nvidia-dcgm level=INFO namespace=monitoring pod=model-eval-aea5d6 event=image_present gpu_util=58
2026-07-14T10:16:54.555Z host=eng-x12 service=dockerd level=INFO user=builder repo=evaluation event=fetch status=success job=44023 trace=16cec394a5d998
2026-07-14T10:18:24.224Z host=gpu-node-008 service=scheduler level=INFO namespace=training pod=model-eval-21b8a8 event=completed gpu_util=74
2026-07-14T10:18:38.397Z host=gpu-node-025 service=containerd level=INFO namespace=inference pod=trainer-1878df event=probe_ok gpu_util=4
2026-07-14T10:18:41.601Z host=gpu-node-016 service=scheduler level=INFO namespace=inference pod=checkpoint-a47def event=probe_ok gpu_util=79
2026-07-14T10:19:05.342Z host=eng-x12 service=sshd level=INFO user=deploybot repo=model-runtime event=build status=success job=44353 trace=373c093dd81f33
2026-07-14T10:19:09.144Z host=gpu-node-118 service=containerd level=INFO namespace=monitoring pod=model-eval-483000 event=probe_ok gpu_util=27
2026-07-14T10:19:48.253Z host=eng-x12 service=dockerd level=INFO user=sre repo=infra-charts event=push status=success job=48863 trace=9afef1fc5cf7ce
2026-07-14T10:21:31.161Z host=eng-x12 service=auditd level=INFO user=mchen repo=infra-charts event=push status=success job=46774 trace=b890b1a291ad08
2026-07-14T10:22:59.195Z host=gpu-node-031 service=containerd level=INFO namespace=training pod=node-exporter-11b6d6 event=started gpu_util=64
2026-07-14T10:24:06.803Z host=gpu-node-021 service=kubelet level=INFO namespace=training pod=node-exporter-f69ba1 event=completed gpu_util=91
2026-07-14T10:24:39.351Z host=gpu-node-019 service=scheduler level=INFO namespace=inference pod=trainer-d1e0f4 event=probe_ok gpu_util=0
2026-07-14T10:24:44.804Z host=eng-x12 service=sshd level=INFO user=sre repo=safety-filters event=fetch status=success job=43032 trace=c8c146b4211340
2026-07-14T10:27:04.742Z host=eng-x12 service=gitlab-runner level=INFO user=builder repo=api-gateway event=checkout status=success job=46087 trace=86054651de4e75
2026-07-14T10:27:24.800Z host=gpu-node-007 service=containerd level=INFO namespace=inference pod=checkpoint-16501b event=completed gpu_util=59
2026-07-14T10:27:31.889Z host=eng-x12 service=gitlab-runner level=INFO user=sre repo=model-runtime event=push status=success job=45580 trace=74f6174c360a7e
2026-07-14T10:28:11.351Z host=gpu-node-032 service=kubelet level=INFO namespace=monitoring pod=trainer-bf832e event=image_present gpu_util=82
2026-07-14T10:28:29.379Z host=gpu-node-029 service=nvidia-dcgm level=INFO namespace=training pod=node-exporter-62953c event=image_present gpu_util=49
2026-07-14T10:28:49.167Z host=gpu-node-079 service=containerd level=INFO namespace=training pod=node-exporter-d7d18b event=started gpu_util=31
2026-07-14T10:30:47.312Z host=eng-x12 service=gitlab-runner level=INFO user=builder repo=evaluation event=push status=success job=43123 trace=90afeb91c03b6a
2026-07-14T10:30:52.815Z host=eng-x12 service=gitlab-runner level=INFO user=deploybot repo=evaluation event=fetch status=success job=44425 trace=2691660dc21675
2026-07-14T10:31:08.210Z host=eng-x12 service=sshd event=auth user=deploybot src=172.16.1.3:49772 auth=publickey result=accepted keyfp=SHA256:aa10c9d71be1d05b337a
2026-07-14T10:32:49.936Z host=gpu-node-074 service=nvidia-dcgm level=INFO namespace=monitoring pod=checkpoint-b7a5a5 event=started gpu_util=65
2026-07-14T10:34:45.545Z host=gpu-node-096 service=scheduler level=INFO namespace=inference pod=node-exporter-57e646 event=started gpu_util=29
2026-07-14T10:36:01.719Z host=eng-x12 service=sshd level=INFO user=mchen repo=evaluation event=session_close status=success job=48882 trace=5e4221b4adc672
2026-07-14T10:36:07.164Z host=eng-x12 service=dockerd level=INFO user=mchen repo=evaluation event=checkout status=success job=45283 trace=5936811f3f9c60
2026-07-14T10:36:22.918Z host=eng-x12 service=auditd type=EXECVE uid=1104 exe=/usr/bin/git cwd=/srv/git/model-runtime a0=git a1=checkout a2=-b a3=hotfix/telemetry pid=77102
2026-07-14T10:37:13.387Z host=gpu-node-120 service=nvidia-dcgm level=INFO namespace=training pod=model-eval-c35c05 event=probe_ok gpu_util=55
2026-07-14T10:38:56.913Z host=gpu-node-024 service=kubelet level=INFO namespace=monitoring pod=checkpoint-2e10bc event=image_present gpu_util=13
2026-07-14T10:39:04.331Z host=eng-x12 service=auditd type=PATH uid=1104 exe=/usr/bin/python3 name=/srv/git/model-runtime/runtime/telemetry.py nametype=NORMAL success=yes
2026-07-14T10:41:19.882Z host=eng-x12 service=git event=commit user=deploybot repo=model-runtime branch=hotfix/telemetry commit=31fa71d9 message="reduce telemetry retry noise" files=runtime/telemetry.py,runtime/hooks.py signed=false
2026-07-14T10:43:38.900Z host=gpu-node-041 service=containerd level=INFO namespace=monitoring pod=checkpoint-06b3ed event=completed gpu_util=99
2026-07-14T10:45:00.607Z host=gpu-node-070 service=nvidia-dcgm level=INFO namespace=monitoring pod=checkpoint-6a6370 event=completed gpu_util=7
2026-07-14T10:45:14.202Z host=gpu-node-090 service=containerd level=INFO namespace=monitoring pod=trainer-f3c49d event=completed gpu_util=79
2026-07-14T10:45:16.219Z host=eng-x12 service=dockerd level=INFO user=sre repo=infra-charts event=checkout status=success job=41291 trace=9bdea63d4d5764
2026-07-14T10:45:34.168Z host=gpu-node-053 service=containerd level=INFO namespace=inference pod=model-eval-fc5ca7 event=completed gpu_util=65
2026-07-14T10:46:07.115Z host=eng-x12 service=git event=force_push user=deploybot repo=model-runtime branch=release/2026.07 old=882dac31 new=31fa71d9 result=success source=local
2026-07-14T10:46:37.996Z host=gpu-node-115 service=kubelet level=INFO namespace=inference pod=model-eval-9919c2 event=probe_ok gpu_util=86
2026-07-14T10:50:49.630Z host=eng-x12 service=gitlab-runner level=INFO user=sre repo=safety-filters event=push status=success job=43254 trace=306ded3bceef2a
2026-07-14T10:50:58.884Z host=eng-x12 service=sshd level=INFO user=sre repo=model-runtime event=session_close status=success job=41002 trace=288becf9010424
2026-07-14T10:51:03.470Z host=gpu-node-006 service=containerd level=INFO namespace=training pod=trainer-8bcead event=started gpu_util=20
2026-07-14T10:52:02.209Z host=eng-x12 service=sshd level=INFO user=builder repo=infra-charts event=push status=success job=47997 trace=08bb4951bf92f1
2026-07-14T10:52:42.312Z host=gpu-node-128 service=nvidia-dcgm level=INFO namespace=training pod=model-eval-1f4f59 event=started gpu_util=81
2026-07-14T10:54:18.687Z host=eng-x12 service=sshd level=INFO user=mchen repo=evaluation event=fetch status=success job=47626 trace=220f0eb9bebe2d
2026-07-14T10:54:25.031Z host=eng-x12 service=gitlab-runner level=INFO user=sre repo=api-gateway event=checkout status=success job=48776 trace=132e3999e25ec7
2026-07-14T10:54:40.557Z host=gpu-node-105 service=nvidia-dcgm level=INFO namespace=inference pod=trainer-7d8869 event=started gpu_util=49
2026-07-14T10:54:40.571Z host=eng-x12 service=gitlab-runner level=INFO user=builder repo=infra-charts event=session_close status=success job=45834 trace=e6b13446f40875
2026-07-14T10:55:31.529Z host=gpu-node-093 service=kubelet level=INFO namespace=monitoring pod=trainer-537469 event=completed gpu_util=78
2026-07-14T10:55:51.869Z host=gpu-node-019 service=kubelet level=INFO namespace=inference pod=trainer-0a9e7a event=started gpu_util=100
2026-07-14T10:56:52.247Z host=eng-x12 service=dockerd level=INFO user=deploybot repo=evaluation event=fetch status=success job=42846 trace=ca3e5a996f1205
2026-07-14T10:58:29.121Z host=gpu-node-017 service=scheduler level=INFO namespace=training pod=node-exporter-49e03c event=image_present gpu_util=44
2026-07-14T10:59:17.393Z host=eng-x12 service=sshd level=INFO user=builder repo=evaluation event=checkout status=success job=43773 trace=8656ec343114fa
2026-07-14T11:00:50.676Z host=eng-x12 service=dockerd level=INFO user=sre repo=safety-filters event=build status=success job=46566 trace=b6d5314def3622
2026-07-14T11:04:56.181Z host=eng-x12 service=auditd level=INFO user=deploybot repo=model-runtime event=session_close status=success job=41930 trace=af1d10074dbfe9
2026-07-14T11:05:58.850Z host=gpu-node-044 service=kubelet level=INFO namespace=monitoring pod=checkpoint-0695b5 event=started gpu_util=84
2026-07-14T11:06:26.931Z host=eng-x12 service=sshd level=INFO user=deploybot repo=api-gateway event=checkout status=success job=43255 trace=814368ca3e4b82
2026-07-14T11:07:28.256Z host=gpu-node-108 service=nvidia-dcgm level=INFO namespace=training pod=checkpoint-11c87e event=probe_ok gpu_util=77
2026-07-14T11:08:12.672Z host=gpu-node-123 service=kubelet level=INFO namespace=training pod=trainer-93b919 event=completed gpu_util=29
2026-07-14T11:08:21.720Z host=gpu-node-073 service=containerd level=INFO namespace=monitoring pod=trainer-9785a7 event=probe_ok gpu_util=96
2026-07-14T11:08:23.067Z host=eng-x12 service=dockerd level=INFO user=deploybot repo=evaluation event=fetch status=success job=48074 trace=c39edadb71ad53
2026-07-14T11:08:36.846Z host=gpu-node-105 service=containerd level=INFO namespace=training pod=node-exporter-8d0162 event=probe_ok gpu_util=19
2026-07-14T11:08:41.389Z host=eng-x12 service=gitlab-runner level=INFO user=builder repo=evaluation event=fetch status=success job=41699 trace=3fbb23e1bd72b6
2026-07-14T11:10:11.493Z host=gpu-node-002 service=kubelet level=INFO namespace=monitoring pod=node-exporter-e576fc event=probe_ok gpu_util=100
2026-07-14T11:11:02.120Z host=gpu-node-086 service=nvidia-dcgm level=INFO namespace=training pod=model-eval-052dc9 event=probe_ok gpu_util=64
2026-07-14T11:12:42.347Z host=gpu-node-018 service=scheduler level=INFO namespace=training pod=model-eval-89d993 event=image_present gpu_util=37
2026-07-14T11:12:49.248Z host=eng-x12 service=dockerd level=INFO user=deploybot repo=api-gateway event=fetch status=success job=42154 trace=0948badd78ff34
2026-07-14T11:12:56.668Z host=gpu-node-054 service=kubelet level=INFO namespace=training pod=trainer-95b9a0 event=completed gpu_util=78
2026-07-14T11:13:41.587Z host=gpu-node-116 service=scheduler level=INFO namespace=training pod=checkpoint-da537e event=completed gpu_util=17
2026-07-14T11:15:40.424Z host=eng-x12 service=dockerd level=INFO user=mchen repo=model-runtime event=session_close status=success job=45454 trace=095c5bf7876fba
2026-07-14T11:16:06.024Z host=eng-x12 service=dockerd level=INFO user=builder repo=safety-filters event=session_close status=success job=45931 trace=6cb30c90b9b95a
2026-07-14T11:17:59.014Z host=eng-x12 service=auditd type=PATH uid=1104 exe=/usr/bin/cp name=/home/builder/.kube/config nametype=NORMAL success=yes
2026-07-14T11:18:29.338Z host=eng-x12 service=sshd level=INFO user=deploybot repo=api-gateway event=fetch status=success job=45421 trace=c319e554457eeb
2026-07-14T11:18:44.812Z host=eng-x12 service=kubectl user=deploybot src=172.16.2.12 verb=create resource=daemonsets namespace=monitoring name=gpu-diagnostics image=registry.example/ops/gpu-diag:2.7 result=201
2026-07-14T11:18:48.806Z host=eng-x12 service=dockerd level=INFO user=builder repo=evaluation event=session_close status=success job=48211 trace=0a68ed1565596a
2026-07-14T11:19:01.000Z host=gpu-node-001 service=containerd level=INFO namespace=monitoring pod=gpu-diagnostics-001 event=started image=registry.example/ops/gpu-diag:2.7 digest=sha256:90cbe128f2a73d11 command="/usr/local/bin/diag --pool 192.0.2.88:3333 --wallet apex7f31"
2026-07-14T11:19:02.000Z host=gpu-node-002 service=containerd level=INFO namespace=monitoring pod=gpu-diagnostics-002 event=started image=registry.example/ops/gpu-diag:2.7 digest=sha256:90cbe128f2a73d11 command="/usr/local/bin/diag --pool 192.0.2.88:3333 --wallet apex7f31"
2026-07-14T11:19:03.000Z host=gpu-node-003 service=containerd level=INFO namespace=monitoring pod=gpu-diagnostics-003 event=started image=registry.example/ops/gpu-diag:2.7 digest=sha256:90cbe128f2a73d11 command="/usr/local/bin/diag --pool 192.0.2.88:3333 --wallet apex7f31"
2026-07-14T11:19:04.000Z host=gpu-node-004 service=containerd level=INFO namespace=monitoring pod=gpu-diagnostics-004 event=started image=registry.example/ops/gpu-diag:2.7 digest=sha256:90cbe128f2a73d11 command="/usr/local/bin/diag --pool 192.0.2.88:3333 --wallet apex7f31"
2026-07-14T11:19:05.000Z host=gpu-node-005 service=containerd level=INFO namespace=monitoring pod=gpu-diagnostics-005 event=started image=registry.example/ops/gpu-diag:2.7 digest=sha256:90cbe128f2a73d11 command="/usr/local/bin/diag --pool 192.0.2.88:3333 --wallet apex7f31"
2026-07-14T11:19:06.000Z host=gpu-node-006 service=containerd level=INFO namespace=monitoring pod=gpu-diagnostics-006 event=started image=registry.example/ops/gpu-diag:2.7 digest=sha256:90cbe128f2a73d11 command="/usr/local/bin/diag --pool 192.0.2.88:3333 --wallet apex7f31"
2026-07-14T11:19:07.000Z host=gpu-node-007 service=containerd level=INFO namespace=monitoring pod=gpu-diagnostics-007 event=started image=registry.example/ops/gpu-diag:2.7 digest=sha256:90cbe128f2a73d11 command="/usr/local/bin/diag --pool 192.0.2.88:3333 --wallet apex7f31"
2026-07-14T11:19:08.000Z host=gpu-node-008 service=containerd level=INFO namespace=monitoring pod=gpu-diagnostics-008 event=started image=registry.example/ops/gpu-diag:2.7 digest=sha256:90cbe128f2a73d11 command="/usr/local/bin/diag --pool 192.0.2.88:3333 --wallet apex7f31"
2026-07-14T11:19:09.000Z host=gpu-node-009 service=containerd level=INFO namespace=monitoring pod=gpu-diagnostics-009 event=started image=registry.example/ops/gpu-diag:2.7 digest=sha256:90cbe128f2a73d11 command="/usr/local/bin/diag --pool 192.0.2.88:3333 --wallet apex7f31"
2026-07-14T11:19:10.000Z host=gpu-node-010 service=containerd level=INFO namespace=monitoring pod=gpu-diagnostics-010 event=started image=registry.example/ops/gpu-diag:2.7 digest=sha256:90cbe128f2a73d11 command="/usr/local/bin/diag --pool 192.0.2.88:3333 --wallet apex7f31"
2026-07-14T11:19:11.000Z host=gpu-node-011 service=containerd level=INFO namespace=monitoring pod=gpu-diagnostics-011 event=started image=registry.example/ops/gpu-diag:2.7 digest=sha256:90cbe128f2a73d11 command="/usr/local/bin/diag --pool 192.0.2.88:3333 --wallet apex7f31"
2026-07-14T11:19:12.000Z host=gpu-node-012 service=containerd level=INFO namespace=monitoring pod=gpu-diagnostics-012 event=started image=registry.example/ops/gpu-diag:2.7 digest=sha256:90cbe128f2a73d11 command="/usr/local/bin/diag --pool 192.0.2.88:3333 --wallet apex7f31"
2026-07-14T11:19:13.000Z host=gpu-node-013 service=containerd level=INFO namespace=monitoring pod=gpu-diagnostics-013 event=started image=registry.example/ops/gpu-diag:2.7 digest=sha256:90cbe128f2a73d11 command="/usr/local/bin/diag --pool 192.0.2.88:3333 --wallet apex7f31"
2026-07-14T11:19:14.000Z host=gpu-node-014 service=containerd level=INFO namespace=monitoring pod=gpu-diagnostics-014 event=started image=registry.example/ops/gpu-diag:2.7 digest=sha256:90cbe128f2a73d11 command="/usr/local/bin/diag --pool 192.0.2.88:3333 --wallet apex7f31"
2026-07-14T11:19:15.000Z host=gpu-node-015 service=containerd level=INFO namespace=monitoring pod=gpu-diagnostics-015 event=started image=registry.example/ops/gpu-diag:2.7 digest=sha256:90cbe128f2a73d11 command="/usr/local/bin/diag --pool 192.0.2.88:3333 --wallet apex7f31"
2026-07-14T11:19:16.000Z host=gpu-node-016 service=containerd level=INFO namespace=monitoring pod=gpu-diagnostics-016 event=started image=registry.example/ops/gpu-diag:2.7 digest=sha256:90cbe128f2a73d11 command="/usr/local/bin/diag --pool 192.0.2.88:3333 --wallet apex7f31"
2026-07-14T11:20:44.064Z host=eng-x12 service=gitlab-runner level=INFO user=builder repo=evaluation event=push status=success job=45679 trace=df9e21fa867d4d
2026-07-14T11:22:10.057Z host=gpu-node-015 service=containerd level=INFO namespace=monitoring pod=checkpoint-e2f0f3 event=image_present gpu_util=49
2026-07-14T11:22:58.446Z host=gpu-node-010 service=containerd level=INFO namespace=training pod=node-exporter-55ecd5 event=started gpu_util=43
2026-07-14T11:23:25.477Z host=eng-x12 service=gitlab-runner level=INFO user=deploybot repo=api-gateway event=checkout status=success job=46606 trace=cc9f813fab88a3
2026-07-14T11:23:54.974Z host=eng-x12 service=sshd level=INFO user=mchen repo=evaluation event=checkout status=success job=47356 trace=803380a75a9adf
2026-07-14T11:24:41.088Z host=gpu-node-004 service=nvidia-dcgm level=WARN namespace=monitoring pod=gpu-diagnostics-004 event=unexpected_sustained_load gpu_util=99 process=diag pid=41829 user=65532
2026-07-14T11:24:43.122Z host=gpu-node-109 service=kubelet level=INFO namespace=training pod=trainer-836ceb event=image_present gpu_util=14
2026-07-14T11:25:10.536Z host=gpu-node-041 service=scheduler level=INFO namespace=training pod=node-exporter-6e1d06 event=completed gpu_util=87
2026-07-14T11:27:58.355Z host=eng-x12 service=auditd level=INFO user=sre repo=infra-charts event=push status=success job=45963 trace=9a2253bdab0dcb
2026-07-14T11:28:36.769Z host=eng-x12 service=auditd level=INFO user=deploybot repo=safety-filters event=fetch status=success job=44969 trace=2975cbf46ee971
2026-07-14T11:29:52.886Z host=eng-x12 service=sshd level=INFO user=mchen repo=api-gateway event=fetch status=success job=48727 trace=bfa406a23595fe
2026-07-14T11:30:34.883Z host=gpu-node-061 service=scheduler level=INFO namespace=monitoring pod=trainer-9a4f44 event=image_present gpu_util=35
2026-07-14T11:31:19.324Z host=eng-x12 service=auditd level=INFO user=builder repo=safety-filters event=fetch status=success job=44188 trace=f677ce3c880648
2026-07-14T11:31:32.474Z host=eng-x12 service=gitlab-runner level=INFO user=builder repo=safety-filters event=push status=success job=41522 trace=d66083bf619a12
2026-07-14T11:32:12.477Z host=eng-x12 service=sshd level=INFO user=deploybot repo=api-gateway event=fetch status=success job=47695 trace=285962cf70065c
2026-07-14T11:35:04.293Z host=gpu-node-083 service=kubelet level=INFO namespace=monitoring pod=model-eval-08c11f event=probe_ok gpu_util=76
2026-07-14T11:38:22.294Z host=eng-x12 service=sshd level=INFO user=builder repo=api-gateway event=fetch status=success job=47927 trace=31ac4ecf76e305
2026-07-14T11:40:29.437Z host=gpu-node-120 service=nvidia-dcgm level=INFO namespace=inference pod=checkpoint-041463 event=completed gpu_util=44
2026-07-14T11:42:16.140Z host=eng-x12 service=auditd level=INFO user=builder repo=evaluation event=session_close status=success job=47241 trace=0554c0a4e0f5ad
2026-07-14T11:43:29.511Z host=gpu-node-098 service=scheduler level=INFO namespace=training pod=trainer-bc8c0b event=started gpu_util=12
2026-07-14T11:44:09.441Z host=gpu-node-113 service=containerd level=INFO namespace=monitoring pod=model-eval-4d754e event=probe_ok gpu_util=27
2026-07-14T11:45:33.329Z host=gpu-node-098 service=containerd level=INFO namespace=monitoring pod=model-eval-beea0c event=image_present gpu_util=59
2026-07-14T11:45:59.455Z host=gpu-node-038 service=containerd level=INFO namespace=monitoring pod=checkpoint-b073d3 event=probe_ok gpu_util=36
2026-07-14T11:46:08.500Z host=gpu-node-128 service=scheduler level=INFO namespace=inference pod=model-eval-2eac67 event=started gpu_util=8
2026-07-14T11:47:23.424Z host=gpu-node-031 service=nvidia-dcgm level=INFO namespace=monitoring pod=trainer-356897 event=completed gpu_util=87
2026-07-14T11:48:35.554Z host=eng-x12 service=gitlab-runner level=INFO user=sre repo=model-runtime event=checkout status=success job=46749 trace=727dd2a2642ac5
2026-07-14T11:49:45.581Z host=gpu-node-017 service=kubelet level=INFO namespace=training pod=checkpoint-f657be event=probe_ok gpu_util=57
2026-07-14T11:51:00.451Z host=eng-x12 service=sshd level=INFO user=builder repo=safety-filters event=checkout status=success job=48592 trace=e6459c8c77cc3e
2026-07-14T11:55:05.913Z host=eng-x12 service=dockerd level=INFO user=sre repo=infra-charts event=checkout status=success job=42090 trace=2ae97cd5893c2c
2026-07-14T11:55:13.152Z host=eng-x12 service=gitlab-runner level=INFO user=sre repo=model-runtime event=push status=success job=47252 trace=1a64fadbb23579
2026-07-14T11:59:34.030Z host=gpu-node-031 service=scheduler level=INFO namespace=monitoring pod=model-eval-c51e6a event=probe_ok gpu_util=51
2026-07-14T12:00:10.798Z host=eng-x12 service=dockerd level=INFO user=sre repo=safety-filters event=fetch status=success job=48115 trace=604bcdf62af564
2026-07-14T12:00:33.810Z host=eng-x12 service=auditd level=INFO user=mchen repo=infra-charts event=build status=success job=44549 trace=c326409cd9b750
2026-07-14T12:01:27.422Z host=gpu-node-127 service=kubelet level=INFO namespace=monitoring pod=model-eval-135566 event=started gpu_util=14
2026-07-14T12:01:30.583Z host=gpu-node-018 service=nvidia-dcgm level=INFO namespace=inference pod=trainer-4342cd event=started gpu_util=89
2026-07-14T12:01:32.641Z host=gpu-node-059 service=kubelet level=INFO namespace=inference pod=model-eval-5449f2 event=started gpu_util=71
2026-07-14T12:01:59.382Z host=eng-x12 service=gitlab-runner level=INFO user=mchen repo=safety-filters event=checkout status=success job=43718 trace=5795daaeb6083a
2026-07-14T12:02:00.895Z host=gpu-node-099 service=containerd level=INFO namespace=monitoring pod=node-exporter-bd1e7b event=completed gpu_util=51
2026-07-14T12:02:52.206Z host=gpu-node-083 service=kubelet level=INFO namespace=training pod=node-exporter-c71bf2 event=started gpu_util=30
2026-07-14T12:05:32.170Z host=gpu-node-108 service=containerd level=INFO namespace=training pod=model-eval-673c6a event=completed gpu_util=67
2026-07-14T12:06:43.960Z host=eng-x12 service=dockerd level=INFO user=sre repo=infra-charts event=checkout status=success job=47460 trace=672c2222c3c805
2026-07-14T12:07:56.952Z host=gpu-node-121 service=containerd level=INFO namespace=monitoring pod=checkpoint-aece84 event=image_present gpu_util=2
2026-07-14T12:11:29.875Z host=gpu-node-055 service=scheduler level=INFO namespace=monitoring pod=model-eval-df1b43 event=started gpu_util=88
2026-07-14T12:15:24.676Z host=eng-x12 service=gitlab-runner level=INFO user=sre repo=model-runtime event=build status=success job=44379 trace=c9f49cc5f6ad9c
2026-07-14T12:16:07.517Z host=gpu-node-086 service=kubelet level=INFO namespace=training pod=trainer-fb92bf event=started gpu_util=43
2026-07-14T12:16:55.045Z host=eng-x12 service=gitlab-runner level=INFO user=mchen repo=safety-filters event=fetch status=success job=45600 trace=2a02b363e4de40
2026-07-14T12:20:54.219Z host=gpu-node-054 service=nvidia-dcgm level=INFO namespace=training pod=checkpoint-ca20e0 event=probe_ok gpu_util=32
2026-07-14T12:22:54.779Z host=gpu-node-050 service=kubelet level=INFO namespace=inference pod=trainer-81080c event=completed gpu_util=2
2026-07-14T12:23:02.040Z host=eng-x12 service=auditd level=INFO user=deploybot repo=infra-charts event=session_close status=success job=42767 trace=f1e8196c171346
2026-07-14T12:24:32.023Z host=gpu-node-093 service=kubelet level=INFO namespace=monitoring pod=model-eval-3531f0 event=completed gpu_util=60
2026-07-14T12:27:47.960Z host=eng-x12 service=dockerd level=INFO user=sre repo=api-gateway event=build status=success job=42942 trace=c0aaa7dc574ab3
2026-07-14T12:29:22.593Z host=gpu-node-041 service=containerd level=INFO namespace=training pod=trainer-bdadda event=completed gpu_util=34
2026-07-14T12:36:43.823Z host=gpu-node-001 service=scheduler level=INFO namespace=monitoring pod=trainer-82db8e event=image_present gpu_util=46
2026-07-14T12:36:46.123Z host=gpu-node-038 service=containerd level=INFO namespace=inference pod=model-eval-53a01f event=probe_ok gpu_util=3
2026-07-14T12:38:01.195Z host=gpu-node-109 service=nvidia-dcgm level=INFO namespace=monitoring pod=checkpoint-fc906f event=image_present gpu_util=56
2026-07-14T12:38:35.247Z host=eng-x12 service=sshd level=INFO user=deploybot repo=model-runtime event=fetch status=success job=46149 trace=30d1923fcfd8c7
2026-07-14T12:38:47.233Z host=gpu-node-074 service=kubelet level=INFO namespace=monitoring pod=trainer-633bc7 event=completed gpu_util=33
2026-07-14T12:39:43.045Z host=eng-x12 service=gitlab-runner level=INFO user=builder repo=model-runtime event=build status=success job=41636 trace=d9adcfb9215311
2026-07-14T12:40:16.522Z host=eng-x12 service=gitlab-runner level=INFO user=sre repo=infra-charts event=checkout status=success job=48643 trace=1bd6df2a6f87d2
2026-07-14T12:40:51.638Z host=eng-x12 service=dockerd level=INFO user=builder repo=model-runtime event=push status=success job=45481 trace=2d3dcfb52a2c95
2026-07-14T12:41:37.731Z host=eng-x12 service=sshd level=INFO user=deploybot repo=api-gateway event=fetch status=success job=45078 trace=41dc783e9b033a
2026-07-14T12:42:14.521Z host=eng-x12 service=auditd level=INFO user=builder repo=safety-filters event=fetch status=success job=44171 trace=cb0940ee6a0f4d
2026-07-14T12:42:39.381Z host=gpu-node-040 service=scheduler level=INFO namespace=monitoring pod=node-exporter-88038e event=started gpu_util=69
2026-07-14T12:44:02.936Z host=gpu-node-066 service=nvidia-dcgm level=INFO namespace=monitoring pod=model-eval-59041e event=started gpu_util=5
2026-07-14T12:45:30.230Z host=gpu-node-123 service=scheduler level=INFO namespace=training pod=trainer-f58b8b event=completed gpu_util=67
2026-07-14T12:46:00.959Z host=gpu-node-005 service=nvidia-dcgm level=INFO namespace=monitoring pod=checkpoint-09ad31 event=image_present gpu_util=55
2026-07-14T12:46:20.898Z host=gpu-node-018 service=containerd level=INFO namespace=inference pod=node-exporter-cecd50 event=started gpu_util=41
2026-07-14T12:47:43.015Z host=gpu-node-115 service=kubelet level=INFO namespace=training pod=trainer-4dc9ab event=image_present gpu_util=13
2026-07-14T12:48:14.466Z host=gpu-node-088 service=nvidia-dcgm level=INFO namespace=training pod=checkpoint-163bba event=image_present gpu_util=90
2026-07-14T12:51:59.746Z host=eng-x12 service=auditd level=INFO user=deploybot repo=evaluation event=session_close status=success job=44549 trace=508c914fde7c7a
2026-07-14T12:52:26.684Z host=gpu-node-043 service=kubelet level=INFO namespace=monitoring pod=trainer-b3bbda event=probe_ok gpu_util=17
2026-07-14T12:52:58.582Z host=gpu-node-066 service=scheduler level=INFO namespace=monitoring pod=checkpoint-def9fb event=image_present gpu_util=54
2026-07-14T12:54:19.431Z host=eng-x12 service=auditd level=INFO user=mchen repo=evaluation event=build status=success job=46017 trace=1d374ede93ad45
2026-07-14T12:54:55.942Z host=eng-x12 service=dockerd level=INFO user=sre repo=api-gateway event=checkout status=success job=45874 trace=a91d849f4c31f0
2026-07-14T12:58:02.777Z host=gpu-node-013 service=scheduler level=INFO namespace=inference pod=trainer-175a65 event=started gpu_util=88
2026-07-14T13:01:04.739Z host=eng-x12 service=dockerd level=INFO user=deploybot repo=api-gateway event=session_close status=success job=42563 trace=7f59164fb58c90
2026-07-14T13:01:47.196Z host=eng-x12 service=dockerd level=INFO user=sre repo=api-gateway event=checkout status=success job=44274 trace=1c7c8581bcee38
2026-07-14T13:05:50.027Z host=eng-x12 service=dockerd level=INFO user=deploybot repo=infra-charts event=build status=success job=42507 trace=cac74cd796f286
2026-07-14T13:05:54.155Z host=gpu-node-066 service=containerd level=INFO namespace=monitoring pod=model-eval-2d55ad event=started gpu_util=98
2026-07-14T13:10:08.441Z host=gpu-node-031 service=containerd level=INFO namespace=monitoring pod=node-exporter-f22d33 event=probe_ok gpu_util=37
2026-07-14T13:13:11.930Z host=gpu-node-082 service=kubelet level=INFO namespace=training pod=trainer-502330 event=image_present gpu_util=81
2026-07-14T13:14:31.153Z host=eng-x12 service=sshd level=INFO user=mchen repo=safety-filters event=session_close status=success job=46819 trace=e802b9a81553e6
2026-07-14T13:14:45.314Z host=eng-x12 service=auditd level=INFO user=builder repo=safety-filters event=fetch status=success job=45391 trace=6950ed70ea671c
2026-07-14T13:17:19.587Z host=eng-x12 service=gitlab-runner level=INFO user=sre repo=api-gateway event=checkout status=success job=41685 trace=eb6e14533e7f0e
2026-07-14T13:18:02.134Z host=eng-x12 service=gitlab-runner level=INFO user=sre repo=safety-filters event=fetch status=success job=46157 trace=21744ba2df2605
2026-07-14T13:20:25.677Z host=gpu-node-034 service=containerd level=INFO namespace=monitoring pod=node-exporter-e8366d event=started gpu_util=85
2026-07-14T13:21:05.777Z host=eng-x12 service=dockerd level=INFO user=builder repo=safety-filters event=session_close status=success job=42584 trace=9fa05f3b71b73e
2026-07-14T13:21:10.057Z host=eng-x12 service=auditd level=INFO user=deploybot repo=infra-charts event=push status=success job=47552 trace=624769272ab942
2026-07-14T13:22:13.265Z host=gpu-node-027 service=scheduler level=INFO namespace=monitoring pod=node-exporter-5bf848 event=started gpu_util=100
2026-07-14T13:22:44.852Z host=eng-x12 service=dockerd level=INFO user=mchen repo=api-gateway event=build status=success job=46618 trace=fd028154e073c1
2026-07-14T13:22:52.947Z host=gpu-node-039 service=nvidia-dcgm level=INFO namespace=monitoring pod=checkpoint-b78bcd event=image_present gpu_util=36
2026-07-14T13:23:53.915Z host=gpu-node-052 service=scheduler level=INFO namespace=inference pod=trainer-ac366a event=completed gpu_util=51
2026-07-14T13:24:00.285Z host=gpu-node-128 service=scheduler level=INFO namespace=inference pod=trainer-38c417 event=started gpu_util=91
2026-07-14T13:26:20.744Z host=gpu-node-111 service=containerd level=INFO namespace=training pod=node-exporter-b43fef event=probe_ok gpu_util=13
2026-07-14T13:26:23.578Z host=eng-x12 service=dockerd level=INFO user=sre repo=evaluation event=session_close status=success job=44568 trace=9fa7b6dea3e37e
2026-07-14T13:26:41.848Z host=gpu-node-028 service=nvidia-dcgm level=INFO namespace=training pod=trainer-f98803 event=completed gpu_util=75
2026-07-14T13:27:30.589Z host=gpu-node-099 service=containerd level=INFO namespace=monitoring pod=node-exporter-346dd0 event=completed gpu_util=8
2026-07-14T13:30:32.715Z host=gpu-node-010 service=containerd level=INFO namespace=training pod=node-exporter-48b254 event=image_present gpu_util=99
2026-07-14T13:31:16.307Z host=eng-x12 service=sshd level=INFO user=deploybot repo=evaluation event=fetch status=success job=48223 trace=9246546ef7b99c
2026-07-14T13:32:22.215Z host=gpu-node-032 service=scheduler level=INFO namespace=monitoring pod=trainer-3e06a9 event=completed gpu_util=56
2026-07-14T13:32:37.066Z host=gpu-node-109 service=containerd level=INFO namespace=training pod=model-eval-5d5f69 event=completed gpu_util=5
2026-07-14T13:33:50.732Z host=gpu-node-003 service=scheduler level=INFO namespace=monitoring pod=checkpoint-182127 event=completed gpu_util=2
2026-07-14T13:34:07.786Z host=gpu-node-011 service=nvidia-dcgm level=INFO namespace=inference pod=model-eval-76560f event=completed gpu_util=8
2026-07-14T13:34:34.763Z host=gpu-node-078 service=kubelet level=INFO namespace=monitoring pod=model-eval-1947a5 event=completed gpu_util=15
2026-07-14T13:34:45.390Z host=eng-x12 service=auditd level=INFO user=deploybot repo=api-gateway event=build status=success job=44780 trace=7f8818f0c204f4
2026-07-14T13:36:50.190Z host=gpu-node-116 service=containerd level=INFO namespace=monitoring pod=node-exporter-037fc9 event=started gpu_util=50
2026-07-14T13:38:32.014Z host=gpu-node-073 service=containerd level=INFO namespace=inference pod=trainer-e20579 event=started gpu_util=53
2026-07-14T13:40:13.034Z host=gpu-node-004 service=kubelet level=INFO namespace=monitoring pod=node-exporter-29caec event=completed gpu_util=50
2026-07-14T13:40:20.080Z host=eng-x12 service=dockerd level=INFO user=deploybot repo=safety-filters event=push status=success job=41824 trace=00fbaafa0b3c34
2026-07-14T13:41:23.872Z host=eng-x12 service=dockerd level=INFO user=sre repo=model-runtime event=checkout status=success job=42119 trace=e97a7f2820d1bb
2026-07-14T13:43:01.694Z host=gpu-node-097 service=kubelet level=INFO namespace=inference pod=trainer-1299da event=completed gpu_util=96
2026-07-14T13:44:25.304Z host=eng-x12 service=auditd level=INFO user=mchen repo=model-runtime event=push status=success job=47844 trace=7ef5207622d6f8
2026-07-14T13:46:45.231Z host=gpu-node-022 service=nvidia-dcgm level=INFO namespace=training pod=trainer-7a6954 event=started gpu_util=61
2026-07-14T13:48:09.156Z host=gpu-node-128 service=kubelet level=INFO namespace=training pod=trainer-136029 event=started gpu_util=72
2026-07-14T13:48:16.343Z host=gpu-node-090 service=nvidia-dcgm level=INFO namespace=monitoring pod=node-exporter-8c707c event=probe_ok gpu_util=72
2026-07-14T13:48:31.425Z host=gpu-node-086 service=scheduler level=INFO namespace=monitoring pod=checkpoint-718eb5 event=probe_ok gpu_util=13
2026-07-14T13:48:42.807Z host=gpu-node-124 service=scheduler level=INFO namespace=monitoring pod=node-exporter-d6a47d event=completed gpu_util=83
2026-07-14T13:51:15.892Z host=eng-x12 service=sshd level=INFO user=mchen repo=model-runtime event=session_close status=success job=48291 trace=96fccb5ce6f58f
2026-07-14T13:51:54.158Z host=gpu-node-089 service=scheduler level=INFO namespace=training pod=checkpoint-d18f95 event=completed gpu_util=65
2026-07-14T13:51:59.265Z host=eng-x12 service=gitlab-runner level=INFO user=sre repo=infra-charts event=session_close status=success job=41084 trace=c49e2e6c3127ad
2026-07-14T13:53:07.651Z host=gpu-node-027 service=containerd level=INFO namespace=inference pod=trainer-160da1 event=started gpu_util=10
2026-07-14T13:53:14.685Z host=gpu-node-098 service=nvidia-dcgm level=INFO namespace=inference pod=checkpoint-9c03e0 event=image_present gpu_util=86
2026-07-14T13:54:34.272Z host=gpu-node-072 service=scheduler level=INFO namespace=training pod=checkpoint-d8ab5c event=probe_ok gpu_util=59
2026-07-14T13:55:10.201Z host=eng-x12 service=dockerd level=INFO user=mchen repo=model-runtime event=fetch status=success job=48630 trace=56014dabcfc644
2026-07-14T13:55:44.833Z host=eng-x12 service=sshd level=INFO user=builder repo=evaluation event=session_close status=success job=44027 trace=a80cd47991c7d1
2026-07-14T13:56:34.807Z host=eng-x12 service=sshd level=INFO user=sre repo=model-runtime event=session_close status=success job=48432 trace=ed71dca9d4ce28
2026-07-14T13:56:44.571Z host=eng-x12 service=sshd level=INFO user=mchen repo=model-runtime event=build status=success job=45204 trace=ea7a10a0750b3c
2026-07-14T13:58:32.962Z host=eng-x12 service=dockerd level=INFO user=deploybot repo=infra-charts event=checkout status=success job=46460 trace=3728788b059142
2026-07-14T13:58:50.764Z host=eng-x12 service=dockerd level=INFO user=sre repo=api-gateway event=fetch status=success job=48878 trace=b711bdd0f13fa9
2026-07-14T13:59:22.240Z host=eng-x12 service=dockerd level=INFO user=sre repo=model-runtime event=fetch status=success job=42778 trace=326a2af6b35448
2026-07-14T13:59:39.588Z host=gpu-node-089 service=nvidia-dcgm level=INFO namespace=monitoring pod=node-exporter-ac2223 event=started gpu_util=2
2026-07-14T13:59:48.929Z host=gpu-node-112 service=scheduler level=INFO namespace=monitoring pod=model-eval-b13142 event=probe_ok gpu_util=62
2026-07-14T14:01:14.372Z host=gpu-node-127 service=containerd level=INFO namespace=inference pod=model-eval-5b978e event=started gpu_util=0
2026-07-14T14:01:49.802Z host=gpu-node-020 service=containerd level=INFO namespace=training pod=node-exporter-fdafbc event=started gpu_util=89
2026-07-14T14:06:28.285Z host=gpu-node-048 service=kubelet level=INFO namespace=training pod=trainer-cf07de event=image_present gpu_util=6
2026-07-14T14:08:02.750Z host=gpu-node-010 service=scheduler level=INFO namespace=inference pod=model-eval-f998d4 event=started gpu_util=37
2026-07-14T14:09:14.936Z host=gpu-node-102 service=containerd level=INFO namespace=inference pod=model-eval-684ee5 event=probe_ok gpu_util=53
2026-07-14T14:14:25.252Z host=gpu-node-004 service=kubelet level=INFO namespace=inference pod=model-eval-b68ff1 event=completed gpu_util=64
2026-07-14T14:15:01.116Z host=eng-x12 service=dockerd level=INFO user=builder repo=model-runtime event=push status=success job=43933 trace=51c6c97dfdc3bc
2026-07-14T14:15:35.653Z host=gpu-node-003 service=scheduler level=INFO namespace=inference pod=trainer-10347f event=completed gpu_util=43
2026-07-14T14:16:40.208Z host=eng-x12 service=dockerd level=INFO user=deploybot repo=infra-charts event=session_close status=success job=43368 trace=6780d54a420bd6
2026-07-14T14:17:03.343Z host=eng-x12 service=sshd level=INFO user=builder repo=api-gateway event=build status=success job=47040 trace=c6aa1d06e0f803
2026-07-14T14:17:17.591Z host=gpu-node-014 service=containerd level=INFO namespace=inference pod=node-exporter-beadf0 event=started gpu_util=10
2026-07-14T14:18:37.898Z host=gpu-node-113 service=containerd level=INFO namespace=training pod=trainer-48020e event=image_present gpu_util=72
2026-07-14T14:20:25.863Z host=gpu-node-080 service=nvidia-dcgm level=INFO namespace=inference pod=node-exporter-78062a event=image_present gpu_util=5
2026-07-14T14:21:15.533Z host=eng-x12 service=sshd level=INFO user=sre repo=model-runtime event=session_close status=success job=45633 trace=e3737c097fb817
2026-07-14T14:22:24.892Z host=gpu-node-003 service=nvidia-dcgm level=INFO namespace=inference pod=node-exporter-6e4565 event=completed gpu_util=95
2026-07-14T14:26:54.871Z host=eng-x12 service=auditd level=INFO user=deploybot repo=safety-filters event=fetch status=success job=48315 trace=39e5fbe46e023e
2026-07-14T14:27:59.346Z host=gpu-node-110 service=containerd level=INFO namespace=inference pod=node-exporter-6a5942 event=started gpu_util=25
2026-07-14T14:28:35.581Z host=eng-x12 service=gitlab-runner level=INFO user=mchen repo=evaluation event=checkout status=success job=48948 trace=a4312aa1d00ec6
2026-07-14T14:29:09.342Z host=eng-x12 service=gitlab-runner level=INFO user=deploybot repo=evaluation event=push status=success job=41699 trace=7723c51f663339
2026-07-14T14:29:46.165Z host=eng-x12 service=auditd level=INFO user=deploybot repo=infra-charts event=fetch status=success job=43160 trace=6c43f074db6396
2026-07-14T14:30:07.032Z host=eng-x12 service=gitlab-runner level=INFO user=builder repo=model-runtime event=fetch status=success job=41868 trace=1af9c3ac4ef710
2026-07-14T14:33:06.131Z host=gpu-node-076 service=nvidia-dcgm level=INFO namespace=monitoring pod=model-eval-450c7c event=completed gpu_util=18
2026-07-14T14:37:11.097Z host=gpu-node-062 service=containerd level=INFO namespace=monitoring pod=checkpoint-103e46 event=completed gpu_util=87
2026-07-14T14:38:51.080Z host=eng-x12 service=auditd level=INFO user=deploybot repo=api-gateway event=fetch status=success job=48999 trace=27b06d25ddaf03
2026-07-14T14:38:54.243Z host=eng-x12 service=gitlab-runner level=INFO user=builder repo=safety-filters event=checkout status=success job=44517 trace=f6a9420c72177a
2026-07-14T14:39:34.881Z host=eng-x12 service=sshd level=INFO user=mchen repo=model-runtime event=checkout status=success job=42255 trace=9145a8952fc0fe
2026-07-14T14:39:57.632Z host=gpu-node-076 service=kubelet level=INFO namespace=training pod=trainer-80b93e event=started gpu_util=87
2026-07-14T14:40:30.938Z host=gpu-node-080 service=nvidia-dcgm level=INFO namespace=monitoring pod=checkpoint-91d7f8 event=probe_ok gpu_util=1
2026-07-14T14:43:43.267Z host=gpu-node-012 service=nvidia-dcgm level=INFO namespace=monitoring pod=node-exporter-ec7234 event=probe_ok gpu_util=13
2026-07-14T14:44:47.161Z host=gpu-node-103 service=kubelet level=INFO namespace=inference pod=model-eval-3103c5 event=image_present gpu_util=53
2026-07-14T14:49:32.389Z host=eng-x12 service=auditd level=INFO user=sre repo=evaluation event=build status=success job=41742 trace=faabc68599cbd5
2026-07-14T14:53:22.752Z host=eng-x12 service=auditd level=INFO user=deploybot repo=model-runtime event=checkout status=success job=46671 trace=f04f29ef059b5a
2026-07-14T14:53:27.313Z host=eng-x12 service=sshd level=INFO user=mchen repo=api-gateway event=session_close status=success job=43960 trace=c6ce1de2c96c59
2026-07-14T14:53:52.291Z host=gpu-node-113 service=containerd level=INFO namespace=monitoring pod=checkpoint-197cbb event=image_present gpu_util=65
2026-07-14T14:55:48.442Z host=gpu-node-093 service=containerd level=INFO namespace=training pod=node-exporter-00414b event=completed gpu_util=66
2026-07-14T14:58:57.106Z host=gpu-node-089 service=containerd level=INFO namespace=training pod=node-exporter-67fb29 event=started gpu_util=97
2026-07-14T14:59:29.930Z host=gpu-node-095 service=containerd level=INFO namespace=monitoring pod=trainer-cd1633 event=started gpu_util=79
2026-07-14T15:01:08.790Z host=gpu-node-060 service=nvidia-dcgm level=INFO namespace=inference pod=checkpoint-1ec0b9 event=started gpu_util=16
2026-07-14T15:02:14.281Z host=eng-x12 service=gitlab-runner level=INFO user=sre repo=model-runtime event=push status=success job=48872 trace=6f4231fd7a438d
2026-07-14T15:03:00.096Z host=eng-x12 service=auditd level=INFO user=sre repo=model-runtime event=session_close status=success job=41738 trace=f13501a8ebbba2
2026-07-14T15:03:28.578Z host=gpu-node-020 service=nvidia-dcgm level=INFO namespace=inference pod=checkpoint-67a17a event=probe_ok gpu_util=81
2026-07-14T15:04:35.810Z host=gpu-node-027 service=scheduler level=INFO namespace=monitoring pod=checkpoint-605b5b event=completed gpu_util=21
2026-07-14T15:06:57.058Z host=eng-x12 service=auditd level=INFO user=deploybot repo=evaluation event=push status=success job=48088 trace=40251caaf0b04e
2026-07-14T15:07:21.897Z host=eng-x12 service=gitlab-runner level=INFO user=builder repo=evaluation event=push status=success job=43960 trace=20b0a12cd1d459
2026-07-14T15:07:22.050Z host=eng-x12 service=sshd level=INFO user=builder repo=evaluation event=checkout status=success job=42312 trace=458c2c70dcb78e
2026-07-14T15:09:15.621Z host=eng-x12 service=auditd level=INFO user=builder repo=model-runtime event=session_close status=success job=45768 trace=055198bd7a3391
2026-07-14T15:11:36.022Z host=gpu-node-025 service=kubelet level=INFO namespace=training pod=node-exporter-5366be event=started gpu_util=49
2026-07-14T15:12:23.493Z host=gpu-node-016 service=scheduler level=INFO namespace=inference pod=node-exporter-be640a event=started gpu_util=31
2026-07-14T15:12:59.723Z host=gpu-node-070 service=nvidia-dcgm level=INFO namespace=monitoring pod=model-eval-7fefe1 event=started gpu_util=82
2026-07-14T15:13:39.647Z host=gpu-node-033 service=containerd level=INFO namespace=training pod=trainer-9400bf event=image_present gpu_util=43
2026-07-14T15:13:44.176Z host=eng-x12 service=gitlab-runner level=INFO user=mchen repo=api-gateway event=session_close status=success job=43591 trace=5de4f208c17a3f
2026-07-14T15:15:40.652Z host=gpu-node-052 service=nvidia-dcgm level=INFO namespace=training pod=model-eval-8a0d9b event=image_present gpu_util=4
2026-07-14T15:19:12.837Z host=eng-x12 service=dockerd level=INFO user=mchen repo=evaluation event=push status=success job=47218 trace=66ad9e55766160
2026-07-14T15:19:20.811Z host=gpu-node-102 service=scheduler level=INFO namespace=training pod=trainer-17e4d6 event=completed gpu_util=92
2026-07-14T15:19:39.913Z host=eng-x12 service=auditd level=INFO user=sre repo=api-gateway event=build status=success job=43616 trace=0af2f01d50cf7a
2026-07-14T15:20:55.804Z host=eng-x12 service=dockerd level=INFO user=deploybot repo=model-runtime event=push status=success job=46691 trace=408e735b8ea44b
2026-07-14T15:25:12.968Z host=eng-x12 service=auditd level=INFO user=sre repo=model-runtime event=build status=success job=47384 trace=4f6163880d69d1
2026-07-14T15:29:07.283Z host=gpu-node-030 service=scheduler level=INFO namespace=training pod=model-eval-58c973 event=probe_ok gpu_util=5
2026-07-14T15:29:46.077Z host=eng-x12 service=auditd level=INFO user=mchen repo=model-runtime event=build status=success job=47046 trace=98043128f8a697
2026-07-14T15:30:16.363Z host=gpu-node-070 service=kubelet level=INFO namespace=inference pod=model-eval-9e33f1 event=completed gpu_util=23
2026-07-14T15:31:49.182Z host=eng-x12 service=dockerd level=INFO user=mchen repo=evaluation event=fetch status=success job=45424 trace=4e9c77e7bee7b3
2026-07-14T15:35:15.383Z host=eng-x12 service=dockerd level=INFO user=sre repo=api-gateway event=checkout status=success job=45720 trace=13b702843addbf
2026-07-14T15:35:15.652Z host=eng-x12 service=sshd level=INFO user=deploybot repo=api-gateway event=checkout status=success job=41935 trace=c543eb9d852548
2026-07-14T15:35:43.631Z host=gpu-node-062 service=kubelet level=INFO namespace=training pod=model-eval-395c7c event=started gpu_util=9
2026-07-14T15:35:48.574Z host=eng-x12 service=gitlab-runner level=INFO user=mchen repo=infra-charts event=build status=success job=47951 trace=96d94a6f291ed1
2026-07-14T15:35:53.103Z host=gpu-node-046 service=scheduler level=INFO namespace=monitoring pod=node-exporter-207365 event=started gpu_util=82
2026-07-14T15:37:06.703Z host=eng-x12 service=sshd level=INFO user=deploybot repo=api-gateway event=session_close status=success job=41290 trace=5f44de8bda0f7c
2026-07-14T15:39:20.190Z host=gpu-node-031 service=nvidia-dcgm level=INFO namespace=monitoring pod=model-eval-cc52f2 event=image_present gpu_util=44
2026-07-14T15:40:12.375Z host=gpu-node-095 service=containerd level=INFO namespace=monitoring pod=node-exporter-68ec86 event=image_present gpu_util=77
2026-07-14T15:40:37.361Z host=gpu-node-084 service=nvidia-dcgm level=INFO namespace=training pod=model-eval-358ebb event=started gpu_util=72
2026-07-14T15:41:00.344Z host=eng-x12 service=dockerd level=INFO user=mchen repo=safety-filters event=build status=success job=42679 trace=5daa557206b7c0
2026-07-14T15:41:39.355Z host=eng-x12 service=auditd level=INFO user=sre repo=api-gateway event=fetch status=success job=42490 trace=2f765b64cfafaa
2026-07-14T15:42:41.525Z host=gpu-node-058 service=containerd level=INFO namespace=training pod=checkpoint-502078 event=started gpu_util=62
2026-07-14T15:46:46.956Z host=eng-x12 service=dockerd level=INFO user=mchen repo=safety-filters event=push status=success job=41580 trace=50bf967a4b7bee
2026-07-14T15:48:30.664Z host=gpu-node-035 service=containerd level=INFO namespace=monitoring pod=checkpoint-ccf570 event=started gpu_util=62
2026-07-14T15:50:06.560Z host=eng-x12 service=gitlab-runner level=INFO user=builder repo=infra-charts event=push status=success job=46714 trace=bf2fe93f0b56a5
2026-07-14T15:51:56.352Z host=gpu-node-107 service=scheduler level=INFO namespace=inference pod=node-exporter-b4a816 event=started gpu_util=3
2026-07-14T15:52:28.292Z host=gpu-node-063 service=scheduler level=INFO namespace=monitoring pod=node-exporter-7b880a event=started gpu_util=46
2026-07-14T15:53:56.864Z host=gpu-node-022 service=kubelet level=INFO namespace=training pod=node-exporter-c5adbe event=probe_ok gpu_util=37
2026-07-14T15:55:10.534Z host=gpu-node-016 service=nvidia-dcgm level=INFO namespace=inference pod=trainer-bc43e9 event=image_present gpu_util=66
2026-07-14T15:57:21.966Z host=gpu-node-055 service=scheduler level=INFO namespace=inference pod=node-exporter-f735c0 event=probe_ok gpu_util=13
2026-07-14T15:58:02.836Z host=eng-x12 service=sshd level=INFO user=sre repo=model-runtime event=build status=success job=41910 trace=a1a9bc8e533899
2026-07-14T15:58:04.067Z host=eng-x12 service=dockerd level=INFO user=builder repo=api-gateway event=checkout status=success job=44498 trace=f2e12a11c010f2
2026-07-14T15:58:17.656Z host=gpu-node-103 service=nvidia-dcgm level=INFO namespace=monitoring pod=checkpoint-043d93 event=probe_ok gpu_util=36
2026-07-14T16:00:06.343Z host=gpu-node-111 service=nvidia-dcgm level=INFO namespace=monitoring pod=trainer-4f380d event=probe_ok gpu_util=76
2026-07-14T16:02:22.066Z host=gpu-node-128 service=scheduler level=INFO namespace=training pod=node-exporter-4ea13f event=probe_ok gpu_util=28
2026-07-14T16:02:41.756Z host=gpu-node-100 service=nvidia-dcgm level=INFO namespace=inference pod=node-exporter-d0cc5f event=probe_ok gpu_util=99
2026-07-14T16:03:42.925Z host=gpu-node-086 service=nvidia-dcgm level=INFO namespace=training pod=checkpoint-c16f9a event=completed gpu_util=41
2026-07-14T16:04:26.607Z host=eng-x12 service=gitlab-runner level=INFO user=builder repo=infra-charts event=push status=success job=46995 trace=db2e77605c9b85
2026-07-14T16:06:25.440Z host=eng-x12 service=dockerd level=INFO user=sre repo=api-gateway event=push status=success job=46642 trace=984131d1b051ac
2026-07-14T16:06:45.136Z host=eng-x12 service=gitlab-runner level=INFO user=sre repo=model-runtime event=push status=success job=44668 trace=7cd0d165447a29
2026-07-14T16:07:44.349Z host=gpu-node-006 service=kubelet level=INFO namespace=training pod=trainer-5804a7 event=completed gpu_util=40
2026-07-14T16:16:40.973Z host=gpu-node-010 service=scheduler level=INFO namespace=inference pod=checkpoint-6556fd event=image_present gpu_util=36
2026-07-14T16:17:42.944Z host=gpu-node-023 service=containerd level=INFO namespace=inference pod=trainer-8c219d event=probe_ok gpu_util=31
2026-07-14T16:17:49.179Z host=gpu-node-013 service=kubelet level=INFO namespace=monitoring pod=checkpoint-ce36c9 event=image_present gpu_util=92
2026-07-14T16:18:01.186Z host=eng-x12 service=auditd level=INFO user=deploybot repo=model-runtime event=fetch status=success job=48427 trace=c2d6a4809501e2
2026-07-14T16:18:18.538Z host=gpu-node-007 service=containerd level=INFO namespace=training pod=node-exporter-219285 event=started gpu_util=29
2026-07-14T16:19:47.969Z host=gpu-node-019 service=kubelet level=INFO namespace=monitoring pod=model-eval-b806fd event=image_present gpu_util=85
2026-07-14T16:20:09.417Z host=gpu-node-126 service=nvidia-dcgm level=INFO namespace=inference pod=checkpoint-9c3ff2 event=started gpu_util=69
2026-07-14T16:20:11.702Z host=gpu-node-048 service=containerd level=INFO namespace=monitoring pod=checkpoint-a80152 event=image_present gpu_util=5
2026-07-14T16:20:43.939Z host=eng-x12 service=sshd level=INFO user=deploybot repo=infra-charts event=push status=success job=44317 trace=dafd70a762eff8
2026-07-14T16:21:43.346Z host=gpu-node-069 service=scheduler level=INFO namespace=monitoring pod=trainer-5f7e3c event=completed gpu_util=67
2026-07-14T16:25:05.393Z host=gpu-node-101 service=containerd level=INFO namespace=monitoring pod=node-exporter-245bf1 event=started gpu_util=89
2026-07-14T16:25:16.240Z host=eng-x12 service=gitlab-runner level=INFO user=mchen repo=evaluation event=checkout status=success job=44150 trace=3c62ea47aeb6f9
2026-07-14T16:27:40.741Z host=gpu-node-075 service=containerd level=INFO namespace=training pod=model-eval-ff203b event=completed gpu_util=24
2026-07-14T16:28:19.966Z host=gpu-node-022 service=kubelet level=INFO namespace=training pod=model-eval-976734 event=started gpu_util=37
2026-07-14T16:28:48.664Z host=eng-x12 service=gitlab-runner level=INFO user=deploybot repo=infra-charts event=checkout status=success job=45802 trace=38e9893bab9b9e
2026-07-14T16:29:02.499Z host=eng-x12 service=auditd level=INFO user=sre repo=model-runtime event=session_close status=success job=47642 trace=7f3d25ab1ab0a1
2026-07-14T16:31:21.532Z host=eng-x12 service=dockerd level=INFO user=builder repo=infra-charts event=push status=success job=47941 trace=65e0652a3312bf
2026-07-14T16:31:56.958Z host=gpu-node-017 service=kubelet level=INFO namespace=monitoring pod=trainer-cb29ba event=completed gpu_util=85
2026-07-14T16:33:38.029Z host=eng-x12 service=sshd level=INFO user=sre repo=safety-filters event=checkout status=success job=41085 trace=068c2ca8c5cfb0
2026-07-14T16:34:13.322Z host=eng-x12 service=dockerd level=INFO user=mchen repo=model-runtime event=build status=success job=44004 trace=97021a064ae469
2026-07-14T16:36:14.712Z host=eng-x12 service=dockerd level=INFO user=builder repo=api-gateway event=session_close status=success job=47109 trace=1be06aadef6097
2026-07-14T16:36:20.610Z host=gpu-node-098 service=nvidia-dcgm level=INFO namespace=inference pod=node-exporter-d5c0d0 event=completed gpu_util=6
2026-07-14T16:37:07.060Z host=gpu-node-051 service=scheduler level=INFO namespace=training pod=model-eval-37c4df event=image_present gpu_util=36
2026-07-14T16:37:54.425Z host=eng-x12 service=dockerd level=INFO user=sre repo=evaluation event=checkout status=success job=46166 trace=1d101f28eea941
2026-07-14T16:40:10.325Z host=eng-x12 service=gitlab-runner level=INFO user=sre repo=infra-charts event=session_close status=success job=45917 trace=786bffb7aa442a
2026-07-14T16:40:42.982Z host=gpu-node-069 service=kubelet level=INFO namespace=monitoring pod=checkpoint-25e3c4 event=completed gpu_util=63
2026-07-14T16:42:10.234Z host=eng-x12 service=sshd level=INFO user=builder repo=model-runtime event=checkout status=success job=42255 trace=1e0723aa656fea
2026-07-14T16:42:17.912Z host=gpu-node-061 service=scheduler level=INFO namespace=training pod=checkpoint-6df343 event=completed gpu_util=62
2026-07-14T16:45:02.461Z host=eng-x12 service=auditd level=INFO user=deploybot repo=model-runtime event=fetch status=success job=45882 trace=264f35a2fc45f8
2026-07-14T16:46:19.365Z host=eng-x12 service=sshd level=INFO user=mchen repo=evaluation event=session_close status=success job=43641 trace=5a779ba7d4e969
2026-07-14T16:46:59.058Z host=gpu-node-100 service=containerd level=INFO namespace=inference pod=trainer-ba5227 event=image_present gpu_util=49
2026-07-14T16:47:45.818Z host=gpu-node-007 service=scheduler level=INFO namespace=training pod=checkpoint-79e7d3 event=completed gpu_util=66
2026-07-14T16:48:03.237Z host=eng-x12 service=gitlab-runner level=INFO user=deploybot repo=safety-filters event=checkout status=success job=45426 trace=c6d78b99608496
2026-07-14T16:49:06.699Z host=gpu-node-122 service=kubelet level=INFO namespace=monitoring pod=model-eval-28ac23 event=probe_ok gpu_util=92
2026-07-14T16:49:17.741Z host=gpu-node-053 service=containerd level=INFO namespace=monitoring pod=model-eval-753038 event=started gpu_util=27
2026-07-14T16:50:04.570Z host=eng-x12 service=gitlab-runner level=INFO user=deploybot repo=api-gateway event=build status=success job=41089 trace=283d4fccc1ace5
2026-07-14T16:50:24.905Z host=eng-x12 service=sshd level=INFO user=sre repo=infra-charts event=build status=success job=41386 trace=20436174d8cbb1
2026-07-14T16:52:11.379Z host=gpu-node-056 service=nvidia-dcgm level=INFO namespace=inference pod=checkpoint-a02337 event=image_present gpu_util=59
2026-07-14T16:55:37.048Z host=gpu-node-123 service=scheduler level=INFO namespace=monitoring pod=node-exporter-bb73fd event=image_present gpu_util=57
2026-07-14T16:56:42.113Z host=gpu-node-083 service=kubelet level=INFO namespace=monitoring pod=checkpoint-afda07 event=completed gpu_util=65
2026-07-14T16:56:44.845Z host=eng-x12 service=sshd level=INFO user=sre repo=model-runtime event=fetch status=success job=45968 trace=2a5744e3e2a7d2
2026-07-14T16:56:45.638Z host=gpu-node-091 service=kubelet level=INFO namespace=inference pod=trainer-f3d78f event=image_present gpu_util=66
2026-07-14T16:57:41.001Z host=eng-x12 service=sshd level=INFO user=sre repo=safety-filters event=build status=success job=46293 trace=0bb6399f2bf2c4
2026-07-14T16:59:19.583Z host=gpu-node-092 service=containerd level=INFO namespace=training pod=checkpoint-7eac63 event=image_present gpu_util=80
2026-07-14T16:59:29.216Z host=eng-x12 service=gitlab-runner level=INFO user=builder repo=infra-charts event=fetch status=success job=43777 trace=c56b1419b3bc16
2026-07-14T17:01:50.033Z host=gpu-node-045 service=containerd level=INFO namespace=training pod=trainer-ec735f event=probe_ok gpu_util=98
2026-07-14T17:06:24.480Z host=eng-x12 service=gitlab-runner level=INFO user=sre repo=evaluation event=checkout status=success job=41755 trace=8e69eea7cb351c
2026-07-14T17:09:00.053Z host=gpu-node-065 service=kubelet level=INFO namespace=inference pod=trainer-efc0ab event=probe_ok gpu_util=23
2026-07-14T17:10:07.964Z host=gpu-node-055 service=nvidia-dcgm level=INFO namespace=monitoring pod=model-eval-899eef event=probe_ok gpu_util=73
2026-07-14T17:11:27.554Z host=eng-x12 service=gitlab-runner level=INFO user=builder repo=model-runtime event=checkout status=success job=41970 trace=7cc19fd4032c52
2026-07-14T17:11:57.654Z host=gpu-node-111 service=containerd level=INFO namespace=inference pod=trainer-729979 event=started gpu_util=62
2026-07-14T17:12:08.568Z host=eng-x12 service=sshd level=INFO user=builder repo=evaluation event=fetch status=success job=43651 trace=bc2c0b5e575e6e
2026-07-14T17:12:57.450Z host=eng-x12 service=sshd level=INFO user=mchen repo=infra-charts event=checkout status=success job=41095 trace=b04ec37dc988e8
2026-07-14T17:12:57.768Z host=gpu-node-098 service=containerd level=INFO namespace=training pod=node-exporter-824302 event=started gpu_util=45
2026-07-14T17:14:24.730Z host=gpu-node-020 service=scheduler level=INFO namespace=inference pod=node-exporter-21f687 event=probe_ok gpu_util=43
2026-07-14T17:17:37.712Z host=eng-x12 service=gitlab-runner level=INFO user=builder repo=safety-filters event=build status=success job=42249 trace=fa5f80d85af681
2026-07-14T17:19:30.211Z host=gpu-node-097 service=nvidia-dcgm level=INFO namespace=training pod=node-exporter-07da27 event=completed gpu_util=51
2026-07-14T17:20:36.877Z host=eng-x12 service=gitlab-runner level=INFO user=mchen repo=infra-charts event=fetch status=success job=47991 trace=84d8df5df29488
2026-07-14T17:22:03.069Z host=gpu-node-106 service=scheduler level=INFO namespace=inference pod=node-exporter-27c5eb event=completed gpu_util=52
2026-07-14T17:22:05.481Z host=eng-x12 service=sshd level=INFO user=builder repo=model-runtime event=build status=success job=42101 trace=617fa3189145f6
2026-07-14T17:23:18.462Z host=eng-x12 service=auditd level=INFO user=deploybot repo=safety-filters event=push status=success job=43276 trace=836160b99d214c
2026-07-14T17:23:22.762Z host=eng-x12 service=dockerd level=INFO user=deploybot repo=safety-filters event=session_close status=success job=46813 trace=1a1e0606987027
2026-07-14T17:23:24.215Z host=gpu-node-019 service=scheduler level=INFO namespace=training pod=node-exporter-9cdff4 event=image_present gpu_util=14
2026-07-14T17:25:23.703Z host=eng-x12 service=gitlab-runner level=INFO user=mchen repo=infra-charts event=checkout status=success job=43760 trace=fa72e6be26adcc
2026-07-14T17:26:18.839Z host=gpu-node-004 service=containerd level=INFO namespace=monitoring pod=trainer-005d15 event=started gpu_util=92
2026-07-14T17:27:18.496Z host=eng-x12 service=gitlab-runner level=INFO user=sre repo=api-gateway event=session_close status=success job=41079 trace=e074f914844cce
2026-07-14T17:27:39.268Z host=eng-x12 service=sshd level=INFO user=deploybot repo=safety-filters event=build status=success job=44876 trace=927cb64b0d77c8
2026-07-14T17:29:26.515Z host=eng-x12 service=dockerd level=INFO user=deploybot repo=evaluation event=build status=success job=44699 trace=1411d6ecfcc50a
2026-07-14T17:31:31.570Z host=gpu-node-119 service=nvidia-dcgm level=INFO namespace=inference pod=model-eval-b7cfbb event=started gpu_util=66
2026-07-14T17:35:02.215Z host=gpu-node-106 service=kubelet level=INFO namespace=inference pod=checkpoint-8f7702 event=completed gpu_util=80
2026-07-14T17:36:04.129Z host=gpu-node-018 service=kubelet level=INFO namespace=monitoring pod=trainer-7167dc event=started gpu_util=8
2026-07-14T17:37:35.299Z host=gpu-node-010 service=nvidia-dcgm level=INFO namespace=training pod=node-exporter-6b23ed event=completed gpu_util=45
2026-07-14T17:39:43.364Z host=gpu-node-029 service=kubelet level=INFO namespace=monitoring pod=node-exporter-128b88 event=started gpu_util=32
2026-07-14T17:39:47.509Z host=eng-x12 service=sshd level=INFO user=sre repo=safety-filters event=session_close status=success job=41511 trace=e8834a43668842
2026-07-14T17:40:19.298Z host=gpu-node-029 service=kubelet level=INFO namespace=monitoring pod=trainer-173c59 event=image_present gpu_util=86
2026-07-14T17:41:20.087Z host=gpu-node-052 service=nvidia-dcgm level=INFO namespace=training pod=checkpoint-48158d event=probe_ok gpu_util=17
2026-07-14T17:41:42.104Z host=eng-x12 service=auditd level=INFO user=mchen repo=safety-filters event=push status=success job=42061 trace=bbea8bed3a7c7b
2026-07-14T17:43:20.600Z host=eng-x12 service=auditd level=INFO user=deploybot repo=infra-charts event=build status=success job=48143 trace=4599b3d8e6891a
2026-07-14T17:43:21.147Z host=gpu-node-011 service=scheduler level=INFO namespace=training pod=checkpoint-04e494 event=probe_ok gpu_util=16
2026-07-14T17:44:03.917Z host=eng-x12 service=dockerd level=INFO user=builder repo=api-gateway event=session_close status=success job=48953 trace=33b18578d9be64
2026-07-14T17:45:16.898Z host=eng-x12 service=gitlab-runner level=INFO user=mchen repo=api-gateway event=session_close status=success job=43128 trace=908eed246a204d
2026-07-14T17:48:39.407Z host=eng-x12 service=auditd level=INFO user=builder repo=model-runtime event=build status=success job=44998 trace=3aad1b746b78ec
2026-07-14T17:49:48.426Z host=gpu-node-014 service=containerd level=INFO namespace=training pod=node-exporter-34386c event=started gpu_util=67
2026-07-14T17:50:16.469Z host=eng-x12 service=dockerd level=INFO user=deploybot repo=safety-filters event=build status=success job=47510 trace=d21fd1eedb6547
2026-07-14T17:53:17.248Z host=eng-x12 service=gitlab-runner level=INFO user=builder repo=model-runtime event=fetch status=success job=45976 trace=893488d0d962fc
2026-07-14T17:53:20.717Z host=gpu-node-030 service=kubelet level=INFO namespace=training pod=model-eval-5c0ed9 event=image_present gpu_util=61
2026-07-14T17:53:30.085Z host=gpu-node-007 service=containerd level=INFO namespace=inference pod=node-exporter-39bedb event=probe_ok gpu_util=24
2026-07-14T17:53:45.683Z host=gpu-node-105 service=scheduler level=INFO namespace=monitoring pod=model-eval-cf16cd event=completed gpu_util=37
2026-07-14T17:53:49.874Z host=gpu-node-020 service=kubelet level=INFO namespace=inference pod=node-exporter-5cbeba event=completed gpu_util=37
2026-07-14T17:54:11.374Z host=gpu-node-060 service=nvidia-dcgm level=INFO namespace=inference pod=model-eval-73a4ce event=image_present gpu_util=18
2026-07-14T17:54:55.301Z host=eng-x12 service=gitlab-runner level=INFO user=mchen repo=api-gateway event=checkout status=success job=43213 trace=6b734da97581dc
2026-07-14T17:56:00.763Z host=gpu-node-069 service=kubelet level=INFO namespace=monitoring pod=model-eval-3d123f event=completed gpu_util=44
2026-07-14T17:56:44.142Z host=gpu-node-030 service=kubelet level=INFO namespace=monitoring pod=model-eval-3ebdf7 event=started gpu_util=26
2026-07-14T17:57:03.941Z host=gpu-node-044 service=kubelet level=INFO namespace=inference pod=trainer-5aa2e5 event=completed gpu_util=61
2026-07-14T17:58:44.339Z host=eng-x12 service=dockerd level=INFO user=builder repo=api-gateway event=build status=success job=44383 trace=f30429d4093b73
2026-07-14T17:58:44.931Z host=eng-x12 service=gitlab-runner level=INFO user=mchen repo=safety-filters event=checkout status=success job=45164 trace=4ce9114bc98885
2026-07-14T18:00:28.220Z host=eng-x12 service=sshd level=INFO user=mchen repo=api-gateway event=checkout status=success job=42076 trace=bdbd774155bb4b
2026-07-14T18:01:24.271Z host=gpu-node-115 service=kubelet level=INFO namespace=inference pod=model-eval-60271f event=started gpu_util=3
2026-07-14T18:01:31.197Z host=gpu-node-058 service=kubelet level=INFO namespace=inference pod=trainer-c5e4e8 event=started gpu_util=54
2026-07-14T18:01:50.171Z host=gpu-node-061 service=containerd level=INFO namespace=inference pod=node-exporter-932e06 event=probe_ok gpu_util=95
2026-07-14T18:02:59.089Z host=gpu-node-050 service=scheduler level=INFO namespace=inference pod=trainer-45c1da event=completed gpu_util=62
2026-07-14T18:03:34.817Z host=eng-x12 service=gitlab-runner level=INFO user=builder repo=infra-charts event=build status=success job=44233 trace=3e51f4644f0d7a
2026-07-14T18:04:20.778Z host=gpu-node-060 service=scheduler level=INFO namespace=inference pod=checkpoint-a7710c event=probe_ok gpu_util=5
2026-07-14T18:06:05.853Z host=gpu-node-095 service=scheduler level=INFO namespace=monitoring pod=node-exporter-1d9f00 event=image_present gpu_util=83
2026-07-14T18:06:36.207Z host=gpu-node-115 service=kubelet level=INFO namespace=inference pod=checkpoint-396520 event=probe_ok gpu_util=2
2026-07-14T18:06:49.739Z host=eng-x12 service=sshd level=INFO user=builder repo=api-gateway event=checkout status=success job=45412 trace=58649caf1e57f0
2026-07-14T18:07:22.254Z host=gpu-node-095 service=nvidia-dcgm level=INFO namespace=training pod=node-exporter-eb3d32 event=probe_ok gpu_util=40
2026-07-14T18:07:37.790Z host=eng-x12 service=sshd level=INFO user=mchen repo=model-runtime event=fetch status=success job=43082 trace=7c51ec17208d02
2026-07-14T18:08:47.800Z host=eng-x12 service=sshd level=INFO user=mchen repo=api-gateway event=session_close status=success job=41894 trace=7ea073b6429ac6
2026-07-14T18:09:44.376Z host=gpu-node-086 service=containerd level=INFO namespace=inference pod=node-exporter-f25479 event=completed gpu_util=42
2026-07-14T18:10:59.443Z host=eng-x12 service=gitlab-runner level=INFO user=deploybot repo=evaluation event=fetch status=success job=41650 trace=5a3cbb7a555bc7
2026-07-14T18:11:00.420Z host=gpu-node-119 service=containerd level=INFO namespace=training pod=model-eval-121761 event=image_present gpu_util=70
2026-07-14T18:13:22.592Z host=gpu-node-004 service=containerd level=INFO namespace=monitoring pod=trainer-00bca8 event=probe_ok gpu_util=46
2026-07-14T18:16:23.086Z host=eng-x12 service=auditd level=INFO user=builder repo=infra-charts event=build status=success job=41240 trace=40f99a68a52acb
2026-07-14T18:18:41.663Z host=gpu-node-109 service=kubelet level=INFO namespace=training pod=trainer-d1f00c event=image_present gpu_util=47
2026-07-14T18:18:49.368Z host=eng-x12 service=auditd level=INFO user=deploybot repo=infra-charts event=push status=success job=41394 trace=8e02936d0b367a
2026-07-14T18:19:50.127Z host=gpu-node-102 service=kubelet level=INFO namespace=training pod=checkpoint-d9e136 event=completed gpu_util=19
2026-07-14T18:20:15.913Z host=gpu-node-060 service=scheduler level=INFO namespace=inference pod=node-exporter-455097 event=completed gpu_util=36
2026-07-14T18:25:07.988Z host=eng-x12 service=gitlab-runner level=INFO user=deploybot repo=api-gateway event=push status=success job=43224 trace=1cf915886e26da
2026-07-14T18:26:37.950Z host=eng-x12 service=dockerd level=INFO user=mchen repo=safety-filters event=session_close status=success job=43680 trace=26ac42e9df8e24
2026-07-14T18:26:51.908Z host=eng-x12 service=gitlab-runner level=INFO user=builder repo=evaluation event=checkout status=success job=45957 trace=ead410ca72e2a2
2026-07-14T18:26:57.750Z host=eng-x12 service=dockerd level=INFO user=sre repo=model-runtime event=build status=success job=41336 trace=ab2faee247c683
2026-07-14T18:28:00.238Z host=gpu-node-074 service=scheduler level=INFO namespace=monitoring pod=trainer-943697 event=probe_ok gpu_util=14
2026-07-14T18:28:13.298Z host=gpu-node-102 service=nvidia-dcgm level=INFO namespace=monitoring pod=model-eval-5caaf5 event=image_present gpu_util=71
2026-07-14T18:28:57.073Z host=eng-x12 service=auditd level=INFO user=deploybot repo=model-runtime event=fetch status=success job=43431 trace=c6c02b9eea18e3
2026-07-14T18:30:03.289Z host=eng-x12 service=dockerd level=INFO user=builder repo=safety-filters event=build status=success job=44282 trace=e7597feb9ebbf7
2026-07-14T18:31:52.668Z host=gpu-node-048 service=containerd level=INFO namespace=inference pod=model-eval-29ae4e event=started gpu_util=16
2026-07-14T18:31:57.584Z host=eng-x12 service=gitlab-runner level=INFO user=mchen repo=infra-charts event=session_close status=success job=41845 trace=a58843f3c1876f
2026-07-14T18:32:40.608Z host=eng-x12 service=auditd level=INFO user=mchen repo=infra-charts event=fetch status=success job=43034 trace=5aff0903a34e95
2026-07-14T18:33:34.172Z host=eng-x12 service=dockerd level=INFO user=sre repo=api-gateway event=session_close status=success job=44248 trace=e2abcfb1372cfa
2026-07-14T18:34:10.975Z host=eng-x12 service=dockerd level=INFO user=mchen repo=evaluation event=checkout status=success job=41498 trace=c1174ba5252c20
2026-07-14T18:35:20.899Z host=gpu-node-120 service=nvidia-dcgm level=INFO namespace=monitoring pod=trainer-8a4df9 event=image_present gpu_util=64
2026-07-14T18:35:30.014Z host=gpu-node-037 service=kubelet level=INFO namespace=monitoring pod=trainer-e687a4 event=image_present gpu_util=26
2026-07-14T18:36:39.075Z host=eng-x12 service=auditd level=INFO user=sre repo=infra-charts event=checkout status=success job=48896 trace=5bb8d9c0515f25
2026-07-14T18:36:59.087Z host=eng-x12 service=gitlab-runner level=INFO user=mchen repo=model-runtime event=push status=success job=42929 trace=571b182e3ebeb2
2026-07-14T18:38:11.493Z host=gpu-node-098 service=containerd level=INFO namespace=monitoring pod=trainer-beefd6 event=completed gpu_util=57
2026-07-14T18:39:10.923Z host=gpu-node-085 service=scheduler level=INFO namespace=training pod=model-eval-d741b7 event=probe_ok gpu_util=36
2026-07-14T18:39:11.510Z host=gpu-node-120 service=containerd level=INFO namespace=monitoring pod=trainer-e63e69 event=probe_ok gpu_util=2
2026-07-14T18:39:18.270Z host=gpu-node-047 service=nvidia-dcgm level=INFO namespace=inference pod=model-eval-128d81 event=image_present gpu_util=19
2026-07-14T18:39:33.462Z host=gpu-node-020 service=nvidia-dcgm level=INFO namespace=monitoring pod=model-eval-20a0a0 event=image_present gpu_util=62
2026-07-14T18:42:18.261Z host=eng-x12 service=auditd level=INFO user=deploybot repo=api-gateway event=build status=success job=48235 trace=ada9c8080c5f61
2026-07-14T18:43:00.527Z host=eng-x12 service=gitlab-runner level=INFO user=mchen repo=evaluation event=fetch status=success job=48313 trace=5dfcd6b18d1403
2026-07-14T18:44:47.478Z host=gpu-node-120 service=kubelet level=INFO namespace=monitoring pod=checkpoint-276074 event=image_present gpu_util=71
2026-07-14T18:46:39.458Z host=gpu-node-002 service=kubelet level=INFO namespace=training pod=checkpoint-e52162 event=started gpu_util=65
2026-07-14T18:46:55.207Z host=gpu-node-037 service=kubelet level=INFO namespace=training pod=checkpoint-6aebb2 event=probe_ok gpu_util=58
2026-07-14T18:48:15.238Z host=eng-x12 service=sshd level=INFO user=deploybot repo=model-runtime event=push status=success job=46418 trace=9b248663a1eb8a
2026-07-14T18:49:33.452Z host=eng-x12 service=gitlab-runner level=INFO user=deploybot repo=infra-charts event=fetch status=success job=46010 trace=ca11a0937dd5f3
2026-07-14T18:51:13.835Z host=eng-x12 service=sshd level=INFO user=deploybot repo=api-gateway event=push status=success job=42371 trace=aba15e5c6233a8
2026-07-14T18:52:40.543Z host=gpu-node-034 service=kubelet level=INFO namespace=monitoring pod=model-eval-96a389 event=completed gpu_util=43
2026-07-14T18:53:30.500Z host=gpu-node-011 service=containerd level=INFO namespace=training pod=model-eval-1a978b event=probe_ok gpu_util=65
2026-07-14T18:53:47.439Z host=gpu-node-001 service=nvidia-dcgm level=INFO namespace=monitoring pod=trainer-be53e2 event=completed gpu_util=42
2026-07-14T18:54:58.489Z host=eng-x12 service=auditd level=INFO user=sre repo=evaluation event=checkout status=success job=46151 trace=4e418671e60376
2026-07-14T18:55:16.835Z host=gpu-node-033 service=scheduler level=INFO namespace=inference pod=node-exporter-4cc4e7 event=probe_ok gpu_util=39
2026-07-14T18:56:08.414Z host=gpu-node-078 service=scheduler level=INFO namespace=monitoring pod=model-eval-62db4a event=image_present gpu_util=19
2026-07-14T18:56:24.113Z host=eng-x12 service=auditd level=INFO user=sre repo=infra-charts event=checkout status=success job=42874 trace=3f67d3fe33e36a
2026-07-14T18:56:44.411Z host=eng-x12 service=dockerd level=INFO user=deploybot repo=model-runtime event=build status=success job=47415 trace=70d15ce431e1c8
2026-07-14T18:57:56.683Z host=eng-x12 service=auditd level=INFO user=deploybot repo=api-gateway event=push status=success job=48185 trace=be5687e04e8181
2026-07-14T18:58:26.933Z host=gpu-node-088 service=containerd level=INFO namespace=training pod=node-exporter-6b89c4 event=started gpu_util=27
2026-07-14T18:59:44.370Z host=eng-x12 service=auditd level=INFO user=sre repo=safety-filters event=build status=success job=45513 trace=3495dfecc26bb1
2026-07-14T19:05:19.789Z host=eng-x12 service=gitlab-runner level=INFO user=sre repo=api-gateway event=build status=success job=47534 trace=9eea2d22972dbb
2026-07-14T19:08:30.918Z host=eng-x12 service=auditd level=INFO user=deploybot repo=safety-filters event=checkout status=success job=47532 trace=94ced32e65e201
2026-07-14T19:08:46.840Z host=eng-x12 service=sshd level=INFO user=mchen repo=safety-filters event=push status=success job=45673 trace=70434ccd034ed7
2026-07-14T19:08:54.513Z host=gpu-node-048 service=scheduler level=INFO namespace=inference pod=trainer-844b85 event=probe_ok gpu_util=49
2026-07-14T19:08:56.985Z host=gpu-node-017 service=scheduler level=INFO namespace=training pod=model-eval-06ad9f event=started gpu_util=39
2026-07-14T19:12:54.587Z host=gpu-node-011 service=kubelet level=INFO namespace=monitoring pod=trainer-8faaa7 event=probe_ok gpu_util=58
2026-07-14T19:13:08.881Z host=gpu-node-051 service=scheduler level=INFO namespace=inference pod=trainer-300998 event=probe_ok gpu_util=49
2026-07-14T19:13:59.476Z host=eng-x12 service=dockerd level=INFO user=builder repo=infra-charts event=push status=success job=46800 trace=65024703edb746
2026-07-14T19:14:33.849Z host=gpu-node-102 service=scheduler level=INFO namespace=inference pod=model-eval-e4944d event=completed gpu_util=97
2026-07-14T19:15:18.396Z host=eng-x12 service=gitlab-runner level=INFO user=mchen repo=evaluation event=checkout status=success job=45120 trace=efc1efa8b0f46b
2026-07-14T19:16:07.516Z host=eng-x12 service=sshd level=INFO user=sre repo=evaluation event=build status=success job=48668 trace=5be0ff308f8c62
2026-07-14T19:16:19.462Z host=gpu-node-038 service=scheduler level=INFO namespace=inference pod=node-exporter-13cf0d event=probe_ok gpu_util=2
2026-07-14T19:16:49.207Z host=eng-x12 service=sshd level=INFO user=deploybot repo=infra-charts event=session_close status=success job=47123 trace=a37c2941c997ee
2026-07-14T19:17:20.059Z host=gpu-node-128 service=nvidia-dcgm level=INFO namespace=training pod=checkpoint-63f9ba event=probe_ok gpu_util=78
2026-07-14T19:18:41.951Z host=gpu-node-104 service=containerd level=INFO namespace=monitoring pod=checkpoint-fdba7f event=probe_ok gpu_util=100
2026-07-14T19:18:47.135Z host=eng-x12 service=gitlab-runner level=INFO user=builder repo=safety-filters event=session_close status=success job=48691 trace=8bbab8cf611986
2026-07-14T19:20:14.740Z host=gpu-node-060 service=nvidia-dcgm level=INFO namespace=inference pod=model-eval-033c7c event=probe_ok gpu_util=18
2026-07-14T19:21:00.685Z host=gpu-node-057 service=containerd level=INFO namespace=inference pod=model-eval-d91a23 event=probe_ok gpu_util=6
2026-07-14T19:22:25.816Z host=eng-x12 service=auditd level=INFO user=builder repo=safety-filters event=fetch status=success job=43641 trace=9c747d0e7fa140
2026-07-14T19:22:43.789Z host=gpu-node-080 service=containerd level=INFO namespace=inference pod=trainer-58d481 event=completed gpu_util=47
2026-07-14T19:25:16.552Z host=eng-x12 service=gitlab-runner level=INFO user=mchen repo=model-runtime event=session_close status=success job=43318 trace=fbd0fc0d605736
2026-07-14T19:26:16.467Z host=eng-x12 service=dockerd level=INFO user=mchen repo=model-runtime event=fetch status=success job=46247 trace=1abd40eb57c909
2026-07-14T19:26:26.453Z host=eng-x12 service=auditd level=INFO user=sre repo=safety-filters event=push status=success job=45469 trace=904bbdf5f37934
2026-07-14T19:30:23.078Z host=eng-x12 service=sshd level=INFO user=deploybot repo=safety-filters event=fetch status=success job=45231 trace=a01a89fd90e7d0
2026-07-14T19:31:10.299Z host=gpu-node-039 service=kubelet level=INFO namespace=training pod=model-eval-3e7dc5 event=started gpu_util=3
2026-07-14T19:34:49.310Z host=eng-x12 service=dockerd level=INFO user=deploybot repo=infra-charts event=fetch status=success job=45848 trace=06f16ff0b8b951
2026-07-14T19:35:38.331Z host=gpu-node-105 service=containerd level=INFO namespace=inference pod=model-eval-bf85a9 event=completed gpu_util=48
2026-07-14T19:36:46.686Z host=gpu-node-117 service=scheduler level=INFO namespace=monitoring pod=trainer-987d66 event=probe_ok gpu_util=47
2026-07-14T19:36:55.483Z host=gpu-node-059 service=scheduler level=INFO namespace=training pod=model-eval-322238 event=completed gpu_util=2
2026-07-14T19:37:40.049Z host=eng-x12 service=gitlab-runner level=INFO user=builder repo=api-gateway event=build status=success job=48821 trace=0313b0c53fb0f0
2026-07-14T19:38:22.828Z host=gpu-node-025 service=scheduler level=INFO namespace=training pod=node-exporter-02ac79 event=started gpu_util=34
2026-07-14T19:39:13.530Z host=eng-x12 service=gitlab-runner level=INFO user=sre repo=evaluation event=fetch status=success job=41844 trace=47483be94ab6a8
2026-07-14T19:41:33.431Z host=eng-x12 service=sshd level=INFO user=mchen repo=api-gateway event=push status=success job=43674 trace=81e7101e5947bc
2026-07-14T19:44:05.029Z host=gpu-node-076 service=containerd level=INFO namespace=inference pod=trainer-717787 event=probe_ok gpu_util=18
2026-07-14T19:44:08.916Z host=eng-x12 service=auditd level=INFO user=mchen repo=infra-charts event=build status=success job=41561 trace=a8540db1d8c576
2026-07-14T19:53:01.001Z host=gpu-node-026 service=nvidia-dcgm level=INFO namespace=training pod=checkpoint-3367d8 event=probe_ok gpu_util=4
2026-07-14T19:53:40.485Z host=gpu-node-111 service=kubelet level=INFO namespace=training pod=model-eval-a13be1 event=image_present gpu_util=58
2026-07-14T19:54:33.859Z host=gpu-node-111 service=kubelet level=INFO namespace=monitoring pod=model-eval-71bc88 event=probe_ok gpu_util=67
2026-07-14T19:55:50.120Z host=eng-x12 service=auditd level=INFO user=deploybot repo=api-gateway event=session_close status=success job=46315 trace=b5f2f61d20803f
2026-07-14T19:58:16.343Z host=eng-x12 service=sshd level=INFO user=sre repo=api-gateway event=session_close status=success job=48176 trace=67ffe52248589f
2026-07-14T19:58:22.037Z host=gpu-node-074 service=kubelet level=INFO namespace=inference pod=node-exporter-360c40 event=image_present gpu_util=14
2026-07-14T20:00:01.324Z host=eng-x12 service=gitlab-runner level=INFO user=mchen repo=model-runtime event=session_close status=success job=41106 trace=84a9ee87745cd1
2026-07-14T20:00:14.759Z host=eng-x12 service=gitlab-runner level=INFO user=deploybot repo=evaluation event=build status=success job=46149 trace=0aabf6ec252a14
2026-07-14T20:01:17.807Z host=eng-x12 service=gitlab-runner level=INFO user=mchen repo=safety-filters event=push status=success job=43293 trace=ad9fffb808b3d6
2026-07-14T20:01:41.007Z host=eng-x12 service=sshd level=INFO user=deploybot repo=evaluation event=checkout status=success job=43654 trace=ceba033787a45a
2026-07-14T20:02:28.444Z host=gpu-node-042 service=kubelet level=INFO namespace=training pod=trainer-c4c71d event=started gpu_util=76
2026-07-14T20:05:44.247Z host=eng-x12 service=dockerd level=INFO user=sre repo=infra-charts event=fetch status=success job=45374 trace=2d4a0a3c57bb92
2026-07-14T20:08:09.997Z host=gpu-node-105 service=kubelet level=INFO namespace=training pod=trainer-6bcf7e event=started gpu_util=28
2026-07-14T20:10:27.033Z host=eng-x12 service=sshd level=INFO user=sre repo=model-runtime event=push status=success job=48996 trace=e2eb2b490767a5
2026-07-14T20:10:41.595Z host=gpu-node-123 service=kubelet level=INFO namespace=training pod=model-eval-24bea6 event=probe_ok gpu_util=92
2026-07-14T20:15:12.386Z host=gpu-node-078 service=nvidia-dcgm level=INFO namespace=inference pod=model-eval-5673fa event=probe_ok gpu_util=42
2026-07-14T20:16:16.077Z host=gpu-node-066 service=kubelet level=INFO namespace=inference pod=model-eval-6872a4 event=probe_ok gpu_util=29
2026-07-14T20:16:54.411Z host=eng-x12 service=sshd level=INFO user=builder repo=safety-filters event=build status=success job=47463 trace=3d7ec4344a11a0
2026-07-14T20:18:21.312Z host=eng-x12 service=dockerd level=INFO user=sre repo=evaluation event=fetch status=success job=41653 trace=4baa58e871ddb4
2026-07-14T20:18:22.756Z host=gpu-node-066 service=containerd level=INFO namespace=monitoring pod=trainer-340fea event=started gpu_util=51
2026-07-14T20:18:47.350Z host=gpu-node-111 service=containerd level=INFO namespace=monitoring pod=model-eval-c0001c event=image_present gpu_util=43
2026-07-14T20:18:47.566Z host=gpu-node-100 service=containerd level=INFO namespace=inference pod=node-exporter-295b96 event=completed gpu_util=57
2026-07-14T20:19:46.618Z host=gpu-node-124 service=nvidia-dcgm level=INFO namespace=inference pod=model-eval-540d16 event=completed gpu_util=27
2026-07-14T20:20:22.255Z host=gpu-node-090 service=scheduler level=INFO namespace=inference pod=trainer-881b74 event=probe_ok gpu_util=45
2026-07-14T20:20:31.306Z host=eng-x12 service=gitlab-runner level=INFO user=mchen repo=evaluation event=checkout status=success job=45146 trace=a3f7848368d306
2026-07-14T20:21:03.727Z host=gpu-node-123 service=containerd level=INFO namespace=inference pod=trainer-bd793e event=started gpu_util=12
2026-07-14T20:21:48.616Z host=gpu-node-042 service=kubelet level=INFO namespace=training pod=trainer-d6d5ef event=probe_ok gpu_util=51
2026-07-14T20:22:34.464Z host=eng-x12 service=sshd level=INFO user=deploybot repo=infra-charts event=push status=success job=42393 trace=fd6f60f425d560
2026-07-14T20:22:43.526Z host=eng-x12 service=sshd level=INFO user=mchen repo=model-runtime event=fetch status=success job=44988 trace=638495ce29c595
2026-07-14T20:24:32.699Z host=gpu-node-005 service=nvidia-dcgm level=INFO namespace=training pod=model-eval-11632c event=completed gpu_util=50
2026-07-14T20:24:40.331Z host=eng-x12 service=gitlab-runner level=INFO user=sre repo=api-gateway event=push status=success job=45835 trace=0903d121c3caa0
2026-07-14T20:28:34.557Z host=gpu-node-072 service=kubelet level=INFO namespace=inference pod=checkpoint-5fe59e event=completed gpu_util=63
2026-07-14T20:30:29.487Z host=gpu-node-048 service=kubelet level=INFO namespace=training pod=node-exporter-7a7ad4 event=completed gpu_util=67
2026-07-14T20:30:57.314Z host=gpu-node-125 service=containerd level=INFO namespace=training pod=checkpoint-aecb8c event=image_present gpu_util=20
2026-07-14T20:33:58.421Z host=gpu-node-066 service=containerd level=INFO namespace=inference pod=checkpoint-6713cd event=probe_ok gpu_util=1
2026-07-14T20:36:02.530Z host=gpu-node-114 service=scheduler level=INFO namespace=training pod=node-exporter-e702af event=completed gpu_util=4
2026-07-14T20:37:03.099Z host=gpu-node-112 service=nvidia-dcgm level=INFO namespace=inference pod=checkpoint-951f07 event=completed gpu_util=25
2026-07-14T20:37:36.219Z host=eng-x12 service=auditd level=INFO user=builder repo=api-gateway event=push status=success job=45002 trace=5aa771230d017b
2026-07-14T20:38:12.817Z host=eng-x12 service=dockerd level=INFO user=sre repo=evaluation event=session_close status=success job=44662 trace=380746d3c7e826
2026-07-14T20:38:18.470Z host=gpu-node-007 service=scheduler level=INFO namespace=inference pod=model-eval-68ab72 event=image_present gpu_util=32
2026-07-14T20:39:11.498Z host=eng-x12 service=auditd level=INFO user=mchen repo=safety-filters event=checkout status=success job=48830 trace=27a48462e8d5ba
2026-07-14T20:40:30.154Z host=eng-x12 service=sshd level=INFO user=deploybot repo=safety-filters event=fetch status=success job=48040 trace=b83150e8c3d02a
2026-07-14T20:40:58.987Z host=eng-x12 service=gitlab-runner level=INFO user=deploybot repo=api-gateway event=push status=success job=48058 trace=7e20f718a3da2a
2026-07-14T20:41:07.946Z host=eng-x12 service=gitlab-runner level=INFO user=builder repo=infra-charts event=build status=success job=41780 trace=ca08cceb4553b2
2026-07-14T20:41:28.455Z host=gpu-node-051 service=containerd level=INFO namespace=training pod=model-eval-751421 event=completed gpu_util=21
2026-07-14T20:42:28.789Z host=eng-x12 service=sshd level=INFO user=builder repo=infra-charts event=build status=success job=48171 trace=fedc33fdf6e4f1
2026-07-14T20:42:30.902Z host=gpu-node-102 service=scheduler level=INFO namespace=training pod=trainer-ac69ca event=probe_ok gpu_util=21
2026-07-14T20:45:47.540Z host=eng-x12 service=sshd level=INFO user=sre repo=evaluation event=fetch status=success job=43397 trace=126ee379be1617
2026-07-14T20:47:05.507Z host=eng-x12 service=dockerd level=INFO user=builder repo=infra-charts event=checkout status=success job=47241 trace=d2658cfdf463be
2026-07-14T20:47:16.794Z host=gpu-node-028 service=containerd level=INFO namespace=inference pod=node-exporter-04a00c event=completed gpu_util=53
2026-07-14T20:48:49.670Z host=eng-x12 service=dockerd level=INFO user=builder repo=api-gateway event=fetch status=success job=43198 trace=9b41b763ec2d97
2026-07-14T20:49:13.596Z host=gpu-node-090 service=kubelet level=INFO namespace=monitoring pod=checkpoint-0060c5 event=image_present gpu_util=72
2026-07-14T20:51:33.099Z host=gpu-node-076 service=nvidia-dcgm level=INFO namespace=monitoring pod=model-eval-b0b4e5 event=image_present gpu_util=10
2026-07-14T20:52:07.248Z host=eng-x12 service=auditd level=INFO user=sre repo=evaluation event=checkout status=success job=41347 trace=9bf38c89fbdd23
2026-07-14T20:52:57.445Z host=eng-x12 service=sshd level=INFO user=sre repo=model-runtime event=build status=success job=45039 trace=ae4299efbda4f5
2026-07-14T20:53:29.545Z host=gpu-node-065 service=scheduler level=INFO namespace=monitoring pod=trainer-ec24eb event=started gpu_util=74
2026-07-14T20:53:30.265Z host=gpu-node-007 service=nvidia-dcgm level=INFO namespace=monitoring pod=checkpoint-49e258 event=completed gpu_util=54
2026-07-14T20:53:56.104Z host=gpu-node-107 service=kubelet level=INFO namespace=training pod=checkpoint-b6763f event=started gpu_util=75
2026-07-14T20:54:26.733Z host=eng-x12 service=sshd level=INFO user=mchen repo=model-runtime event=build status=success job=41935 trace=28a391a847284b
2026-07-14T20:54:33.667Z host=eng-x12 service=gitlab-runner level=INFO user=sre repo=model-runtime event=build status=success job=45228 trace=0c460f9b606f26
2026-07-14T20:57:17.505Z host=eng-x12 service=gitlab-runner level=INFO user=mchen repo=safety-filters event=checkout status=success job=43966 trace=84339961f4977d
2026-07-14T20:58:31.075Z host=gpu-node-077 service=nvidia-dcgm level=INFO namespace=monitoring pod=model-eval-f7263a event=probe_ok gpu_util=60
2026-07-14T20:59:04.044Z host=gpu-node-016 service=scheduler level=INFO namespace=inference pod=checkpoint-7bb113 event=started gpu_util=63
2026-07-14T20:59:29.467Z host=eng-x12 service=sshd level=INFO user=builder repo=model-runtime event=build status=success job=42537 trace=0dd5fc5b57d0f8
2026-07-14T21:01:23.860Z host=eng-x12 service=gitlab-runner level=INFO user=builder repo=api-gateway event=build status=success job=42064 trace=9e249719f26b19
2026-07-14T21:02:04.986Z host=gpu-node-031 service=nvidia-dcgm level=INFO namespace=training pod=node-exporter-c78dac event=started gpu_util=29
2026-07-14T21:02:12.152Z host=eng-x12 service=auditd level=INFO user=builder repo=evaluation event=build status=success job=48377 trace=50b2388d88ec48
2026-07-14T21:02:55.173Z host=eng-x12 service=gitlab-runner level=INFO user=mchen repo=infra-charts event=checkout status=success job=45068 trace=239702cbaa0e00
2026-07-14T21:03:20.647Z host=eng-x12 service=dockerd level=INFO user=sre repo=infra-charts event=push status=success job=46808 trace=1a497c38fce3df
2026-07-14T21:10:23.503Z host=gpu-node-067 service=scheduler level=INFO namespace=training pod=model-eval-4d0c19 event=image_present gpu_util=58
2026-07-14T21:11:00.564Z host=eng-x12 service=sshd level=INFO user=sre repo=api-gateway event=build status=success job=42803 trace=c8900a972b35e9
2026-07-14T21:14:48.290Z host=gpu-node-069 service=scheduler level=INFO namespace=monitoring pod=node-exporter-178e3b event=probe_ok gpu_util=13
2026-07-14T21:16:37.828Z host=gpu-node-064 service=kubelet level=INFO namespace=inference pod=checkpoint-a0d3c4 event=started gpu_util=77
2026-07-14T21:16:45.335Z host=gpu-node-020 service=nvidia-dcgm level=INFO namespace=training pod=checkpoint-562394 event=completed gpu_util=11
2026-07-14T21:17:21.452Z host=gpu-node-019 service=containerd level=INFO namespace=training pod=model-eval-4e92a6 event=started gpu_util=58
2026-07-14T21:17:40.481Z host=eng-x12 service=dockerd level=INFO user=deploybot repo=api-gateway event=checkout status=success job=45946 trace=b2aaf9155704c1
2026-07-14T21:18:36.421Z host=eng-x12 service=auditd level=INFO user=mchen repo=safety-filters event=session_close status=success job=42082 trace=2e83820be69a78
2026-07-14T21:18:52.700Z host=eng-x12 service=sshd level=INFO user=sre repo=infra-charts event=build status=success job=41783 trace=f75e5ac683d809
2026-07-14T21:19:09.952Z host=eng-x12 service=gitlab-runner level=INFO user=sre repo=api-gateway event=fetch status=success job=45991 trace=b6b89f4dd10f38
2026-07-14T21:19:26.590Z host=eng-x12 service=gitlab-runner level=INFO user=builder repo=evaluation event=session_close status=success job=44468 trace=951fb11e05b2ae
2026-07-14T21:20:19.448Z host=eng-x12 service=sshd level=INFO user=builder repo=evaluation event=checkout status=success job=45244 trace=c8164686d0b836
2026-07-14T21:23:11.780Z host=eng-x12 service=sshd level=INFO user=builder repo=model-runtime event=build status=success job=46038 trace=4eab152637eb35
2026-07-14T21:24:34.905Z host=gpu-node-021 service=containerd level=INFO namespace=training pod=node-exporter-35208a event=image_present gpu_util=11
2026-07-14T21:25:29.826Z host=eng-x12 service=auditd level=INFO user=deploybot repo=safety-filters event=checkout status=success job=41939 trace=c4a6d09b86f1c6
2026-07-14T21:26:22.630Z host=eng-x12 service=gitlab-runner level=INFO user=sre repo=infra-charts event=build status=success job=45882 trace=9b7cbabb8f7cda
2026-07-14T21:27:36.077Z host=eng-x12 service=auditd level=INFO user=builder repo=api-gateway event=push status=success job=48605 trace=71dde7b3dce394
2026-07-14T21:29:28.009Z host=gpu-node-014 service=kubelet level=INFO namespace=monitoring pod=checkpoint-25839a event=image_present gpu_util=1
2026-07-14T21:30:22.711Z host=gpu-node-060 service=nvidia-dcgm level=INFO namespace=inference pod=model-eval-d80fb9 event=image_present gpu_util=42
2026-07-14T21:30:50.702Z host=eng-x12 service=dockerd level=INFO user=sre repo=evaluation event=checkout status=success job=45911 trace=934af6a10cf2d5
2026-07-14T21:30:56.029Z host=eng-x12 service=auditd level=INFO user=deploybot repo=safety-filters event=push status=success job=44974 trace=27d86bfca95aa4
2026-07-14T21:31:02.510Z host=gpu-node-027 service=kubelet level=INFO namespace=inference pod=checkpoint-32344d event=probe_ok gpu_util=78
2026-07-14T21:31:59.392Z host=eng-x12 service=dockerd level=INFO user=sre repo=api-gateway event=checkout status=success job=48161 trace=d792a418a46500
2026-07-14T21:32:05.234Z host=eng-x12 service=dockerd level=INFO user=sre repo=infra-charts event=fetch status=success job=48672 trace=8b9f3bc293e848
2026-07-14T21:32:09.266Z host=gpu-node-026 service=scheduler level=INFO namespace=training pod=node-exporter-32a0f4 event=completed gpu_util=30
2026-07-14T21:32:56.877Z host=eng-x12 service=auditd level=INFO user=deploybot repo=model-runtime event=checkout status=success job=46559 trace=1b5fd4be3aef12
2026-07-14T21:32:59.734Z host=gpu-node-072 service=nvidia-dcgm level=INFO namespace=training pod=model-eval-d6baa6 event=started gpu_util=11
2026-07-14T21:34:03.066Z host=eng-x12 service=gitlab-runner level=INFO user=builder repo=infra-charts event=build status=success job=47011 trace=752cf6e8f87514
2026-07-14T21:35:54.377Z host=eng-x12 service=dockerd level=INFO user=sre repo=infra-charts event=build status=success job=48812 trace=3bdf96c0a4a3e2
2026-07-14T21:36:45.650Z host=gpu-node-110 service=nvidia-dcgm level=INFO namespace=monitoring pod=node-exporter-04c6e8 event=probe_ok gpu_util=36
2026-07-14T21:38:26.647Z host=eng-x12 service=sshd level=INFO user=sre repo=model-runtime event=build status=success job=44066 trace=ca2c99458b0424
2026-07-14T21:41:06.212Z host=eng-x12 service=dockerd level=INFO user=sre repo=safety-filters event=build status=success job=46452 trace=589b93579bd3ce
2026-07-14T21:41:17.955Z host=gpu-node-004 service=containerd level=INFO namespace=monitoring pod=trainer-02bfa6 event=started gpu_util=29
2026-07-14T21:43:09.247Z host=eng-x12 service=dockerd level=INFO user=mchen repo=model-runtime event=session_close status=success job=46025 trace=e867f30821e4e0
2026-07-14T21:44:18.347Z host=gpu-node-114 service=containerd level=INFO namespace=inference pod=model-eval-c17ecd event=started gpu_util=13
2026-07-14T21:44:41.475Z host=gpu-node-108 service=nvidia-dcgm level=INFO namespace=training pod=checkpoint-f476ed event=started gpu_util=97
2026-07-14T21:47:00.489Z host=gpu-node-029 service=kubelet level=INFO namespace=inference pod=trainer-62053a event=started gpu_util=60
2026-07-14T21:47:36.830Z host=eng-x12 service=dockerd level=INFO user=builder repo=evaluation event=push status=success job=46669 trace=86e797bc3ca1ed
2026-07-14T21:49:38.814Z host=eng-x12 service=auditd level=INFO user=builder repo=model-runtime event=push status=success job=42970 trace=088a7b413f6893
2026-07-14T21:50:23.123Z host=gpu-node-086 service=kubelet level=INFO namespace=training pod=node-exporter-c50087 event=started gpu_util=64
2026-07-14T21:51:49.263Z host=eng-x12 service=gitlab-runner level=INFO user=sre repo=evaluation event=session_close status=success job=42379 trace=7be4e074866e2a
2026-07-14T21:53:18.142Z host=eng-x12 service=sshd level=INFO user=deploybot repo=api-gateway event=build status=success job=41214 trace=68186dbfc1dd20
2026-07-14T21:53:49.981Z host=gpu-node-109 service=containerd level=INFO namespace=inference pod=trainer-a7b4f5 event=probe_ok gpu_util=33
2026-07-14T21:54:28.946Z host=eng-x12 service=sshd level=INFO user=builder repo=evaluation event=build status=success job=46643 trace=39e7ec88540e59
2026-07-14T21:54:56.142Z host=eng-x12 service=auditd level=INFO user=mchen repo=safety-filters event=push status=success job=44622 trace=085366c0157d3c
2026-07-14T21:55:00.239Z host=eng-x12 service=dockerd level=INFO user=deploybot repo=safety-filters event=session_close status=success job=43387 trace=0c57e4b3e457ea
2026-07-14T21:55:53.290Z host=eng-x12 service=gitlab-runner level=INFO user=builder repo=api-gateway event=session_close status=success job=47377 trace=580258fb5ba334
2026-07-14T21:56:37.903Z host=eng-x12 service=gitlab-runner level=INFO user=builder repo=evaluation event=fetch status=success job=48705 trace=13087bc3011c9a
2026-07-14T21:56:43.583Z host=gpu-node-112 service=kubelet level=INFO namespace=monitoring pod=model-eval-fb6d0a event=probe_ok gpu_util=93
2026-07-14T21:57:57.501Z host=eng-x12 service=dockerd level=INFO user=sre repo=evaluation event=push status=success job=48633 trace=f7eb08b7654a2c
2026-07-14T22:01:02.279Z host=gpu-node-086 service=scheduler level=INFO namespace=inference pod=checkpoint-b7f355 event=image_present gpu_util=41
2026-07-14T22:01:35.334Z host=gpu-node-125 service=kubelet level=INFO namespace=monitoring pod=checkpoint-6277c5 event=started gpu_util=90
2026-07-14T22:02:47.037Z host=gpu-node-098 service=containerd level=INFO namespace=training pod=model-eval-62f588 event=started gpu_util=44
2026-07-14T22:04:23.163Z host=eng-x12 service=auditd level=INFO user=mchen repo=evaluation event=checkout status=success job=41583 trace=f722d6f85bdd6d
2026-07-14T22:07:23.695Z host=eng-x12 service=dockerd level=INFO user=deploybot repo=api-gateway event=push status=success job=42794 trace=eeb51d3827e31f
2026-07-14T22:07:36.428Z host=eng-x12 service=sshd level=INFO user=builder repo=model-runtime event=build status=success job=43935 trace=f69d64a0581fa7
2026-07-14T22:08:11.282Z host=gpu-node-100 service=kubelet level=INFO namespace=monitoring pod=node-exporter-51f5cf event=probe_ok gpu_util=71
2026-07-14T22:08:15.791Z host=gpu-node-084 service=containerd level=INFO namespace=inference pod=model-eval-c60204 event=probe_ok gpu_util=70
2026-07-14T22:08:42.307Z host=gpu-node-049 service=containerd level=INFO namespace=training pod=trainer-5d0cca event=image_present gpu_util=9
2026-07-14T22:10:00.864Z host=gpu-node-010 service=nvidia-dcgm level=INFO namespace=monitoring pod=model-eval-50e6f3 event=probe_ok gpu_util=62
2026-07-14T22:10:36.111Z host=eng-x12 service=sshd level=INFO user=sre repo=model-runtime event=fetch status=success job=41776 trace=49e06be9e24c1e
2026-07-14T22:10:45.897Z host=eng-x12 service=auditd level=INFO user=builder repo=safety-filters event=checkout status=success job=43526 trace=0a2a5e5a96bc27
2026-07-14T22:10:59.849Z host=eng-x12 service=dockerd level=INFO user=builder repo=model-runtime event=push status=success job=41458 trace=f60efb487ac56f
2026-07-14T22:12:03.853Z host=gpu-node-028 service=kubelet level=INFO namespace=training pod=checkpoint-22d153 event=probe_ok gpu_util=30
2026-07-14T22:14:06.996Z host=eng-x12 service=gitlab-runner level=INFO user=mchen repo=model-runtime event=session_close status=success job=47850 trace=4a7a7e661c9e92
2026-07-14T22:16:29.442Z host=eng-x12 service=gitlab-runner level=INFO user=deploybot repo=safety-filters event=session_close status=success job=47272 trace=ec1266e4c6bd42
2026-07-14T22:18:48.634Z host=gpu-node-104 service=kubelet level=INFO namespace=inference pod=node-exporter-114d3f event=started gpu_util=92
2026-07-14T22:18:51.280Z host=gpu-node-086 service=nvidia-dcgm level=INFO namespace=monitoring pod=model-eval-93f715 event=started gpu_util=79
2026-07-14T22:18:58.259Z host=eng-x12 service=gitlab-runner level=INFO user=builder repo=model-runtime event=build status=success job=41441 trace=a07ff33ec3c78f
2026-07-14T22:21:16.377Z host=eng-x12 service=dockerd level=INFO user=deploybot repo=evaluation event=fetch status=success job=45367 trace=db8dbabdf8d17a
2026-07-14T22:22:23.863Z host=gpu-node-021 service=nvidia-dcgm level=INFO namespace=training pod=trainer-21b5ef event=completed gpu_util=8
2026-07-14T22:22:33.219Z host=gpu-node-119 service=scheduler level=INFO namespace=monitoring pod=trainer-9406f4 event=image_present gpu_util=80
2026-07-14T22:26:31.619Z host=gpu-node-072 service=kubelet level=INFO namespace=inference pod=trainer-bbf4c7 event=completed gpu_util=7
2026-07-14T22:26:58.370Z host=gpu-node-015 service=nvidia-dcgm level=INFO namespace=training pod=model-eval-ab8bd7 event=probe_ok gpu_util=25
2026-07-14T22:27:04.331Z host=eng-x12 service=gitlab-runner level=INFO user=deploybot repo=infra-charts event=push status=success job=47503 trace=9cc9c7f82fe5c3
2026-07-14T22:29:06.541Z host=eng-x12 service=gitlab-runner level=INFO user=deploybot repo=infra-charts event=session_close status=success job=45095 trace=3eb947ed3ae8d0
2026-07-14T22:29:20.264Z host=gpu-node-120 service=scheduler level=INFO namespace=monitoring pod=checkpoint-8355e2 event=probe_ok gpu_util=90
2026-07-14T22:33:35.434Z host=eng-x12 service=dockerd level=INFO user=mchen repo=infra-charts event=checkout status=success job=47684 trace=c718c64ff78ce8
2026-07-14T22:34:21.580Z host=gpu-node-015 service=scheduler level=INFO namespace=training pod=node-exporter-549f47 event=completed gpu_util=28
2026-07-14T22:36:45.403Z host=eng-x12 service=gitlab-runner level=INFO user=builder repo=api-gateway event=checkout status=success job=45934 trace=d93097d25f66d6
2026-07-14T22:36:57.857Z host=eng-x12 service=gitlab-runner level=INFO user=builder repo=infra-charts event=checkout status=success job=47092 trace=69fff1a3d35908
2026-07-14T22:37:20.849Z host=eng-x12 service=auditd level=INFO user=mchen repo=model-runtime event=fetch status=success job=45897 trace=a0cc12a4f927d9
2026-07-14T22:37:35.285Z host=gpu-node-109 service=kubelet level=INFO namespace=inference pod=trainer-f76a33 event=completed gpu_util=61
2026-07-14T22:38:01.114Z host=gpu-node-049 service=containerd level=INFO namespace=inference pod=checkpoint-cb6638 event=probe_ok gpu_util=47
2026-07-14T22:38:38.689Z host=eng-x12 service=sshd level=INFO user=builder repo=evaluation event=fetch status=success job=44561 trace=3af1be9e9a5fef
2026-07-14T22:39:04.819Z host=gpu-node-044 service=kubelet level=INFO namespace=inference pod=node-exporter-9e8a2c event=started gpu_util=49
2026-07-14T22:40:01.794Z host=eng-x12 service=sshd level=INFO user=sre repo=evaluation event=build status=success job=43581 trace=f307a142c61f82
2026-07-14T22:41:49.697Z host=eng-x12 service=gitlab-runner level=INFO user=mchen repo=evaluation event=checkout status=success job=46851 trace=71734d4c282dec
2026-07-14T22:42:23.374Z host=eng-x12 service=dockerd level=INFO user=mchen repo=evaluation event=push status=success job=45757 trace=8dfa8c6f8222be
2026-07-14T22:42:34.668Z host=gpu-node-035 service=kubelet level=INFO namespace=training pod=node-exporter-11b0de event=completed gpu_util=6
2026-07-14T22:43:02.310Z host=gpu-node-060 service=scheduler level=INFO namespace=training pod=checkpoint-bbf343 event=image_present gpu_util=82
2026-07-14T22:43:23.390Z host=gpu-node-052 service=scheduler level=INFO namespace=training pod=node-exporter-7f29db event=completed gpu_util=71
2026-07-14T22:43:55.821Z host=gpu-node-093 service=containerd level=INFO namespace=monitoring pod=node-exporter-a26b55 event=probe_ok gpu_util=2
2026-07-14T22:44:20.591Z host=eng-x12 service=gitlab-runner level=INFO user=deploybot repo=model-runtime event=push status=success job=48723 trace=9f3c7918d7677b
2026-07-14T22:44:23.641Z host=gpu-node-127 service=scheduler level=INFO namespace=monitoring pod=model-eval-bfcadb event=completed gpu_util=34
2026-07-14T22:47:32.466Z host=gpu-node-106 service=nvidia-dcgm level=INFO namespace=inference pod=model-eval-e6e397 event=probe_ok gpu_util=51
2026-07-14T22:47:39.492Z host=eng-x12 service=sshd level=INFO user=sre repo=evaluation event=session_close status=success job=41743 trace=628ba452e7119d
2026-07-14T22:47:52.219Z host=eng-x12 service=dockerd level=INFO user=deploybot repo=safety-filters event=checkout status=success job=45895 trace=d4108876fae972
2026-07-14T22:48:09.316Z host=gpu-node-074 service=kubelet level=INFO namespace=inference pod=model-eval-e496c0 event=started gpu_util=81
2026-07-14T22:48:33.354Z host=gpu-node-018 service=containerd level=INFO namespace=inference pod=checkpoint-c2e33a event=probe_ok gpu_util=71
2026-07-14T22:48:54.745Z host=gpu-node-004 service=nvidia-dcgm level=INFO namespace=monitoring pod=model-eval-f1a071 event=probe_ok gpu_util=31
2026-07-14T22:49:17.455Z host=eng-x12 service=dockerd level=INFO user=mchen repo=evaluation event=session_close status=success job=48230 trace=02675a01ddf766
2026-07-14T22:49:25.960Z host=eng-x12 service=auditd level=INFO user=deploybot repo=api-gateway event=fetch status=success job=42131 trace=3f33467c5d8202
2026-07-14T22:49:47.715Z host=eng-x12 service=sshd level=INFO user=sre repo=api-gateway event=push status=success job=47399 trace=cda88a6779b571
2026-07-14T22:50:19.677Z host=eng-x12 service=auditd level=INFO user=deploybot repo=safety-filters event=fetch status=success job=45203 trace=2c483f85198338
2026-07-14T22:50:20.959Z host=gpu-node-088 service=kubelet level=INFO namespace=training pod=checkpoint-ba52ac event=completed gpu_util=89
2026-07-14T22:50:51.555Z host=eng-x12 service=auditd level=INFO user=deploybot repo=api-gateway event=fetch status=success job=44230 trace=1d371f9949af2b
2026-07-14T22:50:51.894Z host=gpu-node-079 service=kubelet level=INFO namespace=training pod=trainer-d4c036 event=image_present gpu_util=61
2026-07-14T22:51:28.369Z host=gpu-node-021 service=scheduler level=INFO namespace=monitoring pod=node-exporter-8bebb5 event=probe_ok gpu_util=16
2026-07-14T22:52:53.646Z host=gpu-node-091 service=nvidia-dcgm level=INFO namespace=training pod=node-exporter-1882e4 event=probe_ok gpu_util=42
2026-07-14T22:53:44.002Z host=gpu-node-045 service=nvidia-dcgm level=INFO namespace=inference pod=trainer-1291da event=image_present gpu_util=27
2026-07-14T22:54:04.872Z host=eng-x12 service=sshd level=INFO user=builder repo=safety-filters event=push status=success job=46004 trace=05a35bd9693f9f
2026-07-14T22:55:19.664Z host=eng-x12 service=sshd level=INFO user=builder repo=safety-filters event=build status=success job=41485 trace=eda3bccb9d0473
2026-07-14T22:55:43.045Z host=eng-x12 service=gitlab-runner level=INFO user=builder repo=infra-charts event=push status=success job=46276 trace=04a90e1ac00e59
2026-07-14T22:55:45.361Z host=eng-x12 service=gitlab-runner level=INFO user=builder repo=safety-filters event=session_close status=success job=42578 trace=32b394404a4336
2026-07-14T22:56:22.922Z host=eng-x12 service=dockerd level=INFO user=mchen repo=safety-filters event=push status=success job=42841 trace=988fce40402395
2026-07-14T22:56:57.765Z host=gpu-node-102 service=kubelet level=INFO namespace=training pod=checkpoint-bd58ef event=completed gpu_util=6
2026-07-14T22:57:00.370Z host=eng-x12 service=sshd level=INFO user=sre repo=evaluation event=build status=success job=47143 trace=4d3a03b2ea4ce6
2026-07-14T22:58:15.881Z host=eng-x12 service=gitlab-runner level=INFO user=mchen repo=infra-charts event=fetch status=success job=43987 trace=0759fa8aede53b
2026-07-14T22:58:16.509Z host=eng-x12 service=gitlab-runner level=INFO user=deploybot repo=evaluation event=session_close status=success job=45764 trace=183ae7d298caef
2026-07-14T22:58:28.557Z host=eng-x12 service=sshd level=INFO user=deploybot repo=model-runtime event=session_close status=success job=46583 trace=c4a194a295e29e
2026-07-14T23:00:02.047Z host=gpu-node-082 service=kubelet level=INFO namespace=monitoring pod=checkpoint-547573 event=image_present gpu_util=57
2026-07-14T23:00:18.191Z host=eng-x12 service=auditd level=INFO user=deploybot repo=infra-charts event=checkout status=success job=43659 trace=91b3b911bbb6d9
2026-07-14T23:00:32.208Z host=eng-x12 service=gitlab-runner level=INFO user=sre repo=infra-charts event=checkout status=success job=41387 trace=9f5a382c950aff
2026-07-14T23:06:33.214Z host=eng-x12 service=dockerd level=INFO user=sre repo=model-runtime event=push status=success job=42214 trace=5605446d0a89df
2026-07-14T23:07:11.204Z host=gpu-node-049 service=kubelet level=INFO namespace=monitoring pod=checkpoint-1f6f57 event=started gpu_util=83
2026-07-14T23:07:17.085Z host=gpu-node-072 service=containerd level=INFO namespace=training pod=model-eval-2c0c6b event=started gpu_util=36
2026-07-14T23:09:09.581Z host=gpu-node-116 service=scheduler level=INFO namespace=monitoring pod=trainer-f882aa event=probe_ok gpu_util=45
2026-07-14T23:09:24.231Z host=gpu-node-051 service=kubelet level=INFO namespace=training pod=node-exporter-b55740 event=image_present gpu_util=59
2026-07-14T23:11:40.877Z host=eng-x12 service=gitlab-runner level=INFO user=deploybot repo=infra-charts event=push status=success job=43411 trace=c67ec14b48460a
2026-07-14T23:12:07.805Z host=gpu-node-110 service=containerd level=INFO namespace=training pod=model-eval-35ddd4 event=completed gpu_util=22
2026-07-14T23:12:38.397Z host=eng-x12 service=dockerd level=INFO user=sre repo=model-runtime event=build status=success job=42557 trace=3161bbc618a027
2026-07-14T23:13:09.073Z host=gpu-node-128 service=nvidia-dcgm level=INFO namespace=monitoring pod=trainer-f028dc event=completed gpu_util=62
2026-07-14T23:13:18.104Z host=gpu-node-125 service=kubelet level=INFO namespace=monitoring pod=model-eval-592fb5 event=image_present gpu_util=2
2026-07-14T23:14:51.094Z host=gpu-node-067 service=nvidia-dcgm level=INFO namespace=monitoring pod=model-eval-ec870f event=probe_ok gpu_util=60
2026-07-14T23:15:45.320Z host=gpu-node-072 service=scheduler level=INFO namespace=inference pod=model-eval-2a602b event=started gpu_util=80
2026-07-14T23:16:50.763Z host=eng-x12 service=auditd level=INFO user=sre repo=infra-charts event=session_close status=success job=44142 trace=ef305bb2e6061f
2026-07-14T23:18:33.623Z host=eng-x12 service=auditd level=INFO user=mchen repo=api-gateway event=build status=success job=44664 trace=bf1a0eb4c588de
2026-07-14T23:21:00.180Z host=gpu-node-052 service=kubelet level=INFO namespace=training pod=trainer-50e39c event=completed gpu_util=49
2026-07-14T23:21:22.866Z host=eng-x12 service=gitlab-runner level=INFO user=builder repo=safety-filters event=fetch status=success job=41171 trace=88d97eda55e4bc
2026-07-14T23:22:18.234Z host=gpu-node-065 service=scheduler level=INFO namespace=inference pod=model-eval-fc4f57 event=started gpu_util=56
2026-07-14T23:22:58.655Z host=gpu-node-018 service=scheduler level=INFO namespace=inference pod=node-exporter-401a17 event=completed gpu_util=95
2026-07-14T23:23:38.822Z host=eng-x12 service=auditd level=INFO user=sre repo=api-gateway event=session_close status=success job=47293 trace=eafd79f76ccfb5
2026-07-14T23:25:46.120Z host=gpu-node-066 service=kubelet level=INFO namespace=training pod=checkpoint-2f7885 event=image_present gpu_util=98
2026-07-14T23:26:17.230Z host=gpu-node-020 service=containerd level=INFO namespace=inference pod=trainer-7d0bee event=probe_ok gpu_util=24
2026-07-14T23:29:11.697Z host=eng-x12 service=dockerd level=INFO user=deploybot repo=evaluation event=session_close status=success job=44598 trace=12287d85973968
2026-07-14T23:30:45.788Z host=gpu-node-116 service=nvidia-dcgm level=INFO namespace=monitoring pod=checkpoint-0df278 event=probe_ok gpu_util=46
2026-07-14T23:32:42.960Z host=gpu-node-019 service=scheduler level=INFO namespace=training pod=trainer-dd75da event=started gpu_util=47
2026-07-14T23:34:04.011Z host=gpu-node-122 service=scheduler level=INFO namespace=monitoring pod=checkpoint-182f3d event=completed gpu_util=26
2026-07-14T23:34:32.110Z host=gpu-node-018 service=kubelet level=INFO namespace=training pod=checkpoint-835180 event=image_present gpu_util=59
2026-07-14T23:34:38.042Z host=eng-x12 service=dockerd level=INFO user=mchen repo=model-runtime event=fetch status=success job=47383 trace=123b5baa903f0e
2026-07-14T23:35:55.862Z host=eng-x12 service=dockerd level=INFO user=deploybot repo=api-gateway event=checkout status=success job=42069 trace=4768a43d2e70b3
2026-07-14T23:36:25.845Z host=gpu-node-040 service=containerd level=INFO namespace=inference pod=trainer-c04f60 event=started gpu_util=0
2026-07-14T23:36:47.432Z host=eng-x12 service=auditd level=INFO user=deploybot repo=api-gateway event=fetch status=success job=48281 trace=8a3eb1c9a94928
2026-07-14T23:36:54.165Z host=gpu-node-118 service=kubelet level=INFO namespace=training pod=trainer-7da2d3 event=completed gpu_util=46
2026-07-14T23:37:06.262Z host=eng-x12 service=sshd level=INFO user=mchen repo=infra-charts event=session_close status=success job=41516 trace=f5df805be306cf
2026-07-14T23:37:35.616Z host=eng-x12 service=dockerd level=INFO user=mchen repo=api-gateway event=push status=success job=46467 trace=02dfaccef55988
2026-07-14T23:39:48.981Z host=gpu-node-101 service=containerd level=INFO namespace=training pod=checkpoint-a80724 event=image_present gpu_util=94
2026-07-14T23:41:44.182Z host=eng-x12 service=auditd level=INFO user=deploybot repo=infra-charts event=push status=success job=48352 trace=827457a89eb03c
2026-07-14T23:43:45.149Z host=gpu-node-104 service=nvidia-dcgm level=INFO namespace=inference pod=checkpoint-673959 event=image_present gpu_util=39
2026-07-14T23:45:34.237Z host=eng-x12 service=gitlab-runner level=INFO user=deploybot repo=safety-filters event=fetch status=success job=46937 trace=fc1ea49b223f9d
2026-07-14T23:45:50.083Z host=eng-x12 service=gitlab-runner level=INFO user=builder repo=model-runtime event=session_close status=success job=45083 trace=c45c746e178d94
2026-07-14T23:46:34.417Z host=gpu-node-097 service=containerd level=INFO namespace=inference pod=model-eval-3497fa event=started gpu_util=22
2026-07-14T23:47:26.270Z host=gpu-node-019 service=kubelet level=INFO namespace=training pod=trainer-a16b5c event=started gpu_util=20
2026-07-14T23:47:38.235Z host=eng-x12 service=auditd level=INFO user=mchen repo=api-gateway event=session_close status=success job=44703 trace=09b2f82aac15ac
2026-07-14T23:49:39.071Z host=eng-x12 service=dockerd level=INFO user=builder repo=api-gateway event=fetch status=success job=45392 trace=dbca41c18c411a
2026-07-14T23:49:59.311Z host=gpu-node-027 service=nvidia-dcgm level=INFO namespace=inference pod=trainer-4e7c43 event=completed gpu_util=68
2026-07-14T23:52:15.430Z host=gpu-node-115 service=kubelet level=INFO namespace=monitoring pod=trainer-ed23e7 event=completed gpu_util=1
2026-07-14T23:52:24.040Z host=eng-x12 service=dockerd level=INFO user=sre repo=evaluation event=fetch status=success job=45714 trace=ffb5c2b7041910
2026-07-14T23:52:50.685Z host=eng-x12 service=auditd level=INFO user=builder repo=model-runtime event=session_close status=success job=46019 trace=3ce5c4832dcf32
2026-07-14T23:54:26.191Z host=gpu-node-062 service=nvidia-dcgm level=INFO namespace=inference pod=trainer-67a23c event=started gpu_util=74
2026-07-14T23:55:07.993Z host=eng-x12 service=gitlab-runner level=INFO user=deploybot repo=infra-charts event=fetch status=success job=48749 trace=07841fb3c3aef7
2026-07-14T23:55:43.747Z host=gpu-node-048 service=kubelet level=INFO namespace=training pod=node-exporter-352dd4 event=completed gpu_util=45
2026-07-14T23:56:43.472Z host=eng-x12 service=gitlab-runner level=INFO user=mchen repo=api-gateway event=checkout status=success job=41296 trace=d037172bb35be5
2026-07-14T23:57:11.197Z host=gpu-node-022 service=nvidia-dcgm level=INFO namespace=monitoring pod=trainer-3e9ba8 event=started gpu_util=11
2026-07-14T23:57:22.489Z host=gpu-node-020 service=nvidia-dcgm level=INFO namespace=monitoring pod=node-exporter-9868c6 event=image_present gpu_util=39
2026-07-15T00:03:54.088Z host=eng-x12 service=dockerd level=INFO user=mchen repo=evaluation event=fetch status=success job=44896 trace=d7e97b6ef2c4e8
2026-07-15T00:04:12.992Z host=eng-x12 service=sshd level=INFO user=deploybot repo=api-gateway event=checkout status=success job=44539 trace=fc2ba868211c07
2026-07-15T00:05:10.753Z host=gpu-node-041 service=containerd level=INFO namespace=monitoring pod=checkpoint-fa24c8 event=image_present gpu_util=40
2026-07-15T00:05:17.926Z host=gpu-node-068 service=kubelet level=INFO namespace=monitoring pod=model-eval-0718df event=completed gpu_util=16
2026-07-15T00:05:52.345Z host=eng-x12 service=sshd level=INFO user=mchen repo=infra-charts event=session_close status=success job=46156 trace=be83de82e2a7a3
2026-07-15T00:06:32.625Z host=eng-x12 service=gitlab-runner level=INFO user=builder repo=safety-filters event=checkout status=success job=45701 trace=11a9ca1e93f768
2026-07-15T00:08:09.774Z host=gpu-node-024 service=containerd level=INFO namespace=monitoring pod=trainer-f6daee event=image_present gpu_util=21
2026-07-15T00:12:29.519Z host=eng-x12 service=dockerd level=INFO user=deploybot repo=evaluation event=build status=success job=45463 trace=9b22ed2e35473d
2026-07-15T00:12:35.213Z host=eng-x12 service=auditd level=INFO user=sre repo=infra-charts event=checkout status=success job=48988 trace=88b8020336eb2d
2026-07-15T00:13:08.755Z host=eng-x12 service=auditd level=INFO user=mchen repo=infra-charts event=fetch status=success job=42452 trace=5d8d88a6831b8a
2026-07-15T00:13:25.120Z host=eng-x12 service=dockerd level=INFO user=builder repo=evaluation event=checkout status=success job=46945 trace=f5bc07250389f0
2026-07-15T00:13:40.927Z host=eng-x12 service=sshd level=INFO user=sre repo=api-gateway event=build status=success job=46760 trace=979c895e7c7967
2026-07-15T00:16:03.870Z host=gpu-node-043 service=nvidia-dcgm level=INFO namespace=inference pod=checkpoint-bfd6fd event=probe_ok gpu_util=53
2026-07-15T00:16:39.608Z host=gpu-node-111 service=nvidia-dcgm level=INFO namespace=monitoring pod=trainer-e59b6a event=probe_ok gpu_util=86
2026-07-15T00:19:24.548Z host=gpu-node-121 service=nvidia-dcgm level=INFO namespace=inference pod=node-exporter-98d239 event=completed gpu_util=76
2026-07-15T00:20:18.562Z host=gpu-node-036 service=scheduler level=INFO namespace=inference pod=node-exporter-6275a0 event=started gpu_util=13
2026-07-15T00:21:55.211Z host=gpu-node-073 service=nvidia-dcgm level=INFO namespace=inference pod=trainer-c2496a event=image_present gpu_util=93
2026-07-15T00:22:04.685Z host=gpu-node-019 service=scheduler level=INFO namespace=training pod=node-exporter-d4b15a event=image_present gpu_util=15
2026-07-15T00:22:49.901Z host=gpu-node-047 service=containerd level=INFO namespace=inference pod=trainer-8b901a event=image_present gpu_util=57
2026-07-15T00:23:55.190Z host=eng-x12 service=dockerd level=INFO user=sre repo=infra-charts event=session_close status=success job=47491 trace=72927f66e0ae56
2026-07-15T00:24:31.149Z host=gpu-node-096 service=scheduler level=INFO namespace=training pod=trainer-e35cce event=probe_ok gpu_util=76
2026-07-15T00:24:43.506Z host=gpu-node-071 service=kubelet level=INFO namespace=inference pod=node-exporter-f4deb1 event=probe_ok gpu_util=68
2026-07-15T00:26:08.323Z host=gpu-node-024 service=scheduler level=INFO namespace=training pod=model-eval-a3ebb6 event=probe_ok gpu_util=64
2026-07-15T00:26:57.456Z host=gpu-node-039 service=kubelet level=INFO namespace=inference pod=node-exporter-6b6324 event=image_present gpu_util=30
2026-07-15T00:28:29.979Z host=gpu-node-065 service=containerd level=INFO namespace=training pod=trainer-de214e event=completed gpu_util=22
2026-07-15T00:28:44.187Z host=eng-x12 service=sshd level=INFO user=mchen repo=infra-charts event=build status=success job=47082 trace=dfcb723fb8d2a5
2026-07-15T00:31:36.535Z host=gpu-node-096 service=containerd level=INFO namespace=inference pod=node-exporter-95920d event=completed gpu_util=65
2026-07-15T00:32:54.451Z host=eng-x12 service=auditd level=INFO user=mchen repo=model-runtime event=fetch status=success job=41556 trace=3a90542aa5f37a
2026-07-15T00:34:25.975Z host=eng-x12 service=sshd level=INFO user=sre repo=infra-charts event=session_close status=success job=42210 trace=2287b5dac13733
2026-07-15T00:35:17.779Z host=gpu-node-124 service=containerd level=INFO namespace=training pod=node-exporter-7560d0 event=completed gpu_util=29
2026-07-15T00:36:47.814Z host=eng-x12 service=gitlab-runner level=INFO user=deploybot repo=model-runtime event=build status=success job=47091 trace=7e0d63f41ed526
2026-07-15T00:38:10.631Z host=gpu-node-076 service=scheduler level=INFO namespace=monitoring pod=node-exporter-49b8ba event=completed gpu_util=6
2026-07-15T00:40:02.441Z host=gpu-node-090 service=containerd level=INFO namespace=training pod=checkpoint-efe0dc event=probe_ok gpu_util=78
2026-07-15T00:44:17.742Z host=eng-x12 service=gitlab-runner level=INFO user=mchen repo=api-gateway event=checkout status=success job=47604 trace=9fa784292e5cac
2026-07-15T00:44:55.502Z host=eng-x12 service=gitlab-runner level=INFO user=mchen repo=api-gateway event=session_close status=success job=42535 trace=a300615daf2703
2026-07-15T00:46:07.842Z host=eng-x12 service=auditd level=INFO user=builder repo=api-gateway event=push status=success job=42607 trace=e6749bcd00789f
2026-07-15T00:47:59.788Z host=gpu-node-108 service=nvidia-dcgm level=INFO namespace=inference pod=node-exporter-7d34a2 event=started gpu_util=98
2026-07-15T00:48:58.318Z host=gpu-node-073 service=scheduler level=INFO namespace=training pod=checkpoint-3e2235 event=started gpu_util=91
2026-07-15T00:50:51.121Z host=gpu-node-042 service=containerd level=INFO namespace=inference pod=model-eval-5328a5 event=image_present gpu_util=85
2026-07-15T00:51:44.581Z host=eng-x12 service=gitlab-runner level=INFO user=deploybot repo=evaluation event=checkout status=success job=42566 trace=7f6945c0fa61b6
2026-07-15T00:51:53.037Z host=gpu-node-010 service=nvidia-dcgm level=INFO namespace=training pod=checkpoint-944726 event=image_present gpu_util=81
2026-07-15T00:52:53.217Z host=gpu-node-095 service=nvidia-dcgm level=INFO namespace=training pod=checkpoint-e3bf17 event=started gpu_util=27
2026-07-15T00:54:22.909Z host=eng-x12 service=auditd level=INFO user=sre repo=infra-charts event=checkout status=success job=47113 trace=97a3de2b17bd4f
2026-07-15T00:56:24.956Z host=eng-x12 service=auditd level=INFO user=mchen repo=model-runtime event=build status=success job=48333 trace=f1845a6df06c4e
2026-07-15T00:56:53.253Z host=gpu-node-062 service=containerd level=INFO namespace=monitoring pod=node-exporter-ec0f75 event=image_present gpu_util=20
2026-07-15T00:56:59.359Z host=gpu-node-073 service=containerd level=INFO namespace=inference pod=node-exporter-8d1c01 event=completed gpu_util=72
2026-07-15T00:57:20.834Z host=eng-x12 service=dockerd level=INFO user=mchen repo=api-gateway event=checkout status=success job=43626 trace=9f0878d6647ecc
2026-07-15T00:58:01.390Z host=eng-x12 service=sshd level=INFO user=sre repo=api-gateway event=session_close status=success job=46251 trace=5d39e4de93b279
2026-07-15T00:58:25.769Z host=eng-x12 service=gitlab-runner level=INFO user=builder repo=evaluation event=checkout status=success job=42193 trace=00e7ff7e1f5ebe
2026-07-15T00:59:05.280Z host=eng-x12 service=dockerd level=INFO user=builder repo=api-gateway event=push status=success job=48613 trace=6ad7020a114ef2
2026-07-15T01:00:48.517Z host=gpu-node-062 service=kubelet level=INFO namespace=monitoring pod=model-eval-6f89ae event=started gpu_util=35
2026-07-15T01:00:50.359Z host=gpu-node-092 service=nvidia-dcgm level=INFO namespace=monitoring pod=checkpoint-e57e0a event=started gpu_util=67
2026-07-15T01:03:54.287Z host=gpu-node-060 service=nvidia-dcgm level=INFO namespace=inference pod=node-exporter-e52dac event=started gpu_util=59
2026-07-15T01:05:37.552Z host=eng-x12 service=auditd level=INFO user=builder repo=model-runtime event=push status=success job=42200 trace=01336cd2c36341
2026-07-15T01:07:57.416Z host=eng-x12 service=dockerd level=INFO user=deploybot repo=evaluation event=session_close status=success job=47043 trace=3241706bc2823e
2026-07-15T01:09:20.717Z host=gpu-node-111 service=scheduler level=INFO namespace=training pod=node-exporter-8b0127 event=image_present gpu_util=51
2026-07-15T01:11:06.881Z host=eng-x12 service=sshd level=INFO user=deploybot repo=evaluation event=build status=success job=45046 trace=bb48b9552bba53
2026-07-15T01:11:28.950Z host=gpu-node-120 service=nvidia-dcgm level=INFO namespace=monitoring pod=trainer-5cb7f2 event=started gpu_util=11
2026-07-15T01:11:32.857Z host=gpu-node-081 service=nvidia-dcgm level=INFO namespace=inference pod=checkpoint-83d7c7 event=probe_ok gpu_util=17
2026-07-15T01:12:48.047Z host=eng-x12 service=dockerd level=INFO user=builder repo=model-runtime event=build status=success job=45809 trace=3a7b54fd66916f
2026-07-15T01:12:51.677Z host=eng-x12 service=auditd level=INFO user=sre repo=api-gateway event=push status=success job=42081 trace=b24187ae454f54
2026-07-15T01:12:55.654Z host=gpu-node-072 service=containerd level=INFO namespace=training pod=model-eval-59c451 event=probe_ok gpu_util=50
2026-07-15T01:13:52.793Z host=eng-x12 service=sshd level=INFO user=builder repo=infra-charts event=fetch status=success job=46108 trace=557ad5b2aadd20
2026-07-15T01:14:50.747Z host=gpu-node-005 service=kubelet level=INFO namespace=inference pod=checkpoint-142264 event=probe_ok gpu_util=16
2026-07-15T01:15:44.944Z host=gpu-node-086 service=containerd level=INFO namespace=training pod=trainer-60ab97 event=completed gpu_util=38
2026-07-15T01:16:17.978Z host=gpu-node-096 service=nvidia-dcgm level=INFO namespace=monitoring pod=trainer-274b0f event=started gpu_util=80
2026-07-15T01:19:03.202Z host=eng-x12 service=auditd level=INFO user=builder repo=api-gateway event=build status=success job=42556 trace=9a11b6b57888df
2026-07-15T01:19:23.581Z host=eng-x12 service=gitlab-runner level=INFO user=sre repo=safety-filters event=checkout status=success job=48294 trace=7ad4c0d300dfe1
2026-07-15T01:21:03.903Z host=gpu-node-121 service=nvidia-dcgm level=INFO namespace=inference pod=node-exporter-d8906f event=probe_ok gpu_util=1
2026-07-15T01:22:21.195Z host=gpu-node-056 service=containerd level=INFO namespace=training pod=model-eval-25374d event=started gpu_util=37
2026-07-15T01:22:39.645Z host=gpu-node-024 service=kubelet level=INFO namespace=training pod=model-eval-ec39be event=probe_ok gpu_util=24
2026-07-15T01:22:52.964Z host=eng-x12 service=dockerd level=INFO user=deploybot repo=model-runtime event=session_close status=success job=44493 trace=5afba14e9f8fe3
2026-07-15T01:23:28.184Z host=gpu-node-075 service=scheduler level=INFO namespace=monitoring pod=model-eval-21a243 event=probe_ok gpu_util=85
2026-07-15T01:24:02.111Z host=eng-x12 service=dockerd level=INFO user=sre repo=model-runtime event=session_close status=success job=41462 trace=487a0ff325192a
2026-07-15T01:24:44.113Z host=gpu-node-069 service=nvidia-dcgm level=INFO namespace=inference pod=trainer-ce9f4b event=probe_ok gpu_util=68
2026-07-15T01:26:47.585Z host=gpu-node-080 service=kubelet level=INFO namespace=monitoring pod=node-exporter-c427b7 event=probe_ok gpu_util=2
2026-07-15T01:27:22.882Z host=eng-x12 service=dockerd level=INFO user=deploybot repo=evaluation event=fetch status=success job=44810 trace=7cb1ebb91ffee1
2026-07-15T01:27:26.679Z host=eng-x12 service=gitlab-runner level=INFO user=deploybot repo=model-runtime event=fetch status=success job=46223 trace=ffb2db5383b1a0
2026-07-15T01:28:35.245Z host=gpu-node-007 service=containerd level=INFO namespace=inference pod=checkpoint-1b8492 event=completed gpu_util=11
2026-07-15T01:28:50.185Z host=eng-x12 service=auditd level=INFO user=builder repo=api-gateway event=build status=success job=43176 trace=116e988e8747cc
2026-07-15T01:29:55.215Z host=eng-x12 service=dockerd level=INFO user=builder repo=model-runtime event=build status=success job=41985 trace=d05b3bbf1169a9
2026-07-15T01:30:16.666Z host=eng-x12 service=auditd level=INFO user=builder repo=infra-charts event=checkout status=success job=42375 trace=d197ff9f4f19f1
2026-07-15T01:31:23.928Z host=gpu-node-119 service=nvidia-dcgm level=INFO namespace=inference pod=node-exporter-beabdd event=completed gpu_util=85
2026-07-15T01:31:48.790Z host=eng-x12 service=gitlab-runner level=INFO user=builder repo=evaluation event=fetch status=success job=48326 trace=325a5eb8aa8826
2026-07-15T01:33:36.622Z host=eng-x12 service=auditd level=INFO user=deploybot repo=safety-filters event=checkout status=success job=43090 trace=390b1635207490
2026-07-15T01:34:05.989Z host=gpu-node-122 service=nvidia-dcgm level=INFO namespace=inference pod=model-eval-f8fb95 event=started gpu_util=63
2026-07-15T01:34:44.052Z host=gpu-node-105 service=scheduler level=INFO namespace=inference pod=checkpoint-b6cf25 event=probe_ok gpu_util=98
2026-07-15T01:35:02.020Z host=gpu-node-103 service=containerd level=INFO namespace=training pod=node-exporter-c41149 event=probe_ok gpu_util=33
2026-07-15T01:35:32.815Z host=gpu-node-024 service=scheduler level=INFO namespace=monitoring pod=checkpoint-520934 event=started gpu_util=100
2026-07-15T01:36:51.118Z host=gpu-node-094 service=containerd level=INFO namespace=monitoring pod=node-exporter-7b9b70 event=probe_ok gpu_util=30
2026-07-15T01:36:53.142Z host=gpu-node-073 service=nvidia-dcgm level=INFO namespace=inference pod=trainer-d03d01 event=completed gpu_util=0
2026-07-15T01:37:13.200Z host=gpu-node-053 service=containerd level=INFO namespace=training pod=node-exporter-f1451d event=started gpu_util=75
2026-07-15T01:37:51.406Z host=gpu-node-053 service=kubelet level=INFO namespace=training pod=model-eval-4ac7cf event=probe_ok gpu_util=73
2026-07-15T01:39:36.943Z host=eng-x12 service=sshd level=INFO user=builder repo=safety-filters event=build status=success job=46514 trace=08dc1ecef14b1f
2026-07-15T01:40:13.790Z host=eng-x12 service=auditd level=INFO user=builder repo=safety-filters event=fetch status=success job=43665 trace=3438bd638fdb49
2026-07-15T01:41:16.890Z host=gpu-node-115 service=nvidia-dcgm level=INFO namespace=inference pod=model-eval-25922f event=image_present gpu_util=57
2026-07-15T01:42:57.065Z host=eng-x12 service=auditd level=INFO user=sre repo=evaluation event=fetch status=success job=45178 trace=d4c5cab479dbdc
2026-07-15T01:45:16.505Z host=gpu-node-078 service=kubelet level=INFO namespace=monitoring pod=model-eval-6b4dd9 event=image_present gpu_util=3
2026-07-15T01:45:16.961Z host=eng-x12 service=auditd level=INFO user=mchen repo=safety-filters event=fetch status=success job=43394 trace=4eeb2bf5695820
2026-07-15T01:47:33.306Z host=gpu-node-096 service=kubelet level=INFO namespace=training pod=model-eval-709eaf event=started gpu_util=35
2026-07-15T01:48:33.517Z host=gpu-node-033 service=nvidia-dcgm level=INFO namespace=training pod=checkpoint-919ce3 event=probe_ok gpu_util=87
2026-07-15T01:53:10.559Z host=eng-x12 service=sshd level=INFO user=builder repo=safety-filters event=session_close status=success job=43479 trace=204e9a82e32443
2026-07-15T01:53:22.311Z host=gpu-node-123 service=containerd level=INFO namespace=training pod=node-exporter-52d922 event=probe_ok gpu_util=86
2026-07-15T01:54:24.927Z host=eng-x12 service=auditd level=INFO user=builder repo=api-gateway event=push status=success job=47542 trace=fcb4a4a99d18cd
2026-07-15T01:56:06.167Z host=gpu-node-021 service=nvidia-dcgm level=INFO namespace=monitoring pod=trainer-4323bd event=started gpu_util=34
2026-07-15T01:59:21.170Z host=gpu-node-047 service=kubelet level=INFO namespace=monitoring pod=node-exporter-246e79 event=completed gpu_util=80
2026-07-15T01:59:30.134Z host=eng-x12 service=dockerd level=INFO user=mchen repo=evaluation event=push status=success job=44976 trace=c19dfdd965bf18
2026-07-15T02:01:54.815Z host=eng-x12 service=sshd level=INFO user=deploybot repo=safety-filters event=push status=success job=43890 trace=b6dfb2b5431f88
2026-07-15T02:02:25.444Z host=gpu-node-093 service=nvidia-dcgm level=INFO namespace=inference pod=trainer-4d23ad event=started gpu_util=42
2026-07-15T02:03:10.588Z host=gpu-node-112 service=scheduler level=INFO namespace=monitoring pod=model-eval-1b937d event=image_present gpu_util=59
2026-07-15T02:04:40.291Z host=eng-x12 service=gitlab-runner level=INFO user=builder repo=safety-filters event=checkout status=success job=46189 trace=5bfcf2a6106d74
2026-07-15T02:04:56.685Z host=eng-x12 service=dockerd level=INFO user=deploybot repo=evaluation event=build status=success job=47460 trace=8afa32c61da370
2026-07-15T02:05:05.678Z host=gpu-node-071 service=containerd level=INFO namespace=inference pod=trainer-5658be event=completed gpu_util=23
2026-07-15T02:07:29.593Z host=gpu-node-050 service=scheduler level=INFO namespace=inference pod=model-eval-a63724 event=started gpu_util=54
2026-07-15T02:07:56.755Z host=gpu-node-040 service=scheduler level=INFO namespace=training pod=trainer-e55723 event=started gpu_util=2
2026-07-15T02:11:41.029Z host=eng-x12 service=gitlab-runner level=INFO user=mchen repo=safety-filters event=build status=success job=41292 trace=0e1780014e7001
2026-07-15T02:11:49.271Z host=eng-x12 service=auditd level=INFO user=deploybot repo=infra-charts event=build status=success job=48346 trace=abd859f73fa62d
2026-07-15T02:12:05.965Z host=gpu-node-062 service=scheduler level=INFO namespace=monitoring pod=node-exporter-e388bc event=started gpu_util=14
2026-07-15T02:12:12.553Z host=eng-x12 service=dockerd level=INFO user=deploybot repo=evaluation event=build status=success job=42900 trace=8b1bc79c22821c
2026-07-15T02:16:06.989Z host=gpu-node-018 service=scheduler level=INFO namespace=monitoring pod=node-exporter-1f20c3 event=probe_ok gpu_util=86
2026-07-15T02:16:44.039Z host=eng-x12 service=sshd level=INFO user=builder repo=evaluation event=push status=success job=46330 trace=d9ae70678c1db0
2026-07-15T02:16:57.549Z host=eng-x12 service=sshd level=INFO user=sre repo=evaluation event=checkout status=success job=48655 trace=e8d14dc96f7380
2026-07-15T02:17:56.237Z host=gpu-node-061 service=kubelet level=INFO namespace=training pod=trainer-f06089 event=completed gpu_util=40
2026-07-15T02:18:33.835Z host=eng-x12 service=sshd level=INFO user=deploybot repo=infra-charts event=push status=success job=43903 trace=711f811d91a34e
2026-07-15T02:19:27.259Z host=gpu-node-110 service=scheduler level=INFO namespace=training pod=checkpoint-0c2e9f event=completed gpu_util=99
2026-07-15T02:19:36.144Z host=eng-x12 service=sshd level=INFO user=deploybot repo=evaluation event=build status=success job=48674 trace=d4a71855dd02e4
2026-07-15T02:20:30.780Z host=eng-x12 service=dockerd level=INFO user=builder repo=safety-filters event=session_close status=success job=44736 trace=fd14ed4702016c
2026-07-15T02:21:07.733Z host=gpu-node-101 service=nvidia-dcgm level=INFO namespace=inference pod=node-exporter-9b6b92 event=started gpu_util=80
2026-07-15T02:22:17.973Z host=gpu-node-026 service=containerd level=INFO namespace=monitoring pod=checkpoint-8b9a8d event=started gpu_util=76
2026-07-15T02:23:20.206Z host=gpu-node-036 service=nvidia-dcgm level=INFO namespace=monitoring pod=trainer-ac648e event=completed gpu_util=51
2026-07-15T02:23:42.072Z host=eng-x12 service=auditd level=INFO user=sre repo=safety-filters event=build status=success job=47480 trace=67a88a64e1f5af
2026-07-15T02:25:23.142Z host=gpu-node-006 service=scheduler level=INFO namespace=training pod=node-exporter-f74695 event=probe_ok gpu_util=86
2026-07-15T02:26:26.463Z host=eng-x12 service=sshd level=INFO user=sre repo=safety-filters event=fetch status=success job=44559 trace=bf2665be780c32
2026-07-15T02:27:11.186Z host=gpu-node-104 service=nvidia-dcgm level=INFO namespace=inference pod=node-exporter-6a7441 event=started gpu_util=29
2026-07-15T02:29:06.471Z host=eng-x12 service=dockerd level=INFO user=deploybot repo=infra-charts event=fetch status=success job=45171 trace=c6ecb3a90adc83
2026-07-15T02:29:44.800Z host=eng-x12 service=gitlab-runner level=INFO user=deploybot repo=evaluation event=checkout status=success job=47531 trace=38dd704d63c08f
2026-07-15T02:32:04.911Z host=eng-x12 service=dockerd level=INFO user=sre repo=api-gateway event=build status=success job=48475 trace=a9bb8640ddb2ee
2026-07-15T02:32:43.704Z host=gpu-node-058 service=kubelet level=INFO namespace=training pod=node-exporter-304846 event=completed gpu_util=28
2026-07-15T02:32:58.425Z host=eng-x12 service=dockerd level=INFO user=sre repo=evaluation event=fetch status=success job=41772 trace=ce07031e33687f
2026-07-15T02:33:53.034Z host=eng-x12 service=auditd level=INFO user=mchen repo=model-runtime event=push status=success job=45318 trace=b43cea4accd2a7
2026-07-15T02:33:58.925Z host=gpu-node-035 service=containerd level=INFO namespace=training pod=trainer-024798 event=started gpu_util=94
2026-07-15T02:34:01.637Z host=gpu-node-088 service=containerd level=INFO namespace=monitoring pod=trainer-d89229 event=started gpu_util=53
2026-07-15T02:34:06.390Z host=gpu-node-092 service=containerd level=INFO namespace=inference pod=model-eval-6cd3f7 event=completed gpu_util=22
2026-07-15T02:34:44.901Z host=gpu-node-037 service=kubelet level=INFO namespace=inference pod=trainer-a8a37f event=started gpu_util=89
2026-07-15T02:34:54.016Z host=gpu-node-071 service=kubelet level=INFO namespace=monitoring pod=trainer-365a36 event=started gpu_util=22
2026-07-15T02:35:19.898Z host=gpu-node-124 service=kubelet level=INFO namespace=inference pod=model-eval-701b49 event=probe_ok gpu_util=32
2026-07-15T02:35:37.089Z host=eng-x12 service=sshd level=INFO user=mchen repo=infra-charts event=session_close status=success job=41998 trace=c62298f8445b55
2026-07-15T02:37:14.194Z host=gpu-node-085 service=kubelet level=INFO namespace=inference pod=trainer-b8ae3f event=started gpu_util=31
2026-07-15T02:39:08.835Z host=eng-x12 service=gitlab-runner level=INFO user=mchen repo=infra-charts event=build status=success job=44463 trace=86550167830463
2026-07-15T02:40:39.886Z host=gpu-node-109 service=kubelet level=INFO namespace=inference pod=model-eval-65ea3f event=probe_ok gpu_util=24
2026-07-15T02:41:33.809Z host=eng-x12 service=sshd level=INFO user=builder repo=infra-charts event=push status=success job=46389 trace=91b14dfb90eba1
2026-07-15T02:43:01.965Z host=gpu-node-113 service=scheduler level=INFO namespace=monitoring pod=checkpoint-1683dd event=completed gpu_util=29
2026-07-15T02:44:52.169Z host=eng-x12 service=auditd level=INFO user=builder repo=api-gateway event=checkout status=success job=42785 trace=261ac7afdae02c
2026-07-15T02:45:25.397Z host=eng-x12 service=auditd level=INFO user=sre repo=api-gateway event=build status=success job=41542 trace=5f3c73789a49af
2026-07-15T02:45:30.653Z host=eng-x12 service=gitlab-runner level=INFO user=deploybot repo=infra-charts event=fetch status=success job=41451 trace=4ccbce9847cad5
2026-07-15T02:45:37.342Z host=gpu-node-006 service=kubelet level=INFO namespace=training pod=trainer-a385cb event=image_present gpu_util=43
2026-07-15T02:47:12.537Z host=gpu-node-022 service=nvidia-dcgm level=INFO namespace=monitoring pod=trainer-188391 event=completed gpu_util=53
2026-07-15T02:47:43.894Z host=eng-x12 service=gitlab-runner level=INFO user=sre repo=evaluation event=push status=success job=45436 trace=6173fbc7bc02a1
2026-07-15T02:50:28.042Z host=eng-x12 service=dockerd level=INFO user=deploybot repo=evaluation event=push status=success job=47850 trace=ba29c6c709f24e
2026-07-15T02:50:57.237Z host=eng-x12 service=auditd level=INFO user=sre repo=api-gateway event=checkout status=success job=46679 trace=07fd05c005561b
2026-07-15T02:51:38.360Z host=gpu-node-118 service=nvidia-dcgm level=INFO namespace=monitoring pod=checkpoint-13a860 event=probe_ok gpu_util=83
2026-07-15T02:51:55.693Z host=eng-x12 service=dockerd level=INFO user=mchen repo=model-runtime event=push status=success job=44222 trace=e7d7170cf2996d
2026-07-15T02:54:33.371Z host=eng-x12 service=auditd level=INFO user=deploybot repo=evaluation event=session_close status=success job=47804 trace=2370bb012d1233
2026-07-15T02:54:35.627Z host=gpu-node-004 service=kubelet level=INFO namespace=monitoring pod=node-exporter-2258fb event=image_present gpu_util=25
2026-07-15T02:56:37.402Z host=eng-x12 service=sshd level=INFO user=deploybot repo=infra-charts event=fetch status=success job=41558 trace=3d55a07eaf6d4d
2026-07-15T02:58:02.024Z host=gpu-node-100 service=scheduler level=INFO namespace=monitoring pod=node-exporter-04f95d event=completed gpu_util=35
2026-07-15T02:58:39.723Z host=gpu-node-041 service=containerd level=INFO namespace=inference pod=node-exporter-48f0b1 event=image_present gpu_util=32
2026-07-15T03:01:11.039Z host=gpu-node-010 service=nvidia-dcgm level=INFO namespace=inference pod=node-exporter-7f51dc event=completed gpu_util=9
2026-07-15T03:01:59.732Z host=gpu-node-072 service=kubelet level=INFO namespace=monitoring pod=node-exporter-f1d5d2 event=image_present gpu_util=39
2026-07-15T03:02:00.273Z host=eng-x12 service=auditd level=INFO user=deploybot repo=safety-filters event=fetch status=success job=47220 trace=13ce3573fd016d
2026-07-15T03:02:03.993Z host=gpu-node-006 service=containerd level=INFO namespace=training pod=node-exporter-4dd3ac event=completed gpu_util=0
2026-07-15T03:02:06.438Z host=eng-x12 service=gitlab-runner level=INFO user=mchen repo=api-gateway event=session_close status=success job=41963 trace=5577c59da92c4d
2026-07-15T03:02:26.336Z host=eng-x12 service=dockerd level=INFO user=sre repo=infra-charts event=build status=success job=42992 trace=5ca3b94b3489ab
2026-07-15T03:02:55.656Z host=gpu-node-089 service=kubelet level=INFO namespace=inference pod=model-eval-ca4a95 event=completed gpu_util=90
2026-07-15T03:02:58.758Z host=eng-x12 service=auditd level=INFO user=sre repo=safety-filters event=checkout status=success job=42188 trace=202c7e1cc5d563
2026-07-15T03:03:10.085Z host=gpu-node-030 service=containerd level=INFO namespace=monitoring pod=model-eval-43896b event=completed gpu_util=50
2026-07-15T03:05:37.205Z host=gpu-node-037 service=nvidia-dcgm level=INFO namespace=training pod=trainer-221cea event=completed gpu_util=20
2026-07-15T03:06:22.916Z host=gpu-node-084 service=scheduler level=INFO namespace=monitoring pod=checkpoint-9fadd2 event=image_present gpu_util=74
2026-07-15T03:06:45.311Z host=gpu-node-053 service=kubelet level=INFO namespace=training pod=model-eval-fa629c event=probe_ok gpu_util=52
2026-07-15T03:07:10.954Z host=gpu-node-056 service=nvidia-dcgm level=INFO namespace=monitoring pod=trainer-4e48ae event=image_present gpu_util=17
2026-07-15T03:07:49.762Z host=gpu-node-061 service=kubelet level=INFO namespace=training pod=checkpoint-2001d6 event=completed gpu_util=64
2026-07-15T03:09:25.659Z host=eng-x12 service=auditd level=INFO user=builder repo=infra-charts event=checkout status=success job=47750 trace=d469487d34b019
2026-07-15T03:10:20.831Z host=gpu-node-034 service=kubelet level=INFO namespace=inference pod=node-exporter-f2aaf8 event=completed gpu_util=84
2026-07-15T03:10:54.560Z host=gpu-node-062 service=containerd level=INFO namespace=inference pod=trainer-515639 event=probe_ok gpu_util=72
2026-07-15T03:13:36.700Z host=eng-x12 service=gitlab-runner level=INFO user=mchen repo=api-gateway event=fetch status=success job=43442 trace=571d01d87858fd
2026-07-15T03:14:03.273Z host=eng-x12 service=auditd level=INFO user=deploybot repo=model-runtime event=build status=success job=47525 trace=944b5a88d57f6a
2026-07-15T03:18:41.849Z host=gpu-node-054 service=nvidia-dcgm level=INFO namespace=monitoring pod=model-eval-748d41 event=started gpu_util=78
2026-07-15T03:19:26.343Z host=eng-x12 service=auditd level=INFO user=builder repo=infra-charts event=build status=success job=47961 trace=1b0fe213e9857a
2026-07-15T03:19:45.386Z host=gpu-node-092 service=scheduler level=INFO namespace=monitoring pod=checkpoint-fe61f3 event=completed gpu_util=41
2026-07-15T03:20:31.094Z host=gpu-node-003 service=nvidia-dcgm level=INFO namespace=monitoring pod=trainer-3a023c event=probe_ok gpu_util=38
2026-07-15T03:20:57.383Z host=eng-x12 service=auditd level=INFO user=builder repo=infra-charts event=push status=success job=47493 trace=559132aac43a77
2026-07-15T03:21:02.263Z host=gpu-node-029 service=scheduler level=INFO namespace=monitoring pod=node-exporter-b45cc9 event=image_present gpu_util=13
2026-07-15T03:21:20.244Z host=gpu-node-081 service=nvidia-dcgm level=INFO namespace=training pod=trainer-cf35ec event=probe_ok gpu_util=31
2026-07-15T03:23:52.628Z host=gpu-node-037 service=scheduler level=INFO namespace=inference pod=model-eval-d8e69a event=probe_ok gpu_util=30
2026-07-15T03:26:47.978Z host=gpu-node-118 service=containerd level=INFO namespace=monitoring pod=model-eval-32f8af event=image_present gpu_util=73
2026-07-15T03:28:33.455Z host=eng-x12 service=auditd level=INFO user=sre repo=safety-filters event=push status=success job=47521 trace=3a9e4551ec38db
2026-07-15T03:28:55.689Z host=gpu-node-025 service=kubelet level=INFO namespace=monitoring pod=model-eval-99ccad event=probe_ok gpu_util=85
2026-07-15T03:29:03.478Z host=eng-x12 service=auditd level=INFO user=mchen repo=infra-charts event=build status=success job=41980 trace=05bb533c8c1f88
2026-07-15T03:29:32.976Z host=gpu-node-107 service=nvidia-dcgm level=INFO namespace=training pod=checkpoint-fc9c94 event=image_present gpu_util=71
2026-07-15T03:31:53.071Z host=eng-x12 service=sshd level=INFO user=deploybot repo=evaluation event=build status=success job=45850 trace=9deba5b8fbf15b
2026-07-15T03:34:29.208Z host=gpu-node-076 service=nvidia-dcgm level=INFO namespace=training pod=model-eval-e2eda6 event=started gpu_util=100
2026-07-15T03:35:52.314Z host=gpu-node-040 service=kubelet level=INFO namespace=inference pod=trainer-6fc3b9 event=probe_ok gpu_util=68
2026-07-15T03:36:02.637Z host=eng-x12 service=dockerd level=INFO user=mchen repo=safety-filters event=push status=success job=47256 trace=3577f6be5e7d4d
2026-07-15T03:36:30.928Z host=eng-x12 service=auditd level=INFO user=sre repo=infra-charts event=push status=success job=47408 trace=37516ce39c4f9e
2026-07-15T03:37:24.517Z host=gpu-node-078 service=scheduler level=INFO namespace=inference pod=node-exporter-33cc8d event=started gpu_util=98
2026-07-15T03:37:58.114Z host=eng-x12 service=auditd level=INFO user=sre repo=api-gateway event=fetch status=success job=47997 trace=f6afbfe2844b7b
2026-07-15T03:38:04.530Z host=gpu-node-110 service=scheduler level=INFO namespace=monitoring pod=node-exporter-913848 event=completed gpu_util=90
2026-07-15T03:38:56.599Z host=gpu-node-020 service=containerd level=INFO namespace=inference pod=checkpoint-39cd9d event=completed gpu_util=46
2026-07-15T03:39:46.260Z host=gpu-node-107 service=scheduler level=INFO namespace=training pod=checkpoint-163dd0 event=completed gpu_util=7
2026-07-15T03:40:20.256Z host=gpu-node-114 service=scheduler level=INFO namespace=inference pod=checkpoint-022b60 event=probe_ok gpu_util=66
2026-07-15T03:40:36.160Z host=eng-x12 service=sshd level=INFO user=sre repo=evaluation event=checkout status=success job=45127 trace=fd2ea9fe33aa03
2026-07-15T03:41:44.546Z host=eng-x12 service=auditd level=INFO user=deploybot repo=evaluation event=build status=success job=44370 trace=364d11dc7237a3
2026-07-15T03:41:55.375Z host=gpu-node-093 service=containerd level=INFO namespace=monitoring pod=node-exporter-eb463d event=image_present gpu_util=39
2026-07-15T03:42:21.276Z host=gpu-node-102 service=kubelet level=INFO namespace=training pod=checkpoint-dc00bf event=probe_ok gpu_util=16
2026-07-15T03:42:24.805Z host=eng-x12 service=gitlab-runner level=INFO user=builder repo=evaluation event=checkout status=success job=43033 trace=0914b6bb796649
2026-07-15T03:44:54.288Z host=eng-x12 service=sshd level=INFO user=sre repo=safety-filters event=session_close status=success job=42015 trace=2367cbc2ed6334
2026-07-15T03:45:06.312Z host=gpu-node-125 service=nvidia-dcgm level=INFO namespace=monitoring pod=model-eval-052da9 event=image_present gpu_util=23
2026-07-15T03:48:57.089Z host=eng-x12 service=auditd level=INFO user=mchen repo=model-runtime event=checkout status=success job=45826 trace=e15bbfed81fcf9
2026-07-15T03:49:25.673Z host=eng-x12 service=gitlab-runner level=INFO user=mchen repo=safety-filters event=build status=success job=45754 trace=a55d3243052df1
2026-07-15T03:50:51.599Z host=eng-x12 service=auditd level=INFO user=builder repo=api-gateway event=push status=success job=42151 trace=889dc00a38da38
2026-07-15T03:54:27.196Z host=gpu-node-060 service=containerd level=INFO namespace=training pod=checkpoint-d4b273 event=image_present gpu_util=11
2026-07-15T03:54:27.743Z host=eng-x12 service=dockerd level=INFO user=mchen repo=api-gateway event=fetch status=success job=47376 trace=9d550a763d74c0
2026-07-15T03:55:32.514Z host=gpu-node-016 service=scheduler level=INFO namespace=training pod=model-eval-4d76ff event=image_present gpu_util=21
2026-07-15T03:55:35.407Z host=eng-x12 service=dockerd level=INFO user=mchen repo=infra-charts event=session_close status=success job=41148 trace=178f95d641a506
2026-07-15T03:56:58.739Z host=eng-x12 service=sshd level=INFO user=deploybot repo=evaluation event=fetch status=success job=46529 trace=4593b69e9bc27c
2026-07-15T04:01:04.941Z host=gpu-node-093 service=kubelet level=INFO namespace=training pod=trainer-3d1779 event=started gpu_util=57
2026-07-15T04:02:05.977Z host=gpu-node-040 service=scheduler level=INFO namespace=training pod=model-eval-2e9bf4 event=completed gpu_util=70
2026-07-15T04:02:58.692Z host=gpu-node-037 service=nvidia-dcgm level=INFO namespace=training pod=model-eval-ee7ed0 event=started gpu_util=100
2026-07-15T04:03:04.646Z host=gpu-node-016 service=containerd level=INFO namespace=training pod=node-exporter-4294ed event=completed gpu_util=15
2026-07-15T04:03:46.284Z host=eng-x12 service=sshd level=INFO user=mchen repo=evaluation event=session_close status=success job=47521 trace=b48b1c3eed1d27
2026-07-15T04:05:04.697Z host=eng-x12 service=dockerd level=INFO user=mchen repo=evaluation event=push status=success job=47932 trace=38e6e34e239d7a
2026-07-15T04:07:47.161Z host=gpu-node-110 service=scheduler level=INFO namespace=monitoring pod=checkpoint-72230e event=completed gpu_util=18
2026-07-15T04:08:52.235Z host=gpu-node-007 service=scheduler level=INFO namespace=training pod=trainer-fc6542 event=completed gpu_util=30
2026-07-15T04:11:02.026Z host=gpu-node-103 service=kubelet level=INFO namespace=inference pod=model-eval-67fcc4 event=started gpu_util=9
2026-07-15T04:11:19.708Z host=eng-x12 service=sshd level=INFO user=sre repo=model-runtime event=fetch status=success job=46655 trace=f7572d3afa0324
2026-07-15T04:12:08.832Z host=gpu-node-067 service=kubelet level=INFO namespace=training pod=node-exporter-9e202a event=started gpu_util=64
2026-07-15T04:13:42.186Z host=eng-x12 service=sshd level=INFO user=mchen repo=infra-charts event=fetch status=success job=45985 trace=735d0bde85f04e
2026-07-15T04:14:42.090Z host=eng-x12 service=auditd level=INFO user=deploybot repo=infra-charts event=push status=success job=46344 trace=db562d828d288d
2026-07-15T04:14:58.700Z host=eng-x12 service=sshd level=INFO user=sre repo=infra-charts event=checkout status=success job=47360 trace=720c8129ec18e3
2026-07-15T04:20:55.608Z host=gpu-node-095 service=scheduler level=INFO namespace=monitoring pod=model-eval-e31e37 event=started gpu_util=39
2026-07-15T04:23:06.208Z host=gpu-node-021 service=scheduler level=INFO namespace=monitoring pod=checkpoint-967beb event=started gpu_util=2
2026-07-15T04:23:50.523Z host=gpu-node-122 service=nvidia-dcgm level=INFO namespace=inference pod=node-exporter-7c84ae event=started gpu_util=54
2026-07-15T04:25:48.551Z host=eng-x12 service=auditd level=INFO user=builder repo=infra-charts event=build status=success job=48337 trace=9b155e708ad073
2026-07-15T04:26:27.267Z host=gpu-node-026 service=scheduler level=INFO namespace=inference pod=node-exporter-561918 event=completed gpu_util=68
2026-07-15T04:27:50.737Z host=gpu-node-075 service=containerd level=INFO namespace=monitoring pod=trainer-c35a8f event=probe_ok gpu_util=40
2026-07-15T04:28:48.168Z host=gpu-node-072 service=containerd level=INFO namespace=training pod=model-eval-4ddbec event=started gpu_util=36
2026-07-15T04:30:19.603Z host=gpu-node-112 service=nvidia-dcgm level=INFO namespace=inference pod=checkpoint-a916c3 event=image_present gpu_util=74
2026-07-15T04:33:46.102Z host=gpu-node-089 service=kubelet level=INFO namespace=training pod=checkpoint-2e0caf event=probe_ok gpu_util=63
2026-07-15T04:34:09.754Z host=gpu-node-112 service=kubelet level=INFO namespace=inference pod=node-exporter-4ec6e9 event=image_present gpu_util=14
2026-07-15T04:36:57.952Z host=gpu-node-088 service=containerd level=INFO namespace=monitoring pod=checkpoint-c50c06 event=image_present gpu_util=3
2026-07-15T04:39:09.104Z host=gpu-node-122 service=containerd level=INFO namespace=monitoring pod=node-exporter-49a1b1 event=image_present gpu_util=81
2026-07-15T04:42:17.264Z host=eng-x12 service=gitlab-runner level=INFO user=mchen repo=evaluation event=checkout status=success job=48684 trace=288be0cc31a599
2026-07-15T04:43:10.203Z host=eng-x12 service=sshd level=INFO user=mchen repo=infra-charts event=push status=success job=42656 trace=296710eeeb2891
2026-07-15T04:44:14.088Z host=gpu-node-027 service=kubelet level=INFO namespace=training pod=model-eval-705643 event=image_present gpu_util=32
2026-07-15T04:45:43.559Z host=eng-x12 service=sshd level=INFO user=mchen repo=api-gateway event=checkout status=success job=48707 trace=450179a819a9b9
2026-07-15T04:46:34.620Z host=eng-x12 service=gitlab-runner level=INFO user=builder repo=infra-charts event=checkout status=success job=47647 trace=2409662a5a936f
2026-07-15T04:48:08.480Z host=gpu-node-026 service=nvidia-dcgm level=INFO namespace=monitoring pod=checkpoint-bce0e9 event=started gpu_util=19
2026-07-15T04:48:25.839Z host=gpu-node-070 service=nvidia-dcgm level=INFO namespace=inference pod=trainer-54f9e5 event=probe_ok gpu_util=70
2026-07-15T04:48:44.955Z host=eng-x12 service=gitlab-runner level=INFO user=builder repo=infra-charts event=session_close status=success job=42550 trace=c72ba143abca8e
2026-07-15T04:50:06.301Z host=gpu-node-101 service=nvidia-dcgm level=INFO namespace=training pod=model-eval-a3948c event=image_present gpu_util=21
2026-07-15T04:50:32.456Z host=gpu-node-003 service=containerd level=INFO namespace=monitoring pod=trainer-d5602f event=started gpu_util=70
2026-07-15T04:51:24.831Z host=gpu-node-081 service=containerd level=INFO namespace=inference pod=node-exporter-e7aa94 event=image_present gpu_util=18
2026-07-15T04:54:26.400Z host=eng-x12 service=auditd level=INFO user=sre repo=model-runtime event=checkout status=success job=46002 trace=9fc83939c87536
2026-07-15T04:55:39.857Z host=eng-x12 service=auditd level=INFO user=mchen repo=model-runtime event=push status=success job=41833 trace=eac06ab79a42d4
2026-07-15T04:56:31.695Z host=eng-x12 service=gitlab-runner level=INFO user=sre repo=infra-charts event=checkout status=success job=44128 trace=bb716eb25684b9
2026-07-15T04:56:33.085Z host=eng-x12 service=auditd level=INFO user=mchen repo=infra-charts event=session_close status=success job=45900 trace=a010da5cf9310d
2026-07-15T04:57:55.279Z host=eng-x12 service=auditd level=INFO user=builder repo=safety-filters event=checkout status=success job=43908 trace=964a64cd4924cc
2026-07-15T04:58:06.815Z host=eng-x12 service=dockerd level=INFO user=mchen repo=infra-charts event=fetch status=success job=43952 trace=f6e93f14a516b7
2026-07-15T04:58:50.219Z host=eng-x12 service=auditd level=INFO user=mchen repo=api-gateway event=session_close status=success job=46233 trace=359695a2050dd0
2026-07-15T04:59:27.871Z host=gpu-node-118 service=kubelet level=INFO namespace=inference pod=checkpoint-d86484 event=started gpu_util=52
2026-07-15T05:00:08.572Z host=eng-x12 service=auditd level=INFO user=mchen repo=model-runtime event=build status=success job=48597 trace=e8b5a64443fe52
2026-07-15T05:00:19.552Z host=eng-x12 service=gitlab-runner level=INFO user=mchen repo=safety-filters event=checkout status=success job=43294 trace=aa44695761d682
2026-07-15T05:01:25.198Z host=gpu-node-110 service=scheduler level=INFO namespace=inference pod=model-eval-ef51cc event=completed gpu_util=61
2026-07-15T05:02:54.789Z host=eng-x12 service=dockerd level=INFO user=deploybot repo=evaluation event=checkout status=success job=44434 trace=d7c793eb41d10e
2026-07-15T05:04:05.761Z host=eng-x12 service=auditd level=INFO user=builder repo=evaluation event=session_close status=success job=47298 trace=166813fae7c0a3
2026-07-15T05:04:42.482Z host=eng-x12 service=auditd level=INFO user=builder repo=model-runtime event=fetch status=success job=42244 trace=0263f7ee355804
2026-07-15T05:05:33.422Z host=gpu-node-072 service=scheduler level=INFO namespace=training pod=model-eval-8afa38 event=completed gpu_util=82
2026-07-15T05:05:40.787Z host=eng-x12 service=sshd level=INFO user=builder repo=api-gateway event=push status=success job=46375 trace=89b6c194a9cfd3
2026-07-15T05:07:00.802Z host=eng-x12 service=sshd level=INFO user=sre repo=evaluation event=build status=success job=44154 trace=e0f3dbed0761ba
2026-07-15T05:07:43.831Z host=gpu-node-104 service=nvidia-dcgm level=INFO namespace=training pod=model-eval-6b891b event=image_present gpu_util=79
2026-07-15T05:08:18.421Z host=gpu-node-015 service=nvidia-dcgm level=INFO namespace=monitoring pod=model-eval-cea016 event=started gpu_util=48
2026-07-15T05:09:36.654Z host=eng-x12 service=auditd level=INFO user=builder repo=model-runtime event=checkout status=success job=41705 trace=facf2c77bb59f4
2026-07-15T05:10:15.119Z host=eng-x12 service=auditd level=INFO user=mchen repo=safety-filters event=build status=success job=46914 trace=a798253d3f5191
2026-07-15T05:10:43.762Z host=gpu-node-090 service=kubelet level=INFO namespace=monitoring pod=node-exporter-996ec5 event=completed gpu_util=12
2026-07-15T05:14:14.946Z host=gpu-node-099 service=containerd level=INFO namespace=training pod=node-exporter-707b31 event=started gpu_util=48
2026-07-15T05:14:32.883Z host=eng-x12 service=sshd level=INFO user=mchen repo=evaluation event=push status=success job=45595 trace=de8ff7387d6199
2026-07-15T05:14:56.795Z host=eng-x12 service=gitlab-runner level=INFO user=mchen repo=api-gateway event=push status=success job=48934 trace=d835813bc65fcc
2026-07-15T05:16:11.962Z host=gpu-node-025 service=scheduler level=INFO namespace=monitoring pod=checkpoint-0a21ad event=completed gpu_util=40
2026-07-15T05:16:26.130Z host=gpu-node-069 service=nvidia-dcgm level=INFO namespace=training pod=trainer-5cbfd4 event=probe_ok gpu_util=100
2026-07-15T05:17:13.746Z host=gpu-node-014 service=kubelet level=INFO namespace=monitoring pod=model-eval-a85fb5 event=completed gpu_util=2
2026-07-15T05:18:29.673Z host=eng-x12 service=sshd level=INFO user=mchen repo=infra-charts event=build status=success job=42250 trace=183fce219c1857
2026-07-15T05:18:38.015Z host=gpu-node-002 service=scheduler level=INFO namespace=training pod=checkpoint-d8dad3 event=completed gpu_util=57
2026-07-15T05:19:23.563Z host=gpu-node-068 service=nvidia-dcgm level=INFO namespace=monitoring pod=node-exporter-51b099 event=started gpu_util=31
2026-07-15T05:22:42.175Z host=gpu-node-113 service=scheduler level=INFO namespace=inference pod=trainer-2aac8c event=probe_ok gpu_util=14
2026-07-15T05:23:14.169Z host=eng-x12 service=gitlab-runner level=INFO user=builder repo=evaluation event=session_close status=success job=41934 trace=b34bd31d6851a8
2026-07-15T05:23:19.647Z host=eng-x12 service=sshd level=INFO user=deploybot repo=api-gateway event=session_close status=success job=41429 trace=e5e430ec7ebdc5
2026-07-15T05:23:34.397Z host=gpu-node-008 service=containerd level=INFO namespace=training pod=model-eval-ed0181 event=started gpu_util=43
2026-07-15T05:23:44.071Z host=eng-x12 service=dockerd level=INFO user=builder repo=api-gateway event=session_close status=success job=46762 trace=b9c0d7e2ace0dd
2026-07-15T05:24:30.790Z host=gpu-node-095 service=nvidia-dcgm level=INFO namespace=training pod=checkpoint-8f3292 event=probe_ok gpu_util=8
2026-07-15T05:24:44.485Z host=gpu-node-116 service=containerd level=INFO namespace=training pod=checkpoint-624e98 event=image_present gpu_util=48
2026-07-15T05:25:24.049Z host=eng-x12 service=gitlab-runner level=INFO user=sre repo=model-runtime event=build status=success job=48588 trace=7c51a64d554c75
2026-07-15T05:26:23.692Z host=gpu-node-103 service=nvidia-dcgm level=INFO namespace=monitoring pod=node-exporter-c07520 event=image_present gpu_util=31
2026-07-15T05:26:44.302Z host=gpu-node-090 service=kubelet level=INFO namespace=monitoring pod=trainer-8a809f event=probe_ok gpu_util=19
2026-07-15T05:27:29.527Z host=eng-x12 service=sshd level=INFO user=deploybot repo=infra-charts event=fetch status=success job=48952 trace=1fbac864a0233e
2026-07-15T05:27:43.666Z host=gpu-node-036 service=containerd level=INFO namespace=training pod=checkpoint-2f24c4 event=started gpu_util=17
2026-07-15T05:28:46.353Z host=eng-x12 service=gitlab-runner level=INFO user=deploybot repo=api-gateway event=push status=success job=43292 trace=03516a22cdd51a
2026-07-15T05:30:24.017Z host=eng-x12 service=auditd level=INFO user=builder repo=api-gateway event=session_close status=success job=45288 trace=dec93014cea02b
2026-07-15T05:30:55.299Z host=eng-x12 service=auditd level=INFO user=deploybot repo=safety-filters event=session_close status=success job=47622 trace=496d9882025a99
2026-07-15T05:31:35.995Z host=gpu-node-075 service=containerd level=INFO namespace=training pod=trainer-fe380a event=started gpu_util=85
2026-07-15T05:32:04.890Z host=gpu-node-097 service=kubelet level=INFO namespace=training pod=model-eval-b87ebb event=completed gpu_util=43
2026-07-15T05:32:38.841Z host=gpu-node-030 service=nvidia-dcgm level=INFO namespace=inference pod=trainer-e9bd2c event=image_present gpu_util=84
2026-07-15T05:32:41.035Z host=gpu-node-027 service=scheduler level=INFO namespace=inference pod=checkpoint-77bc42 event=image_present gpu_util=70
2026-07-15T05:34:30.054Z host=eng-x12 service=auditd level=INFO user=builder repo=evaluation event=checkout status=success job=48006 trace=dfaa84005e1bc0
2026-07-15T05:35:52.536Z host=eng-x12 service=dockerd level=INFO user=deploybot repo=evaluation event=checkout status=success job=48768 trace=4e163e1ce155bd
2026-07-15T05:36:16.883Z host=eng-x12 service=auditd level=INFO user=builder repo=evaluation event=build status=success job=43308 trace=0cd8be255598e4
2026-07-15T05:38:46.361Z host=eng-x12 service=auditd level=INFO user=deploybot repo=infra-charts event=session_close status=success job=44077 trace=e38838d59b02eb
2026-07-15T05:40:17.977Z host=eng-x12 service=auditd level=INFO user=mchen repo=model-runtime event=fetch status=success job=48440 trace=2661ec20d6e404
2026-07-15T05:43:43.774Z host=eng-x12 service=gitlab-runner level=INFO user=mchen repo=safety-filters event=checkout status=success job=45223 trace=c2cd34f16153f9
2026-07-15T05:44:36.836Z host=eng-x12 service=sshd level=INFO user=deploybot repo=evaluation event=session_close status=success job=43062 trace=c18acc8a7f8bfa
2026-07-15T05:44:39.297Z host=gpu-node-025 service=scheduler level=INFO namespace=monitoring pod=trainer-ec5334 event=image_present gpu_util=88
2026-07-15T05:45:03.090Z host=gpu-node-093 service=containerd level=INFO namespace=inference pod=trainer-e15b92 event=image_present gpu_util=68
2026-07-15T05:46:16.042Z host=eng-x12 service=sshd level=INFO user=mchen repo=safety-filters event=fetch status=success job=48433 trace=6483b831fd0077
2026-07-15T05:47:00.138Z host=gpu-node-039 service=kubelet level=INFO namespace=training pod=checkpoint-9a52f0 event=started gpu_util=52
2026-07-15T05:50:59.159Z host=eng-x12 service=dockerd level=INFO user=mchen repo=safety-filters event=fetch status=success job=41289 trace=e70006e098be85
2026-07-15T05:51:49.883Z host=eng-x12 service=auditd level=INFO user=deploybot repo=evaluation event=build status=success job=44628 trace=48846fee568c20
2026-07-15T05:55:00.049Z host=gpu-node-096 service=kubelet level=INFO namespace=monitoring pod=checkpoint-268ecb event=completed gpu_util=67
2026-07-15T05:55:06.602Z host=eng-x12 service=sshd level=INFO user=mchen repo=api-gateway event=checkout status=success job=41426 trace=e352d7e609066c
2026-07-15T05:55:22.905Z host=gpu-node-060 service=nvidia-dcgm level=INFO namespace=monitoring pod=checkpoint-0f91c1 event=probe_ok gpu_util=47
2026-07-15T05:57:58.145Z host=eng-x12 service=gitlab-runner level=INFO user=deploybot repo=model-runtime event=checkout status=success job=42790 trace=a47063ba86749a
2026-07-15T05:58:41.107Z host=gpu-node-122 service=containerd level=INFO namespace=training pod=trainer-b059e3 event=image_present gpu_util=86
2026-07-15T05:58:59.959Z host=eng-x12 service=gitlab-runner level=INFO user=mchen repo=api-gateway event=fetch status=success job=47308 trace=1f225e78aeb16d
2026-07-15T06:04:17.992Z host=eng-x12 service=sshd level=INFO user=sre repo=infra-charts event=push status=success job=41470 trace=accb469af49893
2026-07-15T06:06:17.788Z host=gpu-node-001 service=scheduler level=INFO namespace=training pod=model-eval-969a3f event=probe_ok gpu_util=30
2026-07-15T06:06:33.695Z host=eng-x12 service=auditd level=INFO user=mchen repo=api-gateway event=fetch status=success job=43956 trace=d2e5f3ec42afb7
2026-07-15T06:07:56.303Z host=gpu-node-016 service=nvidia-dcgm level=INFO namespace=monitoring pod=model-eval-f53249 event=completed gpu_util=75
2026-07-15T06:08:14.568Z host=eng-x12 service=gitlab-runner level=INFO user=builder repo=evaluation event=build status=success job=48614 trace=54d68c47feedc2
2026-07-15T06:09:06.252Z host=eng-x12 service=sshd level=INFO user=builder repo=model-runtime event=session_close status=success job=43461 trace=ca784ca8b1e849
2026-07-15T06:11:07.296Z host=gpu-node-077 service=kubelet level=INFO namespace=training pod=model-eval-4b891c event=image_present gpu_util=19
2026-07-15T06:16:54.084Z host=eng-x12 service=auditd level=INFO user=sre repo=model-runtime event=session_close status=success job=48863 trace=8a720a2f6560ed
2026-07-15T06:17:10.766Z host=eng-x12 service=sshd level=INFO user=builder repo=infra-charts event=push status=success job=46851 trace=a7e2ac1cb86148
2026-07-15T06:18:32.440Z host=eng-x12 service=auditd level=INFO user=builder repo=model-runtime event=session_close status=success job=41016 trace=69f8a4424ed230
2026-07-15T06:19:25.024Z host=gpu-node-045 service=kubelet level=INFO namespace=training pod=checkpoint-d950fd event=image_present gpu_util=35
2026-07-15T06:21:01.873Z host=gpu-node-031 service=containerd level=INFO namespace=monitoring pod=trainer-0ce68b event=started gpu_util=31
2026-07-15T06:23:20.555Z host=gpu-node-056 service=containerd level=INFO namespace=inference pod=checkpoint-4b0006 event=image_present gpu_util=18
2026-07-15T06:23:39.927Z host=gpu-node-021 service=containerd level=INFO namespace=training pod=node-exporter-9011e4 event=completed gpu_util=80
2026-07-15T06:24:23.314Z host=gpu-node-055 service=kubelet level=INFO namespace=monitoring pod=trainer-0e5dc2 event=image_present gpu_util=77
2026-07-15T06:26:06.643Z host=gpu-node-094 service=kubelet level=INFO namespace=training pod=trainer-e65fba event=started gpu_util=71
2026-07-15T06:26:16.439Z host=gpu-node-043 service=kubelet level=INFO namespace=training pod=node-exporter-bec2b6 event=image_present gpu_util=46
2026-07-15T06:27:09.438Z host=gpu-node-029 service=kubelet level=INFO namespace=inference pod=node-exporter-3d5b52 event=started gpu_util=46
2026-07-15T06:28:05.627Z host=gpu-node-127 service=scheduler level=INFO namespace=inference pod=trainer-faf2c3 event=probe_ok gpu_util=65
2026-07-15T06:28:06.592Z host=gpu-node-005 service=nvidia-dcgm level=INFO namespace=training pod=trainer-a1cac7 event=probe_ok gpu_util=32
2026-07-15T06:28:22.226Z host=eng-x12 service=gitlab-runner level=INFO user=builder repo=model-runtime event=build status=success job=44367 trace=8ed75103a9a53e
2026-07-15T06:28:59.872Z host=gpu-node-064 service=scheduler level=INFO namespace=monitoring pod=model-eval-8e2525 event=probe_ok gpu_util=100
2026-07-15T06:29:31.697Z host=eng-x12 service=gitlab-runner level=INFO user=mchen repo=safety-filters event=session_close status=success job=41379 trace=e399ebf0dc36f0
2026-07-15T06:30:01.575Z host=eng-x12 service=sshd level=INFO user=builder repo=safety-filters event=build status=success job=44812 trace=d06f43116e0703
2026-07-15T06:30:13.803Z host=eng-x12 service=dockerd level=INFO user=builder repo=api-gateway event=session_close status=success job=45879 trace=99de09f16b00e5
2026-07-15T06:31:14.161Z host=eng-x12 service=dockerd level=INFO user=builder repo=model-runtime event=build status=success job=48302 trace=faffa7ea0d4341
2026-07-15T06:31:23.491Z host=eng-x12 service=auditd level=INFO user=mchen repo=api-gateway event=fetch status=success job=47398 trace=74e045aed9eb51
2026-07-15T06:31:38.792Z host=eng-x12 service=gitlab-runner level=INFO user=mchen repo=model-runtime event=build status=success job=48537 trace=793a05d16674c7
2026-07-15T06:31:41.077Z host=eng-x12 service=auditd level=INFO user=builder repo=api-gateway event=push status=success job=43127 trace=470e58b0aa8611
2026-07-15T06:32:42.442Z host=eng-x12 service=dockerd level=INFO user=sre repo=evaluation event=push status=success job=41037 trace=3eaa6499cc1683
2026-07-15T06:32:45.716Z host=gpu-node-059 service=nvidia-dcgm level=INFO namespace=monitoring pod=node-exporter-1c3e71 event=started gpu_util=99
2026-07-15T06:32:49.336Z host=gpu-node-100 service=nvidia-dcgm level=INFO namespace=monitoring pod=node-exporter-393283 event=started gpu_util=33
2026-07-15T06:32:52.307Z host=eng-x12 service=dockerd level=INFO user=deploybot repo=safety-filters event=push status=success job=43555 trace=f63fc30d144059
2026-07-15T06:34:30.762Z host=gpu-node-024 service=containerd level=INFO namespace=monitoring pod=checkpoint-8a9bf4 event=started gpu_util=65
2026-07-15T06:34:39.449Z host=eng-x12 service=auditd level=INFO user=sre repo=infra-charts event=session_close status=success job=46986 trace=f36fc0156ac28a
2026-07-15T06:34:56.030Z host=eng-x12 service=auditd level=INFO user=mchen repo=api-gateway event=build status=success job=45366 trace=3b576ae5139899
2026-07-15T06:35:06.611Z host=eng-x12 service=sshd level=INFO user=sre repo=safety-filters event=checkout status=success job=45428 trace=821394e2253ed2
2026-07-15T06:36:03.649Z host=eng-x12 service=sshd level=INFO user=sre repo=api-gateway event=checkout status=success job=48087 trace=7e1276b855dfbf
2026-07-15T06:36:19.233Z host=eng-x12 service=gitlab-runner level=INFO user=builder repo=evaluation event=fetch status=success job=48252 trace=53aada76c62db8
2026-07-15T06:36:33.069Z host=gpu-node-092 service=nvidia-dcgm level=INFO namespace=training pod=node-exporter-12ffa7 event=started gpu_util=2
2026-07-15T06:38:07.750Z host=gpu-node-072 service=containerd level=INFO namespace=inference pod=trainer-556fb0 event=completed gpu_util=69
2026-07-15T06:39:08.333Z host=gpu-node-128 service=containerd level=INFO namespace=monitoring pod=node-exporter-1665f1 event=started gpu_util=9
2026-07-15T06:41:55.314Z host=eng-x12 service=dockerd level=INFO user=sre repo=safety-filters event=session_close status=success job=43393 trace=ce5958d5f450df
2026-07-15T06:43:15.820Z host=gpu-node-065 service=containerd level=INFO namespace=inference pod=node-exporter-2200e9 event=started gpu_util=61
2026-07-15T06:43:45.432Z host=eng-x12 service=auditd level=INFO user=deploybot repo=infra-charts event=checkout status=success job=47827 trace=8f440a9a8bdc6c
2026-07-15T06:44:09.332Z host=gpu-node-018 service=scheduler level=INFO namespace=training pod=checkpoint-71264f event=started gpu_util=81
2026-07-15T06:44:27.698Z host=eng-x12 service=sshd level=INFO user=deploybot repo=api-gateway event=push status=success job=43605 trace=8aea628c474fbd
2026-07-15T06:46:07.601Z host=eng-x12 service=gitlab-runner level=INFO user=sre repo=model-runtime event=build status=success job=45345 trace=5bd84d25e461f9
2026-07-15T06:46:39.251Z host=gpu-node-065 service=containerd level=INFO namespace=monitoring pod=checkpoint-be3abe event=completed gpu_util=70
2026-07-15T06:48:15.879Z host=gpu-node-063 service=kubelet level=INFO namespace=inference pod=checkpoint-1b0c10 event=image_present gpu_util=70
2026-07-15T06:49:26.903Z host=gpu-node-020 service=containerd level=INFO namespace=inference pod=node-exporter-54999d event=image_present gpu_util=9
2026-07-15T06:50:16.295Z host=gpu-node-069 service=nvidia-dcgm level=INFO namespace=inference pod=model-eval-5930b0 event=completed gpu_util=39
2026-07-15T06:52:51.227Z host=gpu-node-042 service=scheduler level=INFO namespace=monitoring pod=checkpoint-0ec7a8 event=completed gpu_util=4
2026-07-15T06:54:55.781Z host=eng-x12 service=sshd level=INFO user=deploybot repo=api-gateway event=push status=success job=46486 trace=618e7e15dc6845
2026-07-15T06:57:51.685Z host=eng-x12 service=dockerd level=INFO user=sre repo=safety-filters event=push status=success job=41254 trace=d44e9c8cff8994
2026-07-15T06:58:20.883Z host=eng-x12 service=auditd level=INFO user=builder repo=model-runtime event=session_close status=success job=47742 trace=eac3f78b261804
2026-07-15T06:58:36.816Z host=eng-x12 service=auditd level=INFO user=mchen repo=infra-charts event=push status=success job=44572 trace=6fd0dff9e64948
2026-07-15T06:59:11.123Z host=gpu-node-039 service=kubelet level=INFO namespace=training pod=checkpoint-0da87d event=probe_ok gpu_util=31
2026-07-15T07:01:28.791Z host=eng-x12 service=auditd level=INFO user=builder repo=model-runtime event=push status=success job=47047 trace=9473eb963c6afa
2026-07-15T07:02:13.072Z host=gpu-node-072 service=scheduler level=INFO namespace=training pod=trainer-34fbf5 event=image_present gpu_util=69
2026-07-15T07:04:37.637Z host=eng-x12 service=auditd level=INFO user=mchen repo=api-gateway event=checkout status=success job=43123 trace=b536ea69742db2
2026-07-15T07:05:03.796Z host=gpu-node-040 service=scheduler level=INFO namespace=monitoring pod=checkpoint-5d2d42 event=completed gpu_util=54
2026-07-15T07:08:47.274Z host=eng-x12 service=gitlab-runner level=INFO user=sre repo=safety-filters event=build status=success job=45644 trace=cd2d7898465263
2026-07-15T07:08:52.564Z host=eng-x12 service=gitlab-runner level=INFO user=mchen repo=api-gateway event=build status=success job=48771 trace=b964cf78e01784
2026-07-15T07:09:25.110Z host=gpu-node-072 service=containerd level=INFO namespace=inference pod=checkpoint-db41bd event=completed gpu_util=58
2026-07-15T07:09:41.576Z host=gpu-node-026 service=nvidia-dcgm level=INFO namespace=inference pod=checkpoint-a0bd13 event=image_present gpu_util=4
2026-07-15T07:11:24.836Z host=gpu-node-016 service=nvidia-dcgm level=INFO namespace=training pod=checkpoint-0fce10 event=started gpu_util=83
2026-07-15T07:12:44.191Z host=eng-x12 service=dockerd level=INFO user=sre repo=api-gateway event=build status=success job=41112 trace=58dd0e9fc1272a
2026-07-15T07:13:25.385Z host=gpu-node-047 service=kubelet level=INFO namespace=monitoring pod=node-exporter-b19a80 event=started gpu_util=43
2026-07-15T07:14:42.715Z host=gpu-node-025 service=scheduler level=INFO namespace=monitoring pod=checkpoint-3bfded event=image_present gpu_util=3
2026-07-15T07:15:38.285Z host=eng-x12 service=sshd level=INFO user=deploybot repo=api-gateway event=session_close status=success job=45691 trace=86d311a30b8256
2026-07-15T07:17:33.705Z host=eng-x12 service=sshd level=INFO user=builder repo=safety-filters event=checkout status=success job=41338 trace=e91b9e47b74b0e
2026-07-15T07:17:51.054Z host=gpu-node-116 service=kubelet level=INFO namespace=inference pod=trainer-3ee4e5 event=started gpu_util=100
2026-07-15T07:18:25.481Z host=gpu-node-018 service=scheduler level=INFO namespace=training pod=checkpoint-00d0ae event=image_present gpu_util=7
2026-07-15T07:18:42.081Z host=eng-x12 service=dockerd level=INFO user=deploybot repo=evaluation event=session_close status=success job=46959 trace=324194378b98de
2026-07-15T07:19:06.393Z host=eng-x12 service=gitlab-runner level=INFO user=deploybot repo=infra-charts event=checkout status=success job=42725 trace=f6a36d7bf1b415
2026-07-15T07:19:13.398Z host=eng-x12 service=sshd level=INFO user=sre repo=infra-charts event=checkout status=success job=42645 trace=0060e8d1e1009a
2026-07-15T07:19:26.671Z host=eng-x12 service=auditd level=INFO user=mchen repo=api-gateway event=session_close status=success job=48544 trace=3423e7b5903638
2026-07-15T07:21:08.618Z host=gpu-node-068 service=kubelet level=INFO namespace=inference pod=model-eval-32d770 event=started gpu_util=6
2026-07-15T07:21:33.701Z host=gpu-node-047 service=kubelet level=INFO namespace=inference pod=node-exporter-17bf5b event=probe_ok gpu_util=62
2026-07-15T07:23:49.578Z host=gpu-node-090 service=kubelet level=INFO namespace=inference pod=model-eval-245caf event=started gpu_util=64
2026-07-15T07:24:37.818Z host=eng-x12 service=gitlab-runner level=INFO user=sre repo=model-runtime event=fetch status=success job=41831 trace=bcf3a18d451f63
2026-07-15T07:24:56.437Z host=gpu-node-077 service=kubelet level=INFO namespace=training pod=model-eval-cf7674 event=completed gpu_util=12
2026-07-15T07:25:07.290Z host=eng-x12 service=dockerd level=INFO user=deploybot repo=model-runtime event=fetch status=success job=44493 trace=fb11d930ad224c
2026-07-15T07:25:57.674Z host=gpu-node-018 service=kubelet level=INFO namespace=inference pod=checkpoint-84ecf1 event=image_present gpu_util=0
2026-07-15T07:30:29.353Z host=gpu-node-037 service=nvidia-dcgm level=INFO namespace=monitoring pod=trainer-3b1cc6 event=started gpu_util=82
2026-07-15T07:30:38.385Z host=eng-x12 service=sshd level=INFO user=mchen repo=evaluation event=fetch status=success job=43788 trace=48c8d08d020176
2026-07-15T07:31:49.222Z host=gpu-node-109 service=containerd level=INFO namespace=monitoring pod=node-exporter-e6c49a event=image_present gpu_util=76
2026-07-15T07:33:54.140Z host=eng-x12 service=gitlab-runner level=INFO user=sre repo=safety-filters event=session_close status=success job=42953 trace=13dad05e843bd1
2026-07-15T07:34:16.597Z host=gpu-node-086 service=scheduler level=INFO namespace=training pod=trainer-c868cf event=image_present gpu_util=95
2026-07-15T07:35:12.475Z host=eng-x12 service=dockerd level=INFO user=deploybot repo=evaluation event=push status=success job=44998 trace=c6507852a58e2a
2026-07-15T07:35:59.457Z host=eng-x12 service=dockerd level=INFO user=mchen repo=model-runtime event=fetch status=success job=42570 trace=7681d9c535e4d3
2026-07-15T07:38:44.271Z host=eng-x12 service=sshd level=INFO user=mchen repo=infra-charts event=checkout status=success job=45461 trace=31ad78ce6c154a
2026-07-15T07:38:47.219Z host=gpu-node-038 service=scheduler level=INFO namespace=inference pod=model-eval-bc092d event=started gpu_util=25
2026-07-15T07:38:55.876Z host=gpu-node-120 service=kubelet level=INFO namespace=inference pod=node-exporter-416c60 event=completed gpu_util=72
2026-07-15T07:43:32.169Z host=eng-x12 service=sshd level=INFO user=deploybot repo=evaluation event=push status=success job=47096 trace=e2ea68a49afa7b
2026-07-15T07:43:48.564Z host=gpu-node-086 service=containerd level=INFO namespace=inference pod=trainer-c9ce4a event=probe_ok gpu_util=89
2026-07-15T07:43:51.097Z host=gpu-node-056 service=scheduler level=INFO namespace=monitoring pod=model-eval-fed2f9 event=probe_ok gpu_util=35
2026-07-15T07:44:46.478Z host=eng-x12 service=auditd level=INFO user=deploybot repo=api-gateway event=checkout status=success job=42373 trace=363453863d65bc
2026-07-15T07:45:24.594Z host=eng-x12 service=auditd level=INFO user=sre repo=model-runtime event=session_close status=success job=48129 trace=d88239a81fa4d4
2026-07-15T07:45:27.578Z host=gpu-node-124 service=containerd level=INFO namespace=training pod=node-exporter-609f7d event=completed gpu_util=71
2026-07-15T07:47:19.133Z host=eng-x12 service=dockerd level=INFO user=builder repo=model-runtime event=push status=success job=41344 trace=61b2279d7ac097
2026-07-15T07:49:19.541Z host=gpu-node-064 service=nvidia-dcgm level=INFO namespace=inference pod=node-exporter-b5c9e6 event=started gpu_util=63
2026-07-15T07:50:03.297Z host=gpu-node-117 service=containerd level=INFO namespace=inference pod=trainer-cc4056 event=started gpu_util=84
2026-07-15T07:51:38.795Z host=eng-x12 service=auditd level=INFO user=mchen repo=model-runtime event=push status=success job=44994 trace=5ef8546ced3a6e
2026-07-15T07:51:55.644Z host=eng-x12 service=sshd level=INFO user=sre repo=infra-charts event=session_close status=success job=48632 trace=54e0e733924444
2026-07-15T07:52:41.442Z host=eng-x12 service=dockerd level=INFO user=mchen repo=model-runtime event=fetch status=success job=41297 trace=6086b045d59dc3
2026-07-15T07:53:03.496Z host=eng-x12 service=gitlab-runner level=INFO user=deploybot repo=api-gateway event=build status=success job=46611 trace=019ec8f85b93ea
2026-07-15T07:53:48.641Z host=eng-x12 service=gitlab-runner level=INFO user=deploybot repo=model-runtime event=build status=success job=42386 trace=b28c729a49b2bd
2026-07-15T07:55:51.280Z host=eng-x12 service=gitlab-runner level=INFO user=builder repo=evaluation event=push status=success job=48383 trace=2bdf8b9e245bc6
2026-07-15T07:56:02.299Z host=gpu-node-005 service=scheduler level=INFO namespace=monitoring pod=checkpoint-b69069 event=image_present gpu_util=69
2026-07-15T07:56:32.203Z host=eng-x12 service=sshd level=INFO user=deploybot repo=evaluation event=push status=success job=48704 trace=62f813d1c9a4b0
2026-07-15T07:58:45.548Z host=eng-x12 service=sshd level=INFO user=deploybot repo=evaluation event=checkout status=success job=43960 trace=f48bf3cde81154
2026-07-15T08:00:08.822Z host=eng-x12 service=dockerd level=INFO user=builder repo=infra-charts event=push status=success job=42222 trace=a009b2ab78003b
2026-07-15T08:01:02.647Z host=eng-x12 service=gitlab-runner level=INFO user=deploybot repo=model-runtime event=checkout status=success job=41531 trace=4d73e0ca22ef77
2026-07-15T08:01:33.147Z host=gpu-node-023 service=containerd level=INFO namespace=inference pod=checkpoint-487740 event=image_present gpu_util=65
2026-07-15T08:02:09.925Z host=gpu-node-125 service=containerd level=INFO namespace=training pod=checkpoint-d285af event=probe_ok gpu_util=90
2026-07-15T08:02:10.820Z host=eng-x12 service=dockerd level=INFO user=builder repo=model-runtime event=fetch status=success job=41058 trace=fef2f0545578ca
2026-07-15T08:03:27.017Z host=eng-x12 service=dockerd level=INFO user=deploybot repo=api-gateway event=push status=success job=46800 trace=78b26441ee5442
2026-07-15T08:04:01.999Z host=eng-x12 service=auditd level=INFO user=deploybot repo=evaluation event=push status=success job=44637 trace=d6694db2f64eaf
2026-07-15T08:05:15.559Z host=eng-x12 service=gitlab-runner level=INFO user=sre repo=api-gateway event=session_close status=success job=43991 trace=d85a11c1765c1a
2026-07-15T08:05:26.230Z host=eng-x12 service=dockerd level=INFO user=builder repo=safety-filters event=build status=success job=48978 trace=710f37f1558b03
2026-07-15T08:07:29.708Z host=eng-x12 service=sshd level=INFO user=deploybot repo=model-runtime event=checkout status=success job=46913 trace=b96a0c0492f64a
2026-07-15T08:07:49.150Z host=gpu-node-108 service=nvidia-dcgm level=INFO namespace=training pod=node-exporter-18433b event=probe_ok gpu_util=99
2026-07-15T08:10:53.636Z host=eng-x12 service=sshd level=INFO user=mchen repo=evaluation event=checkout status=success job=48056 trace=1d2d26e5a21d09
2026-07-15T08:12:13.711Z host=eng-x12 service=dockerd level=INFO user=builder repo=infra-charts event=build status=success job=48548 trace=645d52f3023b37
2026-07-15T08:12:21.177Z host=gpu-node-076 service=scheduler level=INFO namespace=training pod=model-eval-c2a8da event=completed gpu_util=47
2026-07-15T08:13:32.359Z host=eng-x12 service=gitlab-runner level=INFO user=builder repo=safety-filters event=checkout status=success job=46895 trace=cff194e5d7f148
2026-07-15T08:15:19.462Z host=gpu-node-024 service=nvidia-dcgm level=INFO namespace=inference pod=node-exporter-931503 event=started gpu_util=37
2026-07-15T08:16:16.425Z host=eng-x12 service=sshd level=INFO user=deploybot repo=safety-filters event=session_close status=success job=41001 trace=5ecb5c17574a0f
2026-07-15T08:16:37.352Z host=eng-x12 service=sshd level=INFO user=mchen repo=model-runtime event=checkout status=success job=42278 trace=8861400065bea6
2026-07-15T08:17:17.660Z host=gpu-node-119 service=scheduler level=INFO namespace=inference pod=trainer-e0fd9b event=started gpu_util=41
2026-07-15T08:18:16.498Z host=gpu-node-107 service=nvidia-dcgm level=INFO namespace=monitoring pod=model-eval-288fb3 event=started gpu_util=28
2026-07-15T08:18:33.739Z host=eng-x12 service=auditd level=INFO user=mchen repo=evaluation event=session_close status=success job=41159 trace=aab16114d46140
2026-07-15T08:19:10.406Z host=gpu-node-125 service=scheduler level=INFO namespace=monitoring pod=node-exporter-5e96a7 event=probe_ok gpu_util=16
2026-07-15T08:19:11.188Z host=gpu-node-107 service=kubelet level=INFO namespace=inference pod=checkpoint-1281c7 event=completed gpu_util=80
2026-07-15T08:19:15.679Z host=eng-x12 service=auditd level=INFO user=builder repo=api-gateway event=session_close status=success job=46148 trace=4cb1c7644e9027
2026-07-15T08:19:22.552Z host=eng-x12 service=auditd level=INFO user=sre repo=api-gateway event=push status=success job=44395 trace=73c032e0b6c1d3
2026-07-15T08:19:29.231Z host=gpu-node-112 service=scheduler level=INFO namespace=training pod=checkpoint-ee6ace event=probe_ok gpu_util=6
2026-07-15T08:19:45.503Z host=eng-x12 service=dockerd level=INFO user=sre repo=api-gateway event=session_close status=success job=42708 trace=e7e7103b036f99
2026-07-15T08:20:33.635Z host=gpu-node-044 service=nvidia-dcgm level=INFO namespace=inference pod=checkpoint-19bc7b event=started gpu_util=82
2026-07-15T08:21:21.700Z host=gpu-node-045 service=nvidia-dcgm level=INFO namespace=monitoring pod=checkpoint-0c8736 event=completed gpu_util=56
2026-07-15T08:21:29.668Z host=gpu-node-120 service=scheduler level=INFO namespace=training pod=trainer-5495aa event=image_present gpu_util=7
2026-07-15T08:24:34.872Z host=eng-x12 service=dockerd level=INFO user=sre repo=api-gateway event=checkout status=success job=43169 trace=aaa01d161f947e
2026-07-15T08:25:05.834Z host=gpu-node-029 service=nvidia-dcgm level=INFO namespace=training pod=trainer-cff8a2 event=image_present gpu_util=16
2026-07-15T08:29:02.352Z host=eng-x12 service=dockerd level=INFO user=deploybot repo=api-gateway event=fetch status=success job=42794 trace=188b6e60ddcebf
2026-07-15T08:29:44.932Z host=eng-x12 service=auditd level=INFO user=mchen repo=evaluation event=checkout status=success job=46894 trace=d0ba1e94fc2bc0
2026-07-15T08:29:54.696Z host=eng-x12 service=gitlab-runner level=INFO user=deploybot repo=evaluation event=build status=success job=41613 trace=9c415a28f7f0d1
2026-07-15T08:30:43.790Z host=gpu-node-010 service=nvidia-dcgm level=INFO namespace=monitoring pod=checkpoint-a282c1 event=started gpu_util=8
2026-07-15T08:34:24.032Z host=gpu-node-032 service=scheduler level=INFO namespace=training pod=trainer-9b4c60 event=completed gpu_util=45
2026-07-15T08:35:13.613Z host=gpu-node-005 service=scheduler level=INFO namespace=monitoring pod=trainer-1898cf event=started gpu_util=47
2026-07-15T08:37:36.707Z host=gpu-node-019 service=containerd level=INFO namespace=training pod=node-exporter-0bb063 event=completed gpu_util=16
2026-07-15T08:41:23.471Z host=eng-x12 service=gitlab-runner level=INFO user=mchen repo=safety-filters event=fetch status=success job=44800 trace=552e1af704abad
2026-07-15T08:41:27.679Z host=eng-x12 service=auditd level=INFO user=builder repo=model-runtime event=build status=success job=46920 trace=73aa389ef1b701
2026-07-15T08:41:45.079Z host=eng-x12 service=sshd level=INFO user=sre repo=safety-filters event=push status=success job=46882 trace=576e82f6935ea8
2026-07-15T08:41:56.067Z host=eng-x12 service=gitlab-runner level=INFO user=mchen repo=model-runtime event=push status=success job=42101 trace=15a46dc0355d21
2026-07-15T08:42:16.951Z host=eng-x12 service=auditd level=INFO user=builder repo=infra-charts event=checkout status=success job=42141 trace=90622d0aeec6a9
2026-07-15T08:42:18.990Z host=eng-x12 service=gitlab-runner level=INFO user=builder repo=model-runtime event=build status=success job=46301 trace=d0567f70f6d0dd
2026-07-15T08:42:51.677Z host=eng-x12 service=auditd level=INFO user=deploybot repo=infra-charts event=push status=success job=46660 trace=7d1b0545382d96
2026-07-15T08:44:45.467Z host=gpu-node-080 service=kubelet level=INFO namespace=training pod=node-exporter-729828 event=completed gpu_util=21
2026-07-15T08:45:54.090Z host=eng-x12 service=dockerd level=INFO user=deploybot repo=api-gateway event=push status=success job=42681 trace=037e67120754b1
2026-07-15T08:46:46.629Z host=eng-x12 service=auditd level=INFO user=mchen repo=safety-filters event=session_close status=success job=48837 trace=1b7b5f5e410ddf
2026-07-15T08:47:03.814Z host=eng-x12 service=auditd level=INFO user=builder repo=api-gateway event=fetch status=success job=43832 trace=ced69b25f0549b
2026-07-15T08:47:36.255Z host=gpu-node-102 service=scheduler level=INFO namespace=monitoring pod=trainer-f51a41 event=completed gpu_util=55
2026-07-15T08:49:37.795Z host=eng-x12 service=auditd level=INFO user=builder repo=model-runtime event=fetch status=success job=42032 trace=aee17fb5d6a361
2026-07-15T08:54:52.333Z host=eng-x12 service=sshd level=INFO user=sre repo=api-gateway event=fetch status=success job=44456 trace=a9140599de6d46
2026-07-15T08:55:00.997Z host=gpu-node-083 service=kubelet level=INFO namespace=inference pod=node-exporter-04caac event=started gpu_util=16
2026-07-15T08:56:20.045Z host=eng-x12 service=sshd level=INFO user=builder repo=infra-charts event=build status=success job=45935 trace=cf60df501dc9a8
2026-07-15T08:57:48.651Z host=eng-x12 service=sshd level=INFO user=builder repo=safety-filters event=fetch status=success job=43711 trace=f8a44822692c4d
2026-07-15T08:58:22.608Z host=gpu-node-096 service=nvidia-dcgm level=INFO namespace=training pod=trainer-5f9d51 event=image_present gpu_util=20
2026-07-15T08:59:03.610Z host=eng-x12 service=gitlab-runner level=INFO user=builder repo=evaluation event=session_close status=success job=46649 trace=5112eb075c5c3b
2026-07-15T09:01:38.837Z host=eng-x12 service=gitlab-runner level=INFO user=sre repo=infra-charts event=session_close status=success job=41747 trace=a7521d1abb9dd7
2026-07-15T09:03:02.795Z host=eng-x12 service=sshd level=INFO user=mchen repo=safety-filters event=session_close status=success job=48245 trace=4e7bcf9ce5bb1e
2026-07-15T09:04:40.682Z host=gpu-node-048 service=nvidia-dcgm level=INFO namespace=inference pod=node-exporter-a4f44a event=completed gpu_util=21
2026-07-15T09:07:07.656Z host=eng-x12 service=auditd level=INFO user=mchen repo=safety-filters event=push status=success job=47880 trace=0be3fbb077b315
2026-07-15T09:07:13.352Z host=eng-x12 service=dockerd level=INFO user=mchen repo=safety-filters event=push status=success job=43670 trace=d9bbee9d194c39
2026-07-15T09:07:29.921Z host=eng-x12 service=auditd level=INFO user=deploybot repo=api-gateway event=checkout status=success job=43173 trace=7182a8fe9405c9
2026-07-15T09:11:02.625Z host=eng-x12 service=auditd level=INFO user=builder repo=safety-filters event=checkout status=success job=46414 trace=601f1d57bced8c
2026-07-15T09:11:06.485Z host=gpu-node-054 service=nvidia-dcgm level=INFO namespace=training pod=trainer-314f48 event=completed gpu_util=62
2026-07-15T09:11:24.385Z host=eng-x12 service=auditd level=INFO user=deploybot repo=safety-filters event=push status=success job=46705 trace=9e8f188d9e64f8
2026-07-15T09:12:57.625Z host=gpu-node-083 service=scheduler level=INFO namespace=monitoring pod=model-eval-b8f6f4 event=image_present gpu_util=20
2026-07-15T09:12:59.673Z host=eng-x12 service=dockerd level=INFO user=deploybot repo=api-gateway event=checkout status=success job=46358 trace=a096d5043b930e
2026-07-15T09:13:35.635Z host=eng-x12 service=sshd level=INFO user=sre repo=infra-charts event=fetch status=success job=47862 trace=b911aaf9285c49
2026-07-15T09:14:34.129Z host=gpu-node-079 service=nvidia-dcgm level=INFO namespace=inference pod=checkpoint-879c65 event=started gpu_util=77
2026-07-15T09:14:51.209Z host=gpu-node-077 service=kubelet level=INFO namespace=inference pod=trainer-8d9485 event=completed gpu_util=36
2026-07-15T09:15:56.519Z host=gpu-node-063 service=scheduler level=INFO namespace=monitoring pod=node-exporter-196ab2 event=started gpu_util=41
2026-07-15T09:18:31.968Z host=gpu-node-060 service=kubelet level=INFO namespace=monitoring pod=model-eval-021fbc event=probe_ok gpu_util=32
2026-07-15T09:19:20.532Z host=gpu-node-089 service=kubelet level=INFO namespace=training pod=model-eval-04ab16 event=probe_ok gpu_util=12
2026-07-15T09:19:31.243Z host=gpu-node-053 service=containerd level=INFO namespace=inference pod=trainer-0de663 event=completed gpu_util=94
2026-07-15T09:19:34.776Z host=eng-x12 service=gitlab-runner level=INFO user=sre repo=evaluation event=fetch status=success job=45137 trace=810cb04a71c30e
2026-07-15T09:20:33.275Z host=gpu-node-081 service=scheduler level=INFO namespace=training pod=node-exporter-70e12a event=started gpu_util=53
2026-07-15T09:21:04.296Z host=gpu-node-027 service=scheduler level=INFO namespace=inference pod=model-eval-6ba046 event=completed gpu_util=26
2026-07-15T09:23:36.551Z host=gpu-node-114 service=scheduler level=INFO namespace=training pod=checkpoint-e1b4f1 event=completed gpu_util=87
2026-07-15T09:24:10.324Z host=gpu-node-053 service=kubelet level=INFO namespace=inference pod=node-exporter-ee9b2e event=image_present gpu_util=74
2026-07-15T09:25:24.652Z host=eng-x12 service=auditd level=INFO user=mchen repo=infra-charts event=push status=success job=48071 trace=b038d90f3446b2
2026-07-15T09:25:37.400Z host=gpu-node-019 service=kubelet level=INFO namespace=monitoring pod=model-eval-4bb9a0 event=started gpu_util=62
2026-07-15T09:26:57.990Z host=eng-x12 service=gitlab-runner level=INFO user=mchen repo=evaluation event=fetch status=success job=43876 trace=abe2367734ac8e
2026-07-15T09:27:51.993Z host=eng-x12 service=auditd level=INFO user=builder repo=safety-filters event=session_close status=success job=43794 trace=2fb26bb2903eff
2026-07-15T09:27:54.709Z host=eng-x12 service=sshd level=INFO user=sre repo=safety-filters event=build status=success job=44778 trace=8b36d56f158178
2026-07-15T09:28:59.676Z host=gpu-node-008 service=kubelet level=INFO namespace=training pod=trainer-ec2ea9 event=started gpu_util=50
2026-07-15T09:31:05.577Z host=eng-x12 service=dockerd level=INFO user=sre repo=model-runtime event=session_close status=success job=48652 trace=6fd10aa3a9e5dc
2026-07-15T09:31:21.430Z host=eng-x12 service=dockerd level=INFO user=mchen repo=safety-filters event=session_close status=success job=45131 trace=6e904ba4aec122
2026-07-15T09:32:25.918Z host=eng-x12 service=auditd level=INFO user=sre repo=safety-filters event=push status=success job=44926 trace=c564c6e286a7cb
2026-07-15T09:32:33.932Z host=gpu-node-106 service=containerd level=INFO namespace=inference pod=trainer-1c8216 event=completed gpu_util=70
2026-07-15T09:35:46.550Z host=eng-x12 service=dockerd level=INFO user=sre repo=safety-filters event=build status=success job=48553 trace=db09c57096b84f
2026-07-15T09:36:29.326Z host=eng-x12 service=gitlab-runner level=INFO user=sre repo=model-runtime event=checkout status=success job=42240 trace=b9f54cdd6f5935
2026-07-15T09:37:50.799Z host=eng-x12 service=sshd level=INFO user=deploybot repo=model-runtime event=session_close status=success job=43190 trace=2c11df04d1b0de
2026-07-15T09:38:25.561Z host=gpu-node-022 service=kubelet level=INFO namespace=training pod=model-eval-857644 event=probe_ok gpu_util=86
2026-07-15T09:39:21.169Z host=eng-x12 service=dockerd level=INFO user=builder repo=api-gateway event=session_close status=success job=45988 trace=4ba3a345d04bc0
2026-07-15T09:41:23.109Z host=gpu-node-069 service=kubelet level=INFO namespace=training pod=trainer-a424a1 event=started gpu_util=88
2026-07-15T09:43:00.556Z host=eng-x12 service=gitlab-runner level=INFO user=mchen repo=api-gateway event=fetch status=success job=44234 trace=dc78b9a843717e
2026-07-15T09:44:39.364Z host=eng-x12 service=dockerd level=INFO user=sre repo=safety-filters event=fetch status=success job=41070 trace=d14cda3fab8230
2026-07-15T09:46:00.616Z host=eng-x12 service=dockerd level=INFO user=deploybot repo=evaluation event=checkout status=success job=43109 trace=34c48d7f79ca9f
2026-07-15T09:47:42.846Z host=gpu-node-012 service=kubelet level=INFO namespace=monitoring pod=model-eval-e36d89 event=image_present gpu_util=71
2026-07-15T09:48:47.863Z host=gpu-node-103 service=kubelet level=INFO namespace=inference pod=trainer-d7321d event=completed gpu_util=11
2026-07-15T09:50:11.705Z host=gpu-node-082 service=scheduler level=INFO namespace=training pod=model-eval-e917ff event=started gpu_util=93
2026-07-15T09:51:30.944Z host=gpu-node-052 service=scheduler level=INFO namespace=inference pod=node-exporter-3dd902 event=started gpu_util=35
2026-07-15T09:54:57.025Z host=gpu-node-077 service=nvidia-dcgm level=INFO namespace=inference pod=model-eval-0431ac event=probe_ok gpu_util=62
2026-07-15T09:56:15.862Z host=gpu-node-074 service=nvidia-dcgm level=INFO namespace=monitoring pod=checkpoint-7b543a event=started gpu_util=4
2026-07-15T09:56:19.007Z host=eng-x12 service=gitlab-runner level=INFO user=sre repo=model-runtime event=fetch status=success job=44778 trace=65661965dd87c4
2026-07-15T09:56:25.095Z host=eng-x12 service=auditd level=INFO user=sre repo=api-gateway event=build status=success job=48607 trace=580271a6c2b8c8
2026-07-15T09:56:52.939Z host=eng-x12 service=auditd level=INFO user=sre repo=infra-charts event=session_close status=success job=45990 trace=7c4ed83da8f09d
2026-07-15T09:58:50.370Z host=eng-x12 service=dockerd level=INFO user=builder repo=model-runtime event=session_close status=success job=46751 trace=0c06ce69d9e257
2026-07-15T09:58:58.362Z host=gpu-node-057 service=nvidia-dcgm level=INFO namespace=monitoring pod=trainer-ba464b event=probe_ok gpu_util=54
2026-07-15T10:00:44.075Z host=eng-x12 service=gitlab-runner level=INFO user=builder repo=safety-filters event=push status=success job=47119 trace=54c0572701c83a
2026-07-15T10:01:36.447Z host=eng-x12 service=auditd level=INFO user=deploybot repo=infra-charts event=build status=success job=48539 trace=fe6d9baf7bf78d
2026-07-15T10:02:34.460Z host=gpu-node-040 service=nvidia-dcgm level=INFO namespace=monitoring pod=node-exporter-e88bdb event=image_present gpu_util=92
2026-07-15T10:04:26.965Z host=eng-x12 service=gitlab-runner level=INFO user=builder repo=safety-filters event=push status=success job=41337 trace=3cece8310ff250
2026-07-15T10:04:53.803Z host=eng-x12 service=gitlab-runner level=INFO user=sre repo=model-runtime event=build status=success job=42354 trace=d62e5576605433
2026-07-15T10:07:35.515Z host=gpu-node-091 service=nvidia-dcgm level=INFO namespace=training pod=checkpoint-caa59a event=probe_ok gpu_util=69
2026-07-15T10:08:29.042Z host=eng-x12 service=gitlab-runner level=INFO user=mchen repo=api-gateway event=checkout status=success job=45156 trace=85e40070fdf464
2026-07-15T10:09:30.860Z host=gpu-node-124 service=scheduler level=INFO namespace=monitoring pod=trainer-4626b2 event=image_present gpu_util=42
2026-07-15T10:09:44.262Z host=eng-x12 service=sshd level=INFO user=builder repo=model-runtime event=session_close status=success job=45975 trace=bdbe42080c3533
2026-07-15T10:10:13.333Z host=gpu-node-122 service=kubelet level=INFO namespace=inference pod=model-eval-742ae2 event=completed gpu_util=55
2026-07-15T10:10:48.530Z host=gpu-node-109 service=kubelet level=INFO namespace=monitoring pod=model-eval-eaf44c event=completed gpu_util=21
2026-07-15T10:11:06.636Z host=gpu-node-055 service=scheduler level=INFO namespace=training pod=node-exporter-527dbe event=completed gpu_util=77
2026-07-15T10:11:24.191Z host=gpu-node-038 service=containerd level=INFO namespace=training pod=node-exporter-357373 event=probe_ok gpu_util=31
2026-07-15T10:13:27.802Z host=eng-x12 service=dockerd level=INFO user=deploybot repo=evaluation event=checkout status=success job=47269 trace=fb1bf0aaadf971
2026-07-15T10:14:30.528Z host=gpu-node-052 service=nvidia-dcgm level=INFO namespace=monitoring pod=model-eval-9194f8 event=probe_ok gpu_util=2
2026-07-15T10:14:50.241Z host=eng-x12 service=auditd level=INFO user=mchen repo=evaluation event=push status=success job=45072 trace=d63e50697e94cd
2026-07-15T10:17:06.770Z host=gpu-node-066 service=containerd level=INFO namespace=monitoring pod=node-exporter-026338 event=image_present gpu_util=70
2026-07-15T10:17:17.637Z host=eng-x12 service=gitlab-runner level=INFO user=builder repo=evaluation event=push status=success job=43553 trace=28e5ab915e4f01
2026-07-15T10:19:07.910Z host=eng-x12 service=gitlab-runner level=INFO user=mchen repo=safety-filters event=checkout status=success job=45931 trace=9a0a75cbb6782f
2026-07-15T10:19:55.955Z host=gpu-node-090 service=nvidia-dcgm level=INFO namespace=monitoring pod=node-exporter-5c6dd7 event=probe_ok gpu_util=0
2026-07-15T10:22:08.495Z host=gpu-node-113 service=nvidia-dcgm level=INFO namespace=monitoring pod=trainer-91b059 event=probe_ok gpu_util=47
2026-07-15T10:23:48.890Z host=eng-x12 service=gitlab-runner level=INFO user=deploybot repo=api-gateway event=session_close status=success job=41080 trace=cad9df8d5db1ab
2026-07-15T10:24:50.428Z host=eng-x12 service=gitlab-runner level=INFO user=sre repo=model-runtime event=session_close status=success job=41119 trace=853371c5c5f63c
2026-07-15T10:24:50.863Z host=eng-x12 service=dockerd level=INFO user=builder repo=evaluation event=push status=success job=48412 trace=24c9148b0edd51
2026-07-15T10:25:04.570Z host=eng-x12 service=gitlab-runner level=INFO user=mchen repo=safety-filters event=session_close status=success job=48254 trace=01d87da6152658
2026-07-15T10:26:17.850Z host=eng-x12 service=dockerd level=INFO user=sre repo=evaluation event=push status=success job=43387 trace=21b80b28e54983
2026-07-15T10:26:27.090Z host=eng-x12 service=dockerd level=INFO user=builder repo=evaluation event=fetch status=success job=41813 trace=aaec0efe5e6d4b
2026-07-15T10:27:47.204Z host=eng-x12 service=auditd level=INFO user=builder repo=infra-charts event=checkout status=success job=41954 trace=e6953fc4374ec8
2026-07-15T10:28:10.378Z host=eng-x12 service=sshd level=INFO user=sre repo=model-runtime event=fetch status=success job=43323 trace=f80b9f1e526c81
2026-07-15T10:29:06.862Z host=eng-x12 service=sshd level=INFO user=deploybot repo=model-runtime event=push status=success job=45530 trace=e42309e06f63ee
2026-07-15T10:29:22.356Z host=eng-x12 service=auditd level=INFO user=mchen repo=evaluation event=fetch status=success job=44443 trace=cabaacf3bf00b0
2026-07-15T10:30:25.340Z host=eng-x12 service=dockerd level=INFO user=sre repo=infra-charts event=session_close status=success job=41761 trace=8750514f32d0d6
2026-07-15T10:30:26.535Z host=gpu-node-059 service=kubelet level=INFO namespace=inference pod=node-exporter-f97b78 event=probe_ok gpu_util=74
2026-07-15T10:31:02.980Z host=eng-x12 service=gitlab-runner level=INFO user=deploybot repo=model-runtime event=build status=success job=42272 trace=640ce4d90819cb
2026-07-15T10:31:58.128Z host=gpu-node-030 service=kubelet level=INFO namespace=monitoring pod=checkpoint-a3f826 event=image_present gpu_util=11
2026-07-15T10:32:27.124Z host=gpu-node-067 service=scheduler level=INFO namespace=inference pod=model-eval-ca31b2 event=completed gpu_util=56
2026-07-15T10:33:17.635Z host=gpu-node-055 service=scheduler level=INFO namespace=inference pod=checkpoint-ebd127 event=image_present gpu_util=89
2026-07-15T10:34:49.255Z host=eng-x12 service=sshd level=INFO user=deploybot repo=safety-filters event=session_close status=success job=44706 trace=27e75f06e58202
2026-07-15T10:35:21.689Z host=gpu-node-033 service=containerd level=INFO namespace=training pod=trainer-0eca47 event=probe_ok gpu_util=5
2026-07-15T10:35:44.271Z host=eng-x12 service=auditd level=INFO user=builder repo=api-gateway event=session_close status=success job=47734 trace=02ca01d7099324
2026-07-15T10:36:25.568Z host=gpu-node-055 service=scheduler level=INFO namespace=training pod=checkpoint-fdde89 event=completed gpu_util=43
2026-07-15T10:36:39.312Z host=gpu-node-033 service=scheduler level=INFO namespace=inference pod=model-eval-96a753 event=completed gpu_util=34
2026-07-15T10:38:11.905Z host=eng-x12 service=gitlab-runner level=INFO user=mchen repo=infra-charts event=session_close status=success job=45148 trace=b1dbebb0000f49
2026-07-15T10:38:13.924Z host=eng-x12 service=auditd level=INFO user=builder repo=safety-filters event=session_close status=success job=45978 trace=960622ca731ea1
2026-07-15T10:38:33.528Z host=gpu-node-116 service=kubelet level=INFO namespace=training pod=checkpoint-d802d2 event=completed gpu_util=6
2026-07-15T10:39:00.378Z host=gpu-node-117 service=containerd level=INFO namespace=training pod=trainer-5ecc8c event=started gpu_util=39
2026-07-15T10:40:46.418Z host=gpu-node-118 service=scheduler level=INFO namespace=training pod=node-exporter-fc5ee6 event=probe_ok gpu_util=19
2026-07-15T10:41:17.970Z host=eng-x12 service=sshd level=INFO user=mchen repo=infra-charts event=session_close status=success job=44944 trace=c8311b1bac006e
2026-07-15T10:41:20.064Z host=eng-x12 service=dockerd level=INFO user=mchen repo=safety-filters event=session_close status=success job=41997 trace=67a2f097485f54
2026-07-15T10:41:22.132Z host=gpu-node-056 service=nvidia-dcgm level=INFO namespace=inference pod=trainer-df8931 event=started gpu_util=58
2026-07-15T10:41:24.027Z host=eng-x12 service=dockerd level=INFO user=deploybot repo=safety-filters event=fetch status=success job=46439 trace=b92d0321e05f17
2026-07-15T10:42:04.445Z host=eng-x12 service=gitlab-runner level=INFO user=builder repo=api-gateway event=session_close status=success job=44709 trace=a5dff944666a0d
2026-07-15T10:42:15.010Z host=gpu-node-049 service=scheduler level=INFO namespace=inference pod=checkpoint-13e348 event=completed gpu_util=3
2026-07-15T10:44:52.466Z host=eng-x12 service=auditd level=INFO user=mchen repo=safety-filters event=push status=success job=48605 trace=b687f34bf13a94
2026-07-15T10:47:27.518Z host=gpu-node-079 service=kubelet level=INFO namespace=training pod=node-exporter-976b18 event=completed gpu_util=64
2026-07-15T10:47:32.900Z host=gpu-node-047 service=containerd level=INFO namespace=inference pod=checkpoint-d1a531 event=image_present gpu_util=95
2026-07-15T10:47:47.641Z host=gpu-node-042 service=containerd level=INFO namespace=training pod=model-eval-be668f event=probe_ok gpu_util=49
2026-07-15T10:48:03.466Z host=gpu-node-085 service=kubelet level=INFO namespace=inference pod=checkpoint-e7d91f event=started gpu_util=88
2026-07-15T10:48:08.942Z host=eng-x12 service=sshd level=INFO user=deploybot repo=safety-filters event=fetch status=success job=46283 trace=2e5678da29813b
2026-07-15T10:48:38.920Z host=eng-x12 service=auditd level=INFO user=deploybot repo=api-gateway event=checkout status=success job=41076 trace=41667b56b71587
2026-07-15T10:49:53.682Z host=gpu-node-108 service=containerd level=INFO namespace=training pod=model-eval-da4350 event=image_present gpu_util=42
2026-07-15T10:50:13.130Z host=gpu-node-054 service=scheduler level=INFO namespace=inference pod=node-exporter-c610fa event=probe_ok gpu_util=5
2026-07-15T10:50:26.336Z host=eng-x12 service=dockerd level=INFO user=mchen repo=infra-charts event=session_close status=success job=48143 trace=e185c7a1259ae9
2026-07-15T10:51:35.931Z host=eng-x12 service=auditd level=INFO user=builder repo=model-runtime event=checkout status=success job=45226 trace=5a5f8d1bc00c80
2026-07-15T10:52:52.547Z host=eng-x12 service=gitlab-runner level=INFO user=builder repo=model-runtime event=fetch status=success job=44358 trace=2d2b6d677be0eb
2026-07-15T10:53:13.549Z host=eng-x12 service=auditd level=INFO user=sre repo=infra-charts event=checkout status=success job=45765 trace=a5ec59ab9535bc
2026-07-15T10:53:14.478Z host=eng-x12 service=dockerd level=INFO user=builder repo=safety-filters event=checkout status=success job=42775 trace=34e1287d056399
2026-07-15T10:55:47.756Z host=eng-x12 service=dockerd level=INFO user=mchen repo=evaluation event=fetch status=success job=47170 trace=7fa1ab75997455
2026-07-15T11:01:19.001Z host=gpu-node-035 service=scheduler level=INFO namespace=monitoring pod=trainer-537b41 event=probe_ok gpu_util=28
2026-07-15T11:01:54.777Z host=gpu-node-096 service=nvidia-dcgm level=INFO namespace=monitoring pod=trainer-c10520 event=completed gpu_util=65
2026-07-15T11:05:37.373Z host=gpu-node-089 service=containerd level=INFO namespace=training pod=checkpoint-10eacb event=completed gpu_util=68
2026-07-15T11:08:12.009Z host=gpu-node-110 service=kubelet level=INFO namespace=inference pod=node-exporter-99ab58 event=image_present gpu_util=65
2026-07-15T11:08:12.588Z host=eng-x12 service=dockerd level=INFO user=deploybot repo=safety-filters event=checkout status=success job=47129 trace=04086465c74732
2026-07-15T11:09:32.115Z host=gpu-node-087 service=scheduler level=INFO namespace=inference pod=node-exporter-4b7ea6 event=probe_ok gpu_util=14
2026-07-15T11:10:41.821Z host=gpu-node-006 service=kubelet level=INFO namespace=training pod=checkpoint-164b2a event=probe_ok gpu_util=25
2026-07-15T11:11:00.157Z host=eng-x12 service=gitlab-runner level=INFO user=builder repo=evaluation event=session_close status=success job=43152 trace=eb569c69844209
2026-07-15T11:14:30.218Z host=eng-x12 service=dockerd level=INFO user=mchen repo=api-gateway event=checkout status=success job=46865 trace=398ad2caff1890
2026-07-15T11:14:33.528Z host=eng-x12 service=gitlab-runner level=INFO user=sre repo=api-gateway event=fetch status=success job=46222 trace=a689ea351686ca
2026-07-15T11:15:01.685Z host=gpu-node-078 service=nvidia-dcgm level=INFO namespace=monitoring pod=model-eval-8778db event=started gpu_util=64
2026-07-15T11:15:21.606Z host=eng-x12 service=gitlab-runner level=INFO user=sre repo=safety-filters event=fetch status=success job=42921 trace=404a9d8459347f
2026-07-15T11:16:22.693Z host=gpu-node-098 service=nvidia-dcgm level=INFO namespace=training pod=checkpoint-43e16b event=probe_ok gpu_util=66
2026-07-15T11:17:43.314Z host=gpu-node-050 service=nvidia-dcgm level=INFO namespace=training pod=checkpoint-e57250 event=image_present gpu_util=100
2026-07-15T11:18:04.658Z host=gpu-node-009 service=nvidia-dcgm level=INFO namespace=inference pod=checkpoint-979c92 event=probe_ok gpu_util=22
2026-07-15T11:18:06.876Z host=eng-x12 service=auditd level=INFO user=sre repo=model-runtime event=session_close status=success job=43823 trace=c14f990ffa6ac8
2026-07-15T11:20:15.724Z host=gpu-node-002 service=scheduler level=INFO namespace=training pod=model-eval-176be0 event=probe_ok gpu_util=83
2026-07-15T11:21:08.491Z host=gpu-node-023 service=kubelet level=INFO namespace=training pod=checkpoint-127c14 event=probe_ok gpu_util=12
2026-07-15T11:23:00.064Z host=gpu-node-076 service=scheduler level=INFO namespace=monitoring pod=checkpoint-9cca25 event=probe_ok gpu_util=99
2026-07-15T11:23:04.529Z host=eng-x12 service=sshd level=INFO user=deploybot repo=evaluation event=push status=success job=44270 trace=81008787d9f34a
2026-07-15T11:25:39.082Z host=eng-x12 service=auditd level=INFO user=sre repo=evaluation event=session_close status=success job=47866 trace=7c949e809313b0
2026-07-15T11:25:48.715Z host=gpu-node-085 service=scheduler level=INFO namespace=monitoring pod=node-exporter-493f61 event=image_present gpu_util=66
2026-07-15T11:27:58.262Z host=gpu-node-026 service=scheduler level=INFO namespace=training pod=checkpoint-703586 event=completed gpu_util=64
2026-07-15T11:28:40.296Z host=gpu-node-049 service=containerd level=INFO namespace=training pod=model-eval-d35db4 event=started gpu_util=19
2026-07-15T11:29:34.454Z host=gpu-node-112 service=nvidia-dcgm level=INFO namespace=training pod=trainer-d2b971 event=started gpu_util=74
2026-07-15T11:29:40.751Z host=eng-x12 service=sshd level=INFO user=deploybot repo=infra-charts event=session_close status=success job=46152 trace=fb770e9790095b
2026-07-15T11:30:56.097Z host=eng-x12 service=auditd level=INFO user=sre repo=safety-filters event=checkout status=success job=44036 trace=26de87131476d0
2026-07-15T11:30:56.824Z host=eng-x12 service=auditd level=INFO user=mchen repo=infra-charts event=checkout status=success job=47450 trace=139726fb140d07
2026-07-15T11:31:40.493Z host=gpu-node-064 service=nvidia-dcgm level=INFO namespace=training pod=model-eval-32d912 event=probe_ok gpu_util=91
2026-07-15T11:31:49.157Z host=gpu-node-027 service=scheduler level=INFO namespace=training pod=checkpoint-2ee9e6 event=started gpu_util=78
2026-07-15T11:33:53.227Z host=gpu-node-100 service=kubelet level=INFO namespace=monitoring pod=model-eval-73b93f event=completed gpu_util=6
2026-07-15T11:34:38.001Z host=eng-x12 service=auditd level=INFO user=sre repo=safety-filters event=push status=success job=43002 trace=16a3d0c8939923
2026-07-15T11:35:13.694Z host=eng-x12 service=dockerd level=INFO user=deploybot repo=api-gateway event=session_close status=success job=44046 trace=3fa550edd8bb39
2026-07-15T11:36:07.140Z host=gpu-node-128 service=kubelet level=INFO namespace=training pod=model-eval-533c2a event=started gpu_util=18
2026-07-15T11:36:57.539Z host=gpu-node-123 service=containerd level=INFO namespace=monitoring pod=checkpoint-4ca999 event=started gpu_util=79
2026-07-15T11:37:04.519Z host=gpu-node-024 service=kubelet level=INFO namespace=training pod=trainer-c2b76e event=started gpu_util=66
2026-07-15T11:38:33.897Z host=eng-x12 service=dockerd level=INFO user=builder repo=api-gateway event=session_close status=success job=46446 trace=257458517b346a
2026-07-15T11:41:32.253Z host=gpu-node-052 service=scheduler level=INFO namespace=training pod=model-eval-955682 event=started gpu_util=51
2026-07-15T11:43:18.410Z host=gpu-node-121 service=containerd level=INFO namespace=monitoring pod=trainer-3f9b1e event=image_present gpu_util=67
2026-07-15T11:45:27.175Z host=eng-x12 service=auditd level=INFO user=deploybot repo=model-runtime event=build status=success job=46838 trace=d0930f366ce7ec
2026-07-15T11:45:51.522Z host=eng-x12 service=sshd level=INFO user=mchen repo=model-runtime event=push status=success job=41425 trace=4fe1e6e07e31b4
2026-07-15T11:46:53.076Z host=eng-x12 service=gitlab-runner level=INFO user=mchen repo=safety-filters event=push status=success job=48293 trace=9e36381d429b58
2026-07-15T11:47:44.963Z host=gpu-node-053 service=containerd level=INFO namespace=inference pod=model-eval-271dd8 event=image_present gpu_util=69
2026-07-15T11:50:08.114Z host=eng-x12 service=auditd level=INFO user=mchen repo=api-gateway event=session_close status=success job=48915 trace=7c995ee10d6dae
2026-07-15T11:50:23.104Z host=gpu-node-018 service=nvidia-dcgm level=INFO namespace=monitoring pod=trainer-08db9c event=completed gpu_util=69
2026-07-15T11:50:39.347Z host=gpu-node-067 service=scheduler level=INFO namespace=inference pod=model-eval-6c0a47 event=image_present gpu_util=33
2026-07-15T11:51:49.980Z host=eng-x12 service=sshd level=INFO user=sre repo=api-gateway event=push status=success job=45941 trace=c39f1789d86508
2026-07-15T11:52:17.427Z host=eng-x12 service=auditd level=INFO user=sre repo=safety-filters event=fetch status=success job=42529 trace=6db414a40b2ce8
2026-07-15T11:59:24.599Z host=gpu-node-079 service=containerd level=INFO namespace=training pod=node-exporter-2824fd event=started gpu_util=55
2026-07-15T12:01:27.937Z host=eng-x12 service=gitlab-runner level=INFO user=sre repo=safety-filters event=checkout status=success job=48296 trace=4802fd1207196b
2026-07-15T12:03:57.036Z host=eng-x12 service=sshd level=INFO user=sre repo=evaluation event=checkout status=success job=41619 trace=aea1298936cb13
2026-07-15T12:06:02.679Z host=gpu-node-117 service=kubelet level=INFO namespace=inference pod=node-exporter-f9bd88 event=image_present gpu_util=64
2026-07-15T12:06:16.345Z host=gpu-node-069 service=scheduler level=INFO namespace=training pod=node-exporter-4cc6c2 event=completed gpu_util=63
2026-07-15T12:07:40.804Z host=eng-x12 service=auditd level=INFO user=deploybot repo=safety-filters event=fetch status=success job=48040 trace=a44fb5aa056426
2026-07-15T12:07:49.514Z host=gpu-node-058 service=kubelet level=INFO namespace=training pod=model-eval-9ccbae event=completed gpu_util=89
2026-07-15T12:09:05.076Z host=gpu-node-090 service=nvidia-dcgm level=INFO namespace=monitoring pod=checkpoint-cca7d0 event=image_present gpu_util=88
2026-07-15T12:09:42.949Z host=gpu-node-046 service=kubelet level=INFO namespace=monitoring pod=trainer-e672a6 event=started gpu_util=37
2026-07-15T12:09:53.142Z host=eng-x12 service=auditd level=INFO user=deploybot repo=infra-charts event=fetch status=success job=48252 trace=02dbc0448d89ae
2026-07-15T12:12:30.673Z host=eng-x12 service=auditd level=INFO user=sre repo=evaluation event=build status=success job=44317 trace=cbabc7ec718518
2026-07-15T12:13:46.934Z host=eng-x12 service=auditd level=INFO user=deploybot repo=model-runtime event=checkout status=success job=45040 trace=b48bab2c89a780
2026-07-15T12:13:56.975Z host=eng-x12 service=dockerd level=INFO user=deploybot repo=api-gateway event=checkout status=success job=47658 trace=e0d070a7cae7a1
2026-07-15T12:14:02.934Z host=gpu-node-002 service=nvidia-dcgm level=INFO namespace=inference pod=model-eval-fc6560 event=image_present gpu_util=84
2026-07-15T12:14:23.141Z host=eng-x12 service=sshd level=INFO user=mchen repo=evaluation event=session_close status=success job=46935 trace=37a96a371decca
2026-07-15T12:16:29.644Z host=eng-x12 service=sshd level=INFO user=sre repo=evaluation event=checkout status=success job=42378 trace=10e6bd8f08a402
2026-07-15T12:17:25.999Z host=eng-x12 service=sshd level=INFO user=deploybot repo=model-runtime event=checkout status=success job=48222 trace=369c71029471ac
2026-07-15T12:17:32.461Z host=eng-x12 service=gitlab-runner level=INFO user=builder repo=evaluation event=push status=success job=43524 trace=e0ec34e3899c25
2026-07-15T12:18:25.935Z host=eng-x12 service=sshd level=INFO user=mchen repo=api-gateway event=push status=success job=42815 trace=aaa510d3383a34
2026-07-15T12:20:35.090Z host=gpu-node-067 service=kubelet level=INFO namespace=inference pod=node-exporter-9452e4 event=image_present gpu_util=61
2026-07-15T12:21:18.221Z host=gpu-node-042 service=scheduler level=INFO namespace=training pod=model-eval-ba47ed event=started gpu_util=24
2026-07-15T12:21:30.630Z host=gpu-node-090 service=kubelet level=INFO namespace=monitoring pod=node-exporter-06646a event=image_present gpu_util=5
2026-07-15T12:21:41.007Z host=gpu-node-013 service=nvidia-dcgm level=INFO namespace=inference pod=model-eval-17e217 event=completed gpu_util=51
2026-07-15T12:22:34.125Z host=eng-x12 service=dockerd level=INFO user=sre repo=safety-filters event=session_close status=success job=42420 trace=108dbcabda6aa3
2026-07-15T12:23:59.016Z host=gpu-node-003 service=kubelet level=INFO namespace=inference pod=trainer-837b58 event=completed gpu_util=40
2026-07-15T12:24:00.580Z host=gpu-node-021 service=kubelet level=INFO namespace=inference pod=node-exporter-7715b4 event=probe_ok gpu_util=20
2026-07-15T12:26:33.160Z host=eng-x12 service=dockerd level=INFO user=mchen repo=api-gateway event=fetch status=success job=45218 trace=dd97e3431384b1
2026-07-15T12:26:33.973Z host=gpu-node-105 service=scheduler level=INFO namespace=monitoring pod=checkpoint-17fdd8 event=probe_ok gpu_util=68
2026-07-15T12:28:33.156Z host=gpu-node-089 service=containerd level=INFO namespace=monitoring pod=node-exporter-afcba4 event=started gpu_util=79
2026-07-15T12:29:22.935Z host=gpu-node-114 service=containerd level=INFO namespace=training pod=trainer-7a2991 event=probe_ok gpu_util=7
2026-07-15T12:29:48.483Z host=eng-x12 service=gitlab-runner level=INFO user=mchen repo=model-runtime event=fetch status=success job=44755 trace=fa0461c64b9de7
2026-07-15T12:30:32.359Z host=eng-x12 service=auditd level=INFO user=builder repo=evaluation event=session_close status=success job=43797 trace=93d17df9ddbd87
2026-07-15T12:31:26.163Z host=eng-x12 service=sshd level=INFO user=mchen repo=api-gateway event=session_close status=success job=48939 trace=2dcdc8d311ca04
2026-07-15T12:32:31.422Z host=gpu-node-024 service=scheduler level=INFO namespace=training pod=checkpoint-57d5cb event=started gpu_util=48
2026-07-15T12:32:49.069Z host=gpu-node-104 service=scheduler level=INFO namespace=inference pod=checkpoint-7dd7e0 event=completed gpu_util=23
2026-07-15T12:33:07.029Z host=gpu-node-057 service=nvidia-dcgm level=INFO namespace=monitoring pod=trainer-b1611d event=probe_ok gpu_util=79
2026-07-15T12:33:18.173Z host=gpu-node-112 service=scheduler level=INFO namespace=monitoring pod=model-eval-5a979d event=image_present gpu_util=98
2026-07-15T12:34:18.836Z host=gpu-node-046 service=nvidia-dcgm level=INFO namespace=training pod=model-eval-c1f284 event=image_present gpu_util=77
2026-07-15T12:35:18.910Z host=eng-x12 service=sshd level=INFO user=sre repo=evaluation event=push status=success job=42504 trace=ea738b6121e40d
2026-07-15T12:38:15.150Z host=eng-x12 service=sshd level=INFO user=sre repo=api-gateway event=session_close status=success job=46990 trace=ad1dc63daa2ec9
2026-07-15T12:41:02.257Z host=gpu-node-112 service=scheduler level=INFO namespace=training pod=model-eval-aea800 event=probe_ok gpu_util=51
2026-07-15T12:43:21.062Z host=eng-x12 service=sshd level=INFO user=deploybot repo=infra-charts event=push status=success job=48715 trace=c5fe2a3d010174
2026-07-15T12:43:47.870Z host=eng-x12 service=sshd level=INFO user=builder repo=api-gateway event=push status=success job=44558 trace=3119e7f359fdf9
2026-07-15T12:44:15.487Z host=gpu-node-101 service=nvidia-dcgm level=INFO namespace=inference pod=checkpoint-df3a10 event=probe_ok gpu_util=0
2026-07-15T12:44:20.381Z host=eng-x12 service=dockerd level=INFO user=builder repo=evaluation event=checkout status=success job=44438 trace=d606880a02ef0d
2026-07-15T12:45:13.711Z host=eng-x12 service=sshd level=INFO user=builder repo=infra-charts event=fetch status=success job=44455 trace=d02cd5e6bbcb2f
2026-07-15T12:45:28.526Z host=gpu-node-002 service=containerd level=INFO namespace=inference pod=model-eval-92d312 event=probe_ok gpu_util=9
2026-07-15T12:45:31.972Z host=gpu-node-028 service=containerd level=INFO namespace=training pod=node-exporter-ee0df0 event=completed gpu_util=26
2026-07-15T12:46:33.655Z host=eng-x12 service=gitlab-runner level=INFO user=builder repo=safety-filters event=checkout status=success job=44730 trace=ee18ff43e7e225
2026-07-15T12:46:43.732Z host=eng-x12 service=sshd level=INFO user=builder repo=evaluation event=checkout status=success job=47618 trace=73f4cb1d2d841f
2026-07-15T12:47:50.940Z host=gpu-node-073 service=nvidia-dcgm level=INFO namespace=monitoring pod=checkpoint-3ef06f event=image_present gpu_util=44
2026-07-15T12:48:11.020Z host=eng-x12 service=dockerd level=INFO user=deploybot repo=model-runtime event=session_close status=success job=46120 trace=5dd9e17eee31b1
2026-07-15T12:48:56.731Z host=gpu-node-124 service=kubelet level=INFO namespace=monitoring pod=node-exporter-d8b9e7 event=probe_ok gpu_util=8
2026-07-15T12:49:04.405Z host=gpu-node-034 service=nvidia-dcgm level=INFO namespace=training pod=node-exporter-5f5202 event=probe_ok gpu_util=31
2026-07-15T12:50:50.925Z host=gpu-node-048 service=scheduler level=INFO namespace=inference pod=node-exporter-406fed event=image_present gpu_util=31
2026-07-15T12:51:14.057Z host=gpu-node-038 service=kubelet level=INFO namespace=training pod=trainer-a194c1 event=completed gpu_util=23
2026-07-15T12:51:19.999Z host=eng-x12 service=auditd level=INFO user=sre repo=api-gateway event=build status=success job=42132 trace=1228ccefba70ff
2026-07-15T12:52:18.999Z host=gpu-node-012 service=nvidia-dcgm level=INFO namespace=training pod=model-eval-b89a67 event=started gpu_util=15
2026-07-15T12:53:38.511Z host=eng-x12 service=dockerd level=INFO user=deploybot repo=safety-filters event=push status=success job=45270 trace=954ca88b6cf9f8
2026-07-15T12:54:55.331Z host=eng-x12 service=gitlab-runner level=INFO user=mchen repo=infra-charts event=fetch status=success job=41355 trace=2d40b868960421
2026-07-15T12:56:24.071Z host=gpu-node-083 service=scheduler level=INFO namespace=monitoring pod=node-exporter-fa5287 event=probe_ok gpu_util=76
2026-07-15T12:56:52.587Z host=eng-x12 service=auditd level=INFO user=builder repo=infra-charts event=fetch status=success job=42105 trace=aa9d02aabce348
2026-07-15T12:58:35.882Z host=gpu-node-038 service=scheduler level=INFO namespace=inference pod=node-exporter-1c26fe event=completed gpu_util=3
2026-07-15T12:59:06.484Z host=eng-x12 service=sshd level=INFO user=sre repo=model-runtime event=checkout status=success job=41873 trace=0ee1548f671802
2026-07-15T13:03:36.587Z host=eng-x12 service=sshd level=INFO user=sre repo=safety-filters event=build status=success job=41760 trace=fc5d4dd810d107
2026-07-15T13:05:32.338Z host=eng-x12 service=dockerd level=INFO user=mchen repo=safety-filters event=fetch status=success job=47149 trace=8e578d12da37fb
2026-07-15T13:07:50.115Z host=gpu-node-091 service=nvidia-dcgm level=INFO namespace=inference pod=trainer-95b950 event=started gpu_util=48
2026-07-15T13:10:04.579Z host=gpu-node-111 service=containerd level=INFO namespace=training pod=model-eval-30c65a event=probe_ok gpu_util=57
2026-07-15T13:11:39.793Z host=eng-x12 service=sshd level=INFO user=mchen repo=evaluation event=session_close status=success job=47868 trace=dae5efa0739d8e
2026-07-15T13:11:41.559Z host=eng-x12 service=dockerd level=INFO user=deploybot repo=safety-filters event=session_close status=success job=42044 trace=fda7e5c6f0c0d3
2026-07-15T13:12:06.083Z host=gpu-node-008 service=scheduler level=INFO namespace=training pod=node-exporter-871124 event=started gpu_util=100
2026-07-15T13:12:17.140Z host=gpu-node-001 service=scheduler level=INFO namespace=inference pod=node-exporter-cdd1ae event=started gpu_util=66
2026-07-15T13:13:13.929Z host=gpu-node-048 service=containerd level=INFO namespace=training pod=trainer-72e65c event=completed gpu_util=72
2026-07-15T13:13:59.382Z host=eng-x12 service=gitlab-runner level=INFO user=builder repo=api-gateway event=build status=success job=44158 trace=7dbafcf5fc509b
2026-07-15T13:14:16.841Z host=eng-x12 service=auditd level=INFO user=deploybot repo=api-gateway event=session_close status=success job=41266 trace=30a348bcd7f92e
2026-07-15T13:14:24.758Z host=gpu-node-075 service=kubelet level=INFO namespace=monitoring pod=model-eval-45cd5e event=image_present gpu_util=88
2026-07-15T13:14:38.497Z host=eng-x12 service=dockerd level=INFO user=deploybot repo=evaluation event=build status=success job=43611 trace=97dc00e9e24bb2
2026-07-15T13:15:05.786Z host=gpu-node-038 service=nvidia-dcgm level=INFO namespace=monitoring pod=node-exporter-44f7e1 event=image_present gpu_util=8
2026-07-15T13:15:44.305Z host=eng-x12 service=gitlab-runner level=INFO user=builder repo=safety-filters event=push status=success job=45324 trace=8a1e79addd48bb
2026-07-15T13:16:18.440Z host=gpu-node-096 service=containerd level=INFO namespace=inference pod=checkpoint-0e391d event=completed gpu_util=68
2026-07-15T13:19:13.659Z host=gpu-node-002 service=scheduler level=INFO namespace=monitoring pod=trainer-d72fe2 event=image_present gpu_util=73
2026-07-15T13:19:22.070Z host=eng-x12 service=gitlab-runner level=INFO user=builder repo=safety-filters event=build status=success job=48192 trace=4a0fddd44d1c35
2026-07-15T13:19:25.872Z host=gpu-node-099 service=containerd level=INFO namespace=training pod=trainer-b9bfc5 event=completed gpu_util=47
2026-07-15T13:21:15.264Z host=eng-x12 service=sshd level=INFO user=builder repo=model-runtime event=build status=success job=42425 trace=948bd398fab359
2026-07-15T13:21:28.587Z host=eng-x12 service=dockerd level=INFO user=builder repo=api-gateway event=session_close status=success job=44926 trace=0f620fb4c9fe7a
2026-07-15T13:24:34.050Z host=gpu-node-043 service=scheduler level=INFO namespace=inference pod=node-exporter-8dacc3 event=image_present gpu_util=0
2026-07-15T13:25:09.536Z host=eng-x12 service=gitlab-runner level=INFO user=deploybot repo=model-runtime event=push status=success job=45337 trace=d2e40a417a3683
2026-07-15T13:26:27.581Z host=gpu-node-013 service=kubelet level=INFO namespace=training pod=node-exporter-820b5c event=completed gpu_util=38
2026-07-15T13:26:44.450Z host=gpu-node-094 service=scheduler level=INFO namespace=inference pod=checkpoint-c25aac event=probe_ok gpu_util=73
2026-07-15T13:27:47.349Z host=gpu-node-047 service=kubelet level=INFO namespace=inference pod=checkpoint-9d1644 event=started gpu_util=64
2026-07-15T13:29:45.670Z host=eng-x12 service=sshd level=INFO user=mchen repo=infra-charts event=session_close status=success job=41940 trace=b8f940b22d67cd
2026-07-15T13:31:22.407Z host=gpu-node-120 service=kubelet level=INFO namespace=inference pod=model-eval-a05c14 event=started gpu_util=5
2026-07-15T13:34:20.173Z host=gpu-node-011 service=scheduler level=INFO namespace=inference pod=node-exporter-1fa939 event=completed gpu_util=42
2026-07-15T13:35:35.972Z host=eng-x12 service=gitlab-runner level=INFO user=mchen repo=safety-filters event=push status=success job=47095 trace=1dab760a5c1d18
2026-07-15T13:36:14.873Z host=eng-x12 service=dockerd level=INFO user=sre repo=model-runtime event=push status=success job=44319 trace=a9d8471915cc04
2026-07-15T13:37:26.466Z host=gpu-node-123 service=scheduler level=INFO namespace=inference pod=checkpoint-8d876f event=probe_ok gpu_util=86
2026-07-15T13:37:27.212Z host=eng-x12 service=dockerd level=INFO user=mchen repo=model-runtime event=push status=success job=46591 trace=718b612ce58c4d
2026-07-15T13:37:38.393Z host=gpu-node-011 service=nvidia-dcgm level=INFO namespace=inference pod=node-exporter-cb6b40 event=image_present gpu_util=84
2026-07-15T13:39:29.500Z host=gpu-node-017 service=scheduler level=INFO namespace=monitoring pod=checkpoint-30d8cd event=probe_ok gpu_util=75
2026-07-15T13:41:36.628Z host=gpu-node-112 service=containerd level=INFO namespace=inference pod=node-exporter-8d47a4 event=image_present gpu_util=35
2026-07-15T13:41:47.954Z host=gpu-node-104 service=kubelet level=INFO namespace=monitoring pod=trainer-b95bbf event=image_present gpu_util=28
2026-07-15T13:42:17.486Z host=gpu-node-042 service=kubelet level=INFO namespace=inference pod=model-eval-e95318 event=started gpu_util=15
2026-07-15T13:42:39.203Z host=gpu-node-025 service=kubelet level=INFO namespace=training pod=trainer-bf9cc1 event=image_present gpu_util=22
2026-07-15T13:45:07.265Z host=eng-x12 service=auditd level=INFO user=sre repo=api-gateway event=build status=success job=46187 trace=14ed73a9c4e5d3
2026-07-15T13:45:30.512Z host=gpu-node-073 service=kubelet level=INFO namespace=training pod=model-eval-c84762 event=started gpu_util=40
2026-07-15T13:45:38.712Z host=eng-x12 service=gitlab-runner level=INFO user=builder repo=evaluation event=fetch status=success job=46727 trace=e625e5b733af56
2026-07-15T13:45:51.322Z host=eng-x12 service=auditd level=INFO user=deploybot repo=api-gateway event=push status=success job=44427 trace=fc494fc193e263
2026-07-15T13:46:50.904Z host=gpu-node-097 service=scheduler level=INFO namespace=training pod=trainer-a70479 event=completed gpu_util=71
2026-07-15T13:48:10.633Z host=eng-x12 service=gitlab-runner level=INFO user=mchen repo=api-gateway event=fetch status=success job=48234 trace=a497325e69bb0e
2026-07-15T13:49:56.037Z host=gpu-node-028 service=nvidia-dcgm level=INFO namespace=training pod=checkpoint-13d9a2 event=probe_ok gpu_util=7
2026-07-15T13:52:06.728Z host=eng-x12 service=auditd level=INFO user=mchen repo=evaluation event=build status=success job=47165 trace=ed94453a886480
2026-07-15T13:52:07.499Z host=eng-x12 service=gitlab-runner level=INFO user=deploybot repo=infra-charts event=session_close status=success job=42543 trace=4bbcc7bd90128f
2026-07-15T13:53:03.912Z host=eng-x12 service=dockerd level=INFO user=sre repo=model-runtime event=push status=success job=47098 trace=ae692fadee1985
2026-07-15T13:53:28.554Z host=eng-x12 service=auditd level=INFO user=sre repo=infra-charts event=checkout status=success job=48393 trace=028ba9fd14fa77
2026-07-15T13:54:54.995Z host=gpu-node-094 service=nvidia-dcgm level=INFO namespace=monitoring pod=node-exporter-bc12ae event=image_present gpu_util=7
2026-07-15T13:55:02.385Z host=eng-x12 service=gitlab-runner level=INFO user=builder repo=safety-filters event=build status=success job=46431 trace=2a1936a05b5950
2026-07-15T13:59:19.601Z host=gpu-node-127 service=nvidia-dcgm level=INFO namespace=training pod=node-exporter-728e14 event=image_present gpu_util=66
2026-07-15T13:59:23.166Z host=eng-x12 service=dockerd level=INFO user=builder repo=evaluation event=push status=success job=41861 trace=63d6fa9d925374
2026-07-15T13:59:46.007Z host=eng-x12 service=dockerd level=INFO user=mchen repo=api-gateway event=session_close status=success job=42927 trace=d6cf14c5a33e57
2026-07-15T14:03:00.377Z host=gpu-node-006 service=kubelet level=INFO namespace=training pod=trainer-13ad29 event=started gpu_util=17
2026-07-15T14:04:11.932Z host=gpu-node-079 service=containerd level=INFO namespace=inference pod=node-exporter-eed369 event=image_present gpu_util=87
2026-07-15T14:05:19.584Z host=eng-x12 service=gitlab-runner level=INFO user=sre repo=safety-filters event=fetch status=success job=46838 trace=c243a2c4bde758
2026-07-15T14:05:34.758Z host=gpu-node-087 service=scheduler level=INFO namespace=inference pod=model-eval-afe25b event=image_present gpu_util=12
2026-07-15T14:06:44.241Z host=eng-x12 service=sshd level=INFO user=sre repo=model-runtime event=session_close status=success job=42513 trace=859a1ac9d21241
2026-07-15T14:09:22.092Z host=gpu-node-088 service=kubelet level=INFO namespace=monitoring pod=checkpoint-d3730e event=completed gpu_util=2
2026-07-15T14:09:32.497Z host=eng-x12 service=auditd level=INFO user=builder repo=api-gateway event=checkout status=success job=43996 trace=795cbae861face
2026-07-15T14:09:38.826Z host=gpu-node-053 service=containerd level=INFO namespace=monitoring pod=model-eval-f67472 event=probe_ok gpu_util=65
2026-07-15T14:12:06.005Z host=eng-x12 service=sshd level=INFO user=mchen repo=api-gateway event=checkout status=success job=46982 trace=e216057e95da3d
2026-07-15T14:12:26.370Z host=eng-x12 service=sshd level=INFO user=builder repo=evaluation event=push status=success job=46613 trace=f58a2d079b3ede
2026-07-15T14:12:53.731Z host=eng-x12 service=sshd level=INFO user=sre repo=model-runtime event=checkout status=success job=47749 trace=9d54b9a44e3063
2026-07-15T14:13:07.396Z host=gpu-node-107 service=kubelet level=INFO namespace=monitoring pod=model-eval-bd6cfb event=image_present gpu_util=70
2026-07-15T14:18:34.707Z host=gpu-node-126 service=containerd level=INFO namespace=inference pod=node-exporter-003895 event=image_present gpu_util=17
2026-07-15T14:19:31.402Z host=gpu-node-012 service=kubelet level=INFO namespace=monitoring pod=node-exporter-3eb2c4 event=probe_ok gpu_util=100
2026-07-15T14:19:56.932Z host=gpu-node-014 service=containerd level=INFO namespace=monitoring pod=model-eval-22113f event=probe_ok gpu_util=0
2026-07-15T14:19:58.130Z host=gpu-node-047 service=kubelet level=INFO namespace=monitoring pod=trainer-c6434c event=image_present gpu_util=44
2026-07-15T14:21:55.838Z host=gpu-node-122 service=scheduler level=INFO namespace=monitoring pod=model-eval-3ba5a0 event=image_present gpu_util=62
2026-07-15T14:21:56.189Z host=gpu-node-101 service=scheduler level=INFO namespace=inference pod=node-exporter-d25e5c event=probe_ok gpu_util=60
2026-07-15T14:22:54.684Z host=eng-x12 service=dockerd level=INFO user=builder repo=model-runtime event=build status=success job=42099 trace=e8881a2a50d489
2026-07-15T14:26:20.524Z host=gpu-node-055 service=kubelet level=INFO namespace=monitoring pod=model-eval-b72259 event=started gpu_util=3
2026-07-15T14:26:32.018Z host=gpu-node-097 service=scheduler level=INFO namespace=inference pod=model-eval-95e016 event=completed gpu_util=29
2026-07-15T14:27:04.292Z host=eng-x12 service=dockerd level=INFO user=mchen repo=evaluation event=checkout status=success job=41282 trace=5ab2a0a43f825d
2026-07-15T14:28:44.468Z host=eng-x12 service=dockerd level=INFO user=sre repo=infra-charts event=build status=success job=47965 trace=f4e982c751c6af
2026-07-15T14:28:57.260Z host=eng-x12 service=auditd level=INFO user=builder repo=evaluation event=fetch status=success job=44869 trace=17bfea65ee6d39
2026-07-15T14:29:51.760Z host=eng-x12 service=auditd level=INFO user=builder repo=api-gateway event=checkout status=success job=43822 trace=9d7f776516cee6
2026-07-15T14:31:47.971Z host=eng-x12 service=auditd level=INFO user=deploybot repo=evaluation event=session_close status=success job=44833 trace=42c7b8603f010e
2026-07-15T14:32:02.013Z host=gpu-node-016 service=scheduler level=INFO namespace=monitoring pod=checkpoint-b48602 event=started gpu_util=25
2026-07-15T14:32:13.341Z host=gpu-node-124 service=kubelet level=INFO namespace=monitoring pod=checkpoint-7eb702 event=started gpu_util=92
2026-07-15T14:33:58.815Z host=eng-x12 service=gitlab-runner level=INFO user=deploybot repo=infra-charts event=push status=success job=43801 trace=0060ded8b95c2c
2026-07-15T14:34:28.289Z host=eng-x12 service=dockerd level=INFO user=sre repo=api-gateway event=fetch status=success job=48130 trace=64a83a01d617bc
2026-07-15T14:34:38.304Z host=gpu-node-122 service=scheduler level=INFO namespace=monitoring pod=node-exporter-17506e event=completed gpu_util=94
2026-07-15T14:35:01.969Z host=gpu-node-002 service=containerd level=INFO namespace=training pod=trainer-024fd8 event=image_present gpu_util=62
2026-07-15T14:35:21.917Z host=eng-x12 service=auditd level=INFO user=deploybot repo=evaluation event=push status=success job=44646 trace=8b89ee4b3ae7bd
2026-07-15T14:36:14.155Z host=eng-x12 service=sshd level=INFO user=builder repo=infra-charts event=fetch status=success job=41423 trace=d2c90988b39562
2026-07-15T14:38:54.005Z host=gpu-node-034 service=containerd level=INFO namespace=monitoring pod=checkpoint-b24b52 event=probe_ok gpu_util=62
2026-07-15T14:41:09.447Z host=eng-x12 service=auditd level=INFO user=deploybot repo=evaluation event=fetch status=success job=43988 trace=d69e297085688a
2026-07-15T14:42:29.792Z host=gpu-node-056 service=scheduler level=INFO namespace=monitoring pod=trainer-2d2779 event=started gpu_util=79
2026-07-15T14:42:57.299Z host=gpu-node-011 service=nvidia-dcgm level=INFO namespace=inference pod=model-eval-234668 event=probe_ok gpu_util=50
2026-07-15T14:43:32.728Z host=eng-x12 service=sshd level=INFO user=sre repo=api-gateway event=checkout status=success job=47750 trace=6f30e4aca04104
2026-07-15T14:44:52.524Z host=gpu-node-091 service=nvidia-dcgm level=INFO namespace=inference pod=trainer-113d32 event=image_present gpu_util=30
2026-07-15T14:46:09.940Z host=eng-x12 service=dockerd level=INFO user=deploybot repo=infra-charts event=build status=success job=44824 trace=1293a429834bba
2026-07-15T14:46:48.862Z host=eng-x12 service=sshd level=INFO user=builder repo=api-gateway event=fetch status=success job=48186 trace=8453f4ed55f974
2026-07-15T14:47:50.074Z host=eng-x12 service=gitlab-runner level=INFO user=deploybot repo=evaluation event=fetch status=success job=44245 trace=fba14fbec1e58a
2026-07-15T14:49:24.473Z host=gpu-node-105 service=scheduler level=INFO namespace=training pod=checkpoint-b67410 event=completed gpu_util=18
2026-07-15T14:49:44.369Z host=eng-x12 service=sshd level=INFO user=sre repo=evaluation event=fetch status=success job=41907 trace=a480bf58bb20c6
2026-07-15T14:53:49.201Z host=gpu-node-065 service=scheduler level=INFO namespace=training pod=node-exporter-e3ccc4 event=completed gpu_util=73
2026-07-15T14:54:57.105Z host=gpu-node-071 service=kubelet level=INFO namespace=monitoring pod=node-exporter-087770 event=probe_ok gpu_util=29
2026-07-15T14:55:03.185Z host=gpu-node-076 service=kubelet level=INFO namespace=monitoring pod=node-exporter-77a3bd event=image_present gpu_util=96
2026-07-15T15:00:12.898Z host=gpu-node-094 service=kubelet level=INFO namespace=inference pod=trainer-642964 event=completed gpu_util=87
2026-07-15T15:02:37.048Z host=gpu-node-074 service=scheduler level=INFO namespace=inference pod=model-eval-cb51a5 event=image_present gpu_util=59
2026-07-15T15:02:47.334Z host=gpu-node-099 service=kubelet level=INFO namespace=training pod=checkpoint-d0714a event=image_present gpu_util=88
2026-07-15T15:03:10.124Z host=eng-x12 service=sshd level=INFO user=mchen repo=model-runtime event=session_close status=success job=45240 trace=77eab9587d18e8
2026-07-15T15:03:24.191Z host=gpu-node-125 service=containerd level=INFO namespace=inference pod=checkpoint-e8e2a4 event=completed gpu_util=22
2026-07-15T15:03:42.648Z host=eng-x12 service=sshd level=INFO user=deploybot repo=api-gateway event=push status=success job=41942 trace=d4483e4bca6f60
2026-07-15T15:04:12.107Z host=eng-x12 service=auditd level=INFO user=sre repo=model-runtime event=build status=success job=44130 trace=7f724b63edbfae
2026-07-15T15:04:22.131Z host=gpu-node-125 service=kubelet level=INFO namespace=training pod=node-exporter-90f969 event=image_present gpu_util=75
2026-07-15T15:06:07.775Z host=eng-x12 service=dockerd level=INFO user=builder repo=evaluation event=push status=success job=43052 trace=223dd5d1042c33
2026-07-15T15:07:33.681Z host=eng-x12 service=sshd level=INFO user=builder repo=infra-charts event=checkout status=success job=45289 trace=04ce8d65b16e47
2026-07-15T15:07:57.233Z host=gpu-node-017 service=containerd level=INFO namespace=inference pod=trainer-14e7a3 event=completed gpu_util=87
2026-07-15T15:08:16.235Z host=gpu-node-111 service=containerd level=INFO namespace=inference pod=model-eval-1f3c1b event=image_present gpu_util=66
2026-07-15T15:08:52.683Z host=gpu-node-059 service=scheduler level=INFO namespace=inference pod=trainer-9d84ab event=image_present gpu_util=38
2026-07-15T15:09:42.548Z host=gpu-node-049 service=scheduler level=INFO namespace=training pod=node-exporter-23d531 event=image_present gpu_util=90
2026-07-15T15:10:26.494Z host=gpu-node-017 service=kubelet level=INFO namespace=inference pod=trainer-5f081c event=started gpu_util=40
2026-07-15T15:14:01.832Z host=eng-x12 service=gitlab-runner level=INFO user=deploybot repo=safety-filters event=push status=success job=46893 trace=96465c9ee670dd
2026-07-15T15:14:05.149Z host=eng-x12 service=dockerd level=INFO user=deploybot repo=infra-charts event=push status=success job=47014 trace=9bf6b90e594783
2026-07-15T15:14:39.126Z host=gpu-node-128 service=kubelet level=INFO namespace=monitoring pod=node-exporter-1bd9a2 event=started gpu_util=21
2026-07-15T15:17:41.208Z host=eng-x12 service=sshd level=INFO user=mchen repo=evaluation event=build status=success job=43794 trace=1aa7d8abeeee56
2026-07-15T15:18:04.165Z host=eng-x12 service=dockerd level=INFO user=builder repo=infra-charts event=checkout status=success job=41635 trace=610e9ee687690b
2026-07-15T15:18:16.566Z host=gpu-node-029 service=nvidia-dcgm level=INFO namespace=inference pod=checkpoint-d6315b event=started gpu_util=53
2026-07-15T15:21:48.034Z host=gpu-node-078 service=nvidia-dcgm level=INFO namespace=inference pod=node-exporter-2f0a8f event=image_present gpu_util=31
2026-07-15T15:22:23.920Z host=gpu-node-066 service=containerd level=INFO namespace=inference pod=checkpoint-b2186b event=image_present gpu_util=18
2026-07-15T15:23:03.003Z host=eng-x12 service=gitlab-runner level=INFO user=mchen repo=safety-filters event=push status=success job=41585 trace=bae5bd47bfd455
2026-07-15T15:23:13.837Z host=eng-x12 service=gitlab-runner level=INFO user=sre repo=safety-filters event=fetch status=success job=41252 trace=88564626788d0e
2026-07-15T15:23:18.342Z host=eng-x12 service=sshd level=INFO user=mchen repo=evaluation event=checkout status=success job=48525 trace=97f64a41d2c140
2026-07-15T15:23:34.435Z host=eng-x12 service=auditd level=INFO user=sre repo=safety-filters event=build status=success job=42411 trace=58743f781593df
2026-07-15T15:25:51.968Z host=eng-x12 service=gitlab-runner level=INFO user=deploybot repo=evaluation event=push status=success job=41470 trace=42eb81e5096e59
2026-07-15T15:27:24.685Z host=gpu-node-053 service=containerd level=INFO namespace=training pod=trainer-7cfc49 event=completed gpu_util=22
2026-07-15T15:30:07.690Z host=gpu-node-059 service=containerd level=INFO namespace=inference pod=node-exporter-103304 event=image_present gpu_util=41
2026-07-15T15:34:02.771Z host=gpu-node-039 service=kubelet level=INFO namespace=training pod=model-eval-0bfd55 event=probe_ok gpu_util=58
2026-07-15T15:34:42.145Z host=gpu-node-047 service=containerd level=INFO namespace=inference pod=model-eval-6b4ddf event=probe_ok gpu_util=98
2026-07-15T15:36:53.440Z host=gpu-node-007 service=kubelet level=INFO namespace=monitoring pod=checkpoint-77b506 event=image_present gpu_util=32
2026-07-15T15:37:01.043Z host=eng-x12 service=sshd level=INFO user=deploybot repo=api-gateway event=session_close status=success job=47502 trace=201c36b46bd103
2026-07-15T15:37:38.742Z host=gpu-node-064 service=nvidia-dcgm level=INFO namespace=inference pod=checkpoint-329df4 event=started gpu_util=100
2026-07-15T15:39:52.813Z host=eng-x12 service=auditd level=INFO user=sre repo=safety-filters event=fetch status=success job=44575 trace=f4900e5d9c7316
2026-07-15T15:40:13.773Z host=gpu-node-110 service=nvidia-dcgm level=INFO namespace=inference pod=node-exporter-1feef1 event=image_present gpu_util=91
2026-07-15T15:41:06.735Z host=eng-x12 service=sshd level=INFO user=sre repo=infra-charts event=build status=success job=46522 trace=39327e50120883
2026-07-15T15:41:38.594Z host=eng-x12 service=auditd level=INFO user=mchen repo=evaluation event=session_close status=success job=41039 trace=128fec208ffd7a
2026-07-15T15:44:07.501Z host=eng-x12 service=gitlab-runner level=INFO user=sre repo=model-runtime event=build status=success job=47568 trace=05d71ca8ce4c89
2026-07-15T15:46:48.116Z host=eng-x12 service=sshd level=INFO user=sre repo=api-gateway event=checkout status=success job=43935 trace=b002457652e3cc
2026-07-15T15:47:50.214Z host=eng-x12 service=sshd level=INFO user=deploybot repo=evaluation event=fetch status=success job=45556 trace=ec22bdaf225e9a
2026-07-15T15:49:28.769Z host=gpu-node-104 service=nvidia-dcgm level=INFO namespace=monitoring pod=checkpoint-db71d9 event=started gpu_util=90
2026-07-15T15:51:07.974Z host=gpu-node-008 service=containerd level=INFO namespace=inference pod=trainer-5e3453 event=probe_ok gpu_util=2
2026-07-15T15:51:32.830Z host=eng-x12 service=gitlab-runner level=INFO user=sre repo=api-gateway event=fetch status=success job=41613 trace=bf3d98058482b8
2026-07-15T15:51:42.942Z host=eng-x12 service=sshd level=INFO user=mchen repo=model-runtime event=fetch status=success job=47692 trace=75665ce179f642
2026-07-15T15:53:32.027Z host=gpu-node-080 service=kubelet level=INFO namespace=monitoring pod=model-eval-d6a8a9 event=started gpu_util=43
2026-07-15T15:56:01.169Z host=eng-x12 service=dockerd level=INFO user=builder repo=infra-charts event=fetch status=success job=41345 trace=7253b17ea80fa2
2026-07-15T15:56:42.517Z host=eng-x12 service=dockerd level=INFO user=sre repo=api-gateway event=fetch status=success job=48432 trace=c48bac02be3cb0
2026-07-15T15:58:10.711Z host=gpu-node-115 service=kubelet level=INFO namespace=training pod=checkpoint-6c0e51 event=image_present gpu_util=77
2026-07-15T15:59:31.136Z host=eng-x12 service=dockerd level=INFO user=mchen repo=infra-charts event=push status=success job=48000 trace=8c77bcabac3ee9
2026-07-15T15:59:36.509Z host=eng-x12 service=sshd level=INFO user=builder repo=infra-charts event=checkout status=success job=45380 trace=1754d8ee13708d
2026-07-15T15:59:40.126Z host=eng-x12 service=gitlab-runner level=INFO user=sre repo=api-gateway event=checkout status=success job=48602 trace=b977ae26e94de4
2026-07-15T16:00:09.559Z host=gpu-node-030 service=scheduler level=INFO namespace=monitoring pod=trainer-ad5ee3 event=image_present gpu_util=19
2026-07-15T16:00:20.098Z host=gpu-node-078 service=nvidia-dcgm level=INFO namespace=training pod=checkpoint-95f81f event=image_present gpu_util=13
2026-07-15T16:01:05.536Z host=eng-x12 service=gitlab-runner level=INFO user=mchen repo=infra-charts event=session_close status=success job=43293 trace=1eb3e68532086a
2026-07-15T16:01:34.830Z host=eng-x12 service=dockerd level=INFO user=mchen repo=evaluation event=fetch status=success job=42434 trace=20538be7c21cc1
2026-07-15T16:02:05.160Z host=eng-x12 service=sshd level=INFO user=deploybot repo=model-runtime event=session_close status=success job=45714 trace=30d83d39dc9a7a
2026-07-15T16:03:37.464Z host=eng-x12 service=dockerd level=INFO user=builder repo=evaluation event=session_close status=success job=45774 trace=d1e6588bc7660e
2026-07-15T16:06:28.986Z host=gpu-node-090 service=scheduler level=INFO namespace=monitoring pod=model-eval-e3ebf0 event=probe_ok gpu_util=77
2026-07-15T16:09:21.399Z host=eng-x12 service=gitlab-runner level=INFO user=builder repo=evaluation event=build status=success job=47046 trace=0e44f5cc7499c6
2026-07-15T16:10:55.297Z host=gpu-node-105 service=nvidia-dcgm level=INFO namespace=monitoring pod=node-exporter-c34b54 event=started gpu_util=74
2026-07-15T16:12:41.741Z host=eng-x12 service=sshd level=INFO user=sre repo=model-runtime event=fetch status=success job=44754 trace=668caf9d735fc1
2026-07-15T16:15:31.884Z host=gpu-node-056 service=kubelet level=INFO namespace=monitoring pod=model-eval-3711bd event=started gpu_util=59
2026-07-15T16:16:18.330Z host=gpu-node-102 service=nvidia-dcgm level=INFO namespace=inference pod=model-eval-bc532a event=image_present gpu_util=16
2026-07-15T16:17:23.097Z host=gpu-node-042 service=containerd level=INFO namespace=inference pod=model-eval-7beb56 event=started gpu_util=3
2026-07-15T16:18:03.957Z host=eng-x12 service=gitlab-runner level=INFO user=sre repo=evaluation event=push status=success job=43614 trace=2e45f7745bcfe5
2026-07-15T16:19:02.030Z host=gpu-node-039 service=kubelet level=INFO namespace=monitoring pod=checkpoint-943e2e event=probe_ok gpu_util=86
2026-07-15T16:21:00.424Z host=eng-x12 service=dockerd level=INFO user=mchen repo=model-runtime event=checkout status=success job=43745 trace=f721dcadfdc037
2026-07-15T16:22:30.775Z host=gpu-node-072 service=nvidia-dcgm level=INFO namespace=training pod=trainer-ebd925 event=started gpu_util=69
2026-07-15T16:24:49.355Z host=eng-x12 service=gitlab-runner level=INFO user=deploybot repo=safety-filters event=build status=success job=48732 trace=b249a259269a93
2026-07-15T16:25:05.335Z host=eng-x12 service=dockerd level=INFO user=builder repo=model-runtime event=session_close status=success job=42540 trace=a4083c656cd55f
2026-07-15T16:25:08.409Z host=eng-x12 service=dockerd level=INFO user=mchen repo=infra-charts event=fetch status=success job=41772 trace=a41d5d85a46e4f
2026-07-15T16:26:49.643Z host=gpu-node-056 service=nvidia-dcgm level=INFO namespace=inference pod=checkpoint-96a1fd event=image_present gpu_util=84
2026-07-15T16:27:03.607Z host=gpu-node-089 service=scheduler level=INFO namespace=inference pod=node-exporter-151720 event=started gpu_util=50
2026-07-15T16:27:35.079Z host=eng-x12 service=dockerd level=INFO user=builder repo=evaluation event=session_close status=success job=46288 trace=afabb9111646f0
2026-07-15T16:27:57.628Z host=gpu-node-026 service=scheduler level=INFO namespace=monitoring pod=trainer-635dca event=probe_ok gpu_util=88
2026-07-15T16:28:01.679Z host=gpu-node-118 service=scheduler level=INFO namespace=inference pod=trainer-3a7b56 event=started gpu_util=39
2026-07-15T16:28:36.167Z host=gpu-node-056 service=nvidia-dcgm level=INFO namespace=training pod=trainer-bb01fc event=probe_ok gpu_util=18
2026-07-15T16:29:03.484Z host=eng-x12 service=sshd level=INFO user=builder repo=infra-charts event=build status=success job=47076 trace=7503317eb00525
2026-07-15T16:30:49.446Z host=gpu-node-123 service=containerd level=INFO namespace=monitoring pod=model-eval-0ef8fb event=started gpu_util=80
2026-07-15T16:31:52.395Z host=eng-x12 service=sshd level=INFO user=deploybot repo=api-gateway event=checkout status=success job=46626 trace=17c5e82672f829
2026-07-15T16:32:24.816Z host=gpu-node-053 service=kubelet level=INFO namespace=inference pod=model-eval-5b55c9 event=image_present gpu_util=53
2026-07-15T16:32:43.632Z host=eng-x12 service=sshd level=INFO user=sre repo=evaluation event=fetch status=success job=44341 trace=00bea9e45557fc
2026-07-15T16:32:45.711Z host=gpu-node-082 service=scheduler level=INFO namespace=monitoring pod=trainer-b379a2 event=started gpu_util=91
2026-07-15T16:33:37.729Z host=gpu-node-073 service=scheduler level=INFO namespace=monitoring pod=checkpoint-34e71d event=image_present gpu_util=71
2026-07-15T16:33:38.354Z host=eng-x12 service=auditd level=INFO user=deploybot repo=model-runtime event=session_close status=success job=45331 trace=c398d90424a34e
2026-07-15T16:34:25.437Z host=gpu-node-127 service=containerd level=INFO namespace=inference pod=trainer-7e4b65 event=started gpu_util=45
2026-07-15T16:35:34.118Z host=eng-x12 service=sshd level=INFO user=deploybot repo=evaluation event=session_close status=success job=45642 trace=39a5fcdafc9016
2026-07-15T16:36:18.384Z host=eng-x12 service=auditd level=INFO user=builder repo=safety-filters event=session_close status=success job=46416 trace=b53c3940e125c5
2026-07-15T16:38:14.991Z host=eng-x12 service=auditd level=INFO user=deploybot repo=evaluation event=build status=success job=42815 trace=22bfaa4e2f89a2
2026-07-15T16:38:43.456Z host=eng-x12 service=gitlab-runner level=INFO user=mchen repo=infra-charts event=fetch status=success job=45976 trace=793b902902ca0b
2026-07-15T16:38:45.962Z host=gpu-node-023 service=nvidia-dcgm level=INFO namespace=inference pod=model-eval-a357c9 event=image_present gpu_util=22
2026-07-15T16:38:55.679Z host=eng-x12 service=sshd level=INFO user=sre repo=infra-charts event=session_close status=success job=42996 trace=83bfcaac682e72
2026-07-15T16:39:08.343Z host=gpu-node-002 service=scheduler level=INFO namespace=inference pod=checkpoint-1a8d6f event=started gpu_util=1
2026-07-15T16:40:26.973Z host=eng-x12 service=auditd level=INFO user=builder repo=safety-filters event=push status=success job=41095 trace=ce6c195b62185f
2026-07-15T16:42:52.999Z host=eng-x12 service=gitlab-runner level=INFO user=sre repo=evaluation event=session_close status=success job=46581 trace=b20169c395b2ab
2026-07-15T16:44:10.808Z host=eng-x12 service=auditd level=INFO user=builder repo=evaluation event=build status=success job=42583 trace=00585dd7ec62d3
2026-07-15T16:44:42.595Z host=gpu-node-048 service=scheduler level=INFO namespace=inference pod=model-eval-b7098d event=started gpu_util=99
2026-07-15T16:45:49.036Z host=gpu-node-009 service=nvidia-dcgm level=INFO namespace=inference pod=checkpoint-b13c37 event=started gpu_util=16
2026-07-15T16:46:12.705Z host=gpu-node-035 service=kubelet level=INFO namespace=training pod=checkpoint-552d08 event=started gpu_util=8
2026-07-15T16:46:22.684Z host=eng-x12 service=dockerd level=INFO user=builder repo=evaluation event=build status=success job=48700 trace=c874f8b9684f1f
2026-07-15T16:47:18.669Z host=gpu-node-101 service=scheduler level=INFO namespace=training pod=checkpoint-157f55 event=probe_ok gpu_util=2
2026-07-15T16:49:26.586Z host=eng-x12 service=dockerd level=INFO user=builder repo=safety-filters event=session_close status=success job=42620 trace=cc9080d2092153
2026-07-15T16:50:17.502Z host=eng-x12 service=auditd level=INFO user=builder repo=api-gateway event=fetch status=success job=48461 trace=bdc4975f04eae1
2026-07-15T16:53:53.292Z host=eng-x12 service=auditd level=INFO user=mchen repo=safety-filters event=session_close status=success job=48813 trace=f6adf777b6bfa5
2026-07-15T16:53:58.138Z host=eng-x12 service=gitlab-runner level=INFO user=mchen repo=infra-charts event=fetch status=success job=47704 trace=85e883f1d82c90
2026-07-15T16:54:13.425Z host=eng-x12 service=dockerd level=INFO user=builder repo=evaluation event=fetch status=success job=41664 trace=4963347303a5b8
2026-07-15T17:00:40.320Z host=eng-x12 service=auditd level=INFO user=deploybot repo=model-runtime event=fetch status=success job=44785 trace=ccc0320edfb5a4
2026-07-15T17:01:07.131Z host=eng-x12 service=dockerd level=INFO user=mchen repo=model-runtime event=session_close status=success job=46499 trace=036f8ede5e6027
2026-07-15T17:02:16.820Z host=eng-x12 service=auditd level=INFO user=sre repo=safety-filters event=checkout status=success job=46522 trace=da27dcb1a5c175
2026-07-15T17:02:21.709Z host=eng-x12 service=dockerd level=INFO user=sre repo=infra-charts event=checkout status=success job=46368 trace=34c417e857237d
2026-07-15T17:03:20.135Z host=gpu-node-055 service=containerd level=INFO namespace=training pod=node-exporter-91e801 event=image_present gpu_util=69
2026-07-15T17:03:45.225Z host=eng-x12 service=dockerd level=INFO user=sre repo=infra-charts event=push status=success job=44312 trace=4a581bdfafe2c1
2026-07-15T17:05:02.951Z host=eng-x12 service=sshd level=INFO user=mchen repo=safety-filters event=fetch status=success job=45883 trace=dd547968edf705
2026-07-15T17:05:56.646Z host=eng-x12 service=sshd level=INFO user=mchen repo=infra-charts event=build status=success job=46054 trace=6baf6a72e38664
2026-07-15T17:07:07.420Z host=gpu-node-006 service=kubelet level=INFO namespace=training pod=checkpoint-78bf88 event=started gpu_util=5
2026-07-15T17:07:12.635Z host=eng-x12 service=gitlab-runner level=INFO user=deploybot repo=infra-charts event=push status=success job=41977 trace=6ada3f39d777bc
2026-07-15T17:11:01.679Z host=gpu-node-096 service=scheduler level=INFO namespace=monitoring pod=node-exporter-d495a8 event=image_present gpu_util=54
2026-07-15T17:14:01.361Z host=eng-x12 service=gitlab-runner level=INFO user=mchen repo=model-runtime event=session_close status=success job=45042 trace=aa676457040643
2026-07-15T17:15:10.600Z host=gpu-node-041 service=containerd level=INFO namespace=training pod=node-exporter-4b5d9c event=image_present gpu_util=58
2026-07-15T17:16:19.016Z host=eng-x12 service=dockerd level=INFO user=sre repo=infra-charts event=checkout status=success job=43702 trace=a3a2589ac57f0f
2026-07-15T17:16:27.921Z host=gpu-node-056 service=kubelet level=INFO namespace=monitoring pod=model-eval-8232b7 event=completed gpu_util=73
2026-07-15T17:16:43.904Z host=gpu-node-018 service=containerd level=INFO namespace=inference pod=checkpoint-0ce440 event=probe_ok gpu_util=28
2026-07-15T17:17:29.105Z host=eng-x12 service=dockerd level=INFO user=deploybot repo=infra-charts event=fetch status=success job=44675 trace=ffe809f24ac080
2026-07-15T17:17:49.454Z host=gpu-node-070 service=containerd level=INFO namespace=training pod=checkpoint-f89fae event=image_present gpu_util=59
2026-07-15T17:21:43.172Z host=eng-x12 service=dockerd level=INFO user=builder repo=evaluation event=build status=success job=47760 trace=ebec9bf3b2595b
2026-07-15T17:22:32.647Z host=eng-x12 service=gitlab-runner level=INFO user=mchen repo=evaluation event=fetch status=success job=47309 trace=038f8c3b8798a2
2026-07-15T17:22:47.499Z host=gpu-node-029 service=scheduler level=INFO namespace=inference pod=checkpoint-56c414 event=completed gpu_util=92
2026-07-15T17:24:40.572Z host=gpu-node-066 service=scheduler level=INFO namespace=inference pod=node-exporter-e25aee event=probe_ok gpu_util=12
2026-07-15T17:26:57.901Z host=gpu-node-123 service=kubelet level=INFO namespace=monitoring pod=checkpoint-4cdba5 event=image_present gpu_util=68
2026-07-15T17:29:02.277Z host=gpu-node-105 service=kubelet level=INFO namespace=monitoring pod=trainer-b4e6c4 event=probe_ok gpu_util=39
2026-07-15T17:29:44.779Z host=eng-x12 service=auditd level=INFO user=mchen repo=safety-filters event=build status=success job=45356 trace=6b15e95a68bf2d
2026-07-15T17:30:24.466Z host=eng-x12 service=sshd level=INFO user=deploybot repo=model-runtime event=fetch status=success job=44547 trace=69860075e9fc08
2026-07-15T17:30:37.845Z host=eng-x12 service=gitlab-runner level=INFO user=builder repo=model-runtime event=build status=success job=47775 trace=8db2e9135c2cea
2026-07-15T17:32:10.730Z host=eng-x12 service=dockerd level=INFO user=sre repo=evaluation event=push status=success job=47649 trace=4d5a8aa0435487
2026-07-15T17:32:45.808Z host=gpu-node-024 service=nvidia-dcgm level=INFO namespace=training pod=checkpoint-42b039 event=probe_ok gpu_util=38
2026-07-15T17:33:42.189Z host=gpu-node-078 service=kubelet level=INFO namespace=training pod=trainer-513f1a event=image_present gpu_util=75
2026-07-15T17:34:13.536Z host=gpu-node-103 service=containerd level=INFO namespace=monitoring pod=trainer-66f0f6 event=image_present gpu_util=42
2026-07-15T17:37:42.674Z host=eng-x12 service=gitlab-runner level=INFO user=builder repo=api-gateway event=checkout status=success job=45334 trace=1e1c04cd81590e
2026-07-15T17:38:57.830Z host=eng-x12 service=gitlab-runner level=INFO user=sre repo=evaluation event=checkout status=success job=42748 trace=b746b4eb3e25b4
2026-07-15T17:40:33.095Z host=eng-x12 service=dockerd level=INFO user=mchen repo=api-gateway event=checkout status=success job=45380 trace=ca55c24d7791a0
2026-07-15T17:41:42.125Z host=eng-x12 service=auditd level=INFO user=mchen repo=api-gateway event=checkout status=success job=47269 trace=d8f1cff6094458
2026-07-15T17:41:58.074Z host=gpu-node-117 service=nvidia-dcgm level=INFO namespace=monitoring pod=node-exporter-db893a event=probe_ok gpu_util=16
2026-07-15T17:42:42.034Z host=eng-x12 service=dockerd level=INFO user=mchen repo=infra-charts event=checkout status=success job=41462 trace=4c41076e273ba6
2026-07-15T17:45:08.500Z host=eng-x12 service=dockerd level=INFO user=deploybot repo=api-gateway event=session_close status=success job=43640 trace=6003664bd2079e
2026-07-15T17:48:55.270Z host=eng-x12 service=auditd level=INFO user=deploybot repo=api-gateway event=checkout status=success job=46139 trace=8809d2966a77c1
2026-07-15T17:50:24.697Z host=gpu-node-023 service=containerd level=INFO namespace=inference pod=checkpoint-01e786 event=image_present gpu_util=93
2026-07-15T17:52:43.087Z host=gpu-node-041 service=kubelet level=INFO namespace=monitoring pod=node-exporter-d60064 event=completed gpu_util=5
2026-07-15T17:54:16.090Z host=gpu-node-031 service=containerd level=INFO namespace=monitoring pod=node-exporter-d7b18f event=image_present gpu_util=54
2026-07-15T17:57:09.898Z host=eng-x12 service=sshd level=INFO user=deploybot repo=model-runtime event=session_close status=success job=44713 trace=b5b4ea6cb1e4f1
2026-07-15T17:58:13.623Z host=gpu-node-071 service=containerd level=INFO namespace=inference pod=checkpoint-4a949f event=completed gpu_util=9
2026-07-15T17:58:56.462Z host=gpu-node-020 service=containerd level=INFO namespace=inference pod=trainer-927833 event=probe_ok gpu_util=90
2026-07-15T18:00:18.058Z host=gpu-node-127 service=containerd level=INFO namespace=inference pod=checkpoint-a3c9a6 event=completed gpu_util=65
2026-07-15T18:00:38.623Z host=eng-x12 service=gitlab-runner level=INFO user=mchen repo=api-gateway event=fetch status=success job=47952 trace=4267af96b5764b
2026-07-15T18:00:53.435Z host=eng-x12 service=sshd level=INFO user=sre repo=model-runtime event=build status=success job=44828 trace=acfcfe79ee09cf
2026-07-15T18:01:32.347Z host=gpu-node-099 service=scheduler level=INFO namespace=monitoring pod=model-eval-3ebece event=probe_ok gpu_util=36
2026-07-15T18:01:49.022Z host=gpu-node-021 service=scheduler level=INFO namespace=training pod=checkpoint-9b8bcb event=started gpu_util=91
2026-07-15T18:02:48.325Z host=gpu-node-041 service=containerd level=INFO namespace=inference pod=model-eval-a9ea5a event=image_present gpu_util=74
2026-07-15T18:04:15.721Z host=gpu-node-125 service=containerd level=INFO namespace=inference pod=node-exporter-a334a7 event=probe_ok gpu_util=63
2026-07-15T18:06:43.476Z host=eng-x12 service=sshd level=INFO user=builder repo=api-gateway event=session_close status=success job=43411 trace=a239ff109b2a87
2026-07-15T18:06:57.670Z host=eng-x12 service=sshd level=INFO user=sre repo=safety-filters event=checkout status=success job=42908 trace=f31216441e4757
2026-07-15T18:09:28.641Z host=eng-x12 service=dockerd level=INFO user=sre repo=model-runtime event=session_close status=success job=42849 trace=b98a628e6d712d
2026-07-15T18:09:34.791Z host=gpu-node-091 service=kubelet level=INFO namespace=inference pod=model-eval-55cfb9 event=completed gpu_util=43
2026-07-15T18:10:20.152Z host=eng-x12 service=dockerd level=INFO user=sre repo=api-gateway event=fetch status=success job=43594 trace=46b631054f1370
2026-07-15T18:11:01.489Z host=eng-x12 service=auditd level=INFO user=mchen repo=safety-filters event=fetch status=success job=43177 trace=dced1cd834e8b4
2026-07-15T18:11:26.410Z host=eng-x12 service=auditd level=INFO user=sre repo=model-runtime event=checkout status=success job=41220 trace=7c4985c98b6f69
2026-07-15T18:11:43.974Z host=eng-x12 service=dockerd level=INFO user=mchen repo=api-gateway event=push status=success job=48033 trace=e6f84834d4f27a
2026-07-15T18:12:46.918Z host=eng-x12 service=auditd level=INFO user=builder repo=infra-charts event=session_close status=success job=45481 trace=9a265e60c7b559
2026-07-15T18:15:01.364Z host=eng-x12 service=dockerd level=INFO user=builder repo=evaluation event=fetch status=success job=41532 trace=6f30ad0a4fe907
2026-07-15T18:15:02.289Z host=eng-x12 service=auditd level=INFO user=builder repo=evaluation event=build status=success job=43739 trace=18f3f344f307fb
2026-07-15T18:15:59.283Z host=eng-x12 service=gitlab-runner level=INFO user=sre repo=api-gateway event=session_close status=success job=45672 trace=2a4c3dd73758bb
2026-07-15T18:17:35.955Z host=gpu-node-088 service=nvidia-dcgm level=INFO namespace=inference pod=node-exporter-35e662 event=probe_ok gpu_util=94
2026-07-15T18:17:54.492Z host=gpu-node-049 service=scheduler level=INFO namespace=training pod=checkpoint-d30017 event=probe_ok gpu_util=95
2026-07-15T18:18:29.816Z host=gpu-node-050 service=scheduler level=INFO namespace=monitoring pod=node-exporter-b41eb7 event=started gpu_util=79
2026-07-15T18:19:39.633Z host=eng-x12 service=gitlab-runner level=INFO user=builder repo=api-gateway event=push status=success job=41171 trace=56a2b6e91497c4
2026-07-15T18:20:23.314Z host=eng-x12 service=gitlab-runner level=INFO user=sre repo=safety-filters event=build status=success job=48900 trace=c534190fcea28d
2026-07-15T18:21:21.334Z host=eng-x12 service=sshd level=INFO user=mchen repo=model-runtime event=checkout status=success job=45365 trace=16f3a9011179b0
2026-07-15T18:21:40.871Z host=eng-x12 service=dockerd level=INFO user=builder repo=safety-filters event=fetch status=success job=42612 trace=fcf5ec266e455d
2026-07-15T18:22:44.126Z host=eng-x12 service=sshd level=INFO user=mchen repo=api-gateway event=push status=success job=43536 trace=f1e10434b676f9
2026-07-15T18:23:19.993Z host=gpu-node-070 service=containerd level=INFO namespace=monitoring pod=trainer-9e06fe event=started gpu_util=1
2026-07-15T18:24:27.964Z host=gpu-node-033 service=scheduler level=INFO namespace=training pod=model-eval-6718f5 event=image_present gpu_util=14
2026-07-15T18:28:39.664Z host=gpu-node-099 service=kubelet level=INFO namespace=training pod=node-exporter-1748d8 event=completed gpu_util=66
2026-07-15T18:29:21.684Z host=gpu-node-011 service=scheduler level=INFO namespace=training pod=model-eval-de97a7 event=probe_ok gpu_util=71
2026-07-15T18:30:04.725Z host=eng-x12 service=sshd level=INFO user=deploybot repo=api-gateway event=build status=success job=43866 trace=8fc00e00be83c2
2026-07-15T18:30:36.227Z host=gpu-node-085 service=scheduler level=INFO namespace=inference pod=model-eval-57cb60 event=image_present gpu_util=10
2026-07-15T18:31:21.380Z host=eng-x12 service=auditd level=INFO user=deploybot repo=safety-filters event=session_close status=success job=44983 trace=4b5d2d15e20849
2026-07-15T18:32:23.596Z host=eng-x12 service=dockerd level=INFO user=builder repo=api-gateway event=push status=success job=44818 trace=0aef4852b49a05
2026-07-15T18:33:25.076Z host=gpu-node-101 service=scheduler level=INFO namespace=training pod=model-eval-6bf111 event=probe_ok gpu_util=77
2026-07-15T18:34:20.519Z host=gpu-node-013 service=nvidia-dcgm level=INFO namespace=inference pod=node-exporter-4b3e49 event=completed gpu_util=52
2026-07-15T18:34:24.264Z host=eng-x12 service=auditd level=INFO user=deploybot repo=safety-filters event=checkout status=success job=46671 trace=0719ef875858f1
2026-07-15T18:36:51.889Z host=gpu-node-008 service=kubelet level=INFO namespace=training pod=node-exporter-9ce47e event=started gpu_util=43
2026-07-15T18:37:30.497Z host=gpu-node-081 service=kubelet level=INFO namespace=inference pod=model-eval-28ab86 event=started gpu_util=50
2026-07-15T18:43:02.841Z host=gpu-node-040 service=containerd level=INFO namespace=inference pod=trainer-cf31bf event=started gpu_util=31
2026-07-15T18:44:20.777Z host=gpu-node-084 service=nvidia-dcgm level=INFO namespace=monitoring pod=checkpoint-fad3c0 event=completed gpu_util=38
2026-07-15T18:46:49.082Z host=eng-x12 service=gitlab-runner level=INFO user=builder repo=api-gateway event=checkout status=success job=41016 trace=f162e59f38db1e
2026-07-15T18:47:33.325Z host=eng-x12 service=auditd level=INFO user=sre repo=api-gateway event=session_close status=success job=48300 trace=8c3de5783c2062
2026-07-15T18:51:07.384Z host=gpu-node-003 service=kubelet level=INFO namespace=inference pod=model-eval-9b9de8 event=image_present gpu_util=45
2026-07-15T18:53:04.774Z host=eng-x12 service=dockerd level=INFO user=deploybot repo=infra-charts event=fetch status=success job=48583 trace=b6480c1d888835
2026-07-15T18:54:16.127Z host=eng-x12 service=dockerd level=INFO user=sre repo=api-gateway event=push status=success job=48844 trace=6200b554168fb2
2026-07-15T18:54:27.157Z host=eng-x12 service=dockerd level=INFO user=sre repo=safety-filters event=checkout status=success job=42981 trace=9f003f42072326
2026-07-15T18:55:20.593Z host=eng-x12 service=auditd level=INFO user=sre repo=safety-filters event=push status=success job=44476 trace=bbad9c15eff009
2026-07-15T18:55:52.873Z host=gpu-node-035 service=kubelet level=INFO namespace=inference pod=model-eval-cdc872 event=image_present gpu_util=54
2026-07-15T18:55:57.808Z host=eng-x12 service=sshd level=INFO user=sre repo=infra-charts event=build status=success job=41942 trace=072eda7d9839db
2026-07-15T18:55:59.192Z host=eng-x12 service=dockerd level=INFO user=sre repo=evaluation event=fetch status=success job=48440 trace=83e014ad01475f
2026-07-15T18:56:15.007Z host=gpu-node-030 service=nvidia-dcgm level=INFO namespace=monitoring pod=model-eval-9f2d90 event=started gpu_util=31
2026-07-15T18:57:43.896Z host=gpu-node-042 service=kubelet level=INFO namespace=training pod=model-eval-01224f event=image_present gpu_util=30
2026-07-15T18:58:18.200Z host=eng-x12 service=dockerd level=INFO user=mchen repo=infra-charts event=session_close status=success job=44065 trace=d5ce7ad643e957
2026-07-15T18:58:54.111Z host=gpu-node-100 service=containerd level=INFO namespace=monitoring pod=node-exporter-0f9654 event=completed gpu_util=45
2026-07-15T19:01:44.339Z host=eng-x12 service=auditd level=INFO user=builder repo=safety-filters event=checkout status=success job=48736 trace=f0fa49bc584100
2026-07-15T19:05:30.834Z host=eng-x12 service=auditd level=INFO user=sre repo=evaluation event=push status=success job=41461 trace=631ed0c05dc1d0
2026-07-15T19:05:42.796Z host=eng-x12 service=auditd level=INFO user=builder repo=model-runtime event=build status=success job=45792 trace=62d80df801d732
2026-07-15T19:06:25.153Z host=gpu-node-126 service=nvidia-dcgm level=INFO namespace=inference pod=model-eval-4688f0 event=completed gpu_util=61
2026-07-15T19:07:18.929Z host=gpu-node-004 service=kubelet level=INFO namespace=inference pod=node-exporter-b34d5e event=image_present gpu_util=44
2026-07-15T19:08:09.765Z host=gpu-node-101 service=kubelet level=INFO namespace=monitoring pod=model-eval-23ad65 event=image_present gpu_util=86
2026-07-15T19:08:30.067Z host=gpu-node-034 service=containerd level=INFO namespace=training pod=trainer-d4192e event=started gpu_util=40
2026-07-15T19:08:35.183Z host=eng-x12 service=dockerd level=INFO user=deploybot repo=infra-charts event=checkout status=success job=48889 trace=22011092af3ce5
2026-07-15T19:08:57.996Z host=gpu-node-064 service=nvidia-dcgm level=INFO namespace=monitoring pod=model-eval-ad0c68 event=completed gpu_util=60
2026-07-15T19:10:05.892Z host=eng-x12 service=dockerd level=INFO user=sre repo=safety-filters event=build status=success job=46110 trace=286849102cf030
2026-07-15T19:14:46.556Z host=eng-x12 service=sshd level=INFO user=deploybot repo=model-runtime event=build status=success job=42530 trace=2e7dc25271fbfa
2026-07-15T19:16:21.405Z host=eng-x12 service=auditd level=INFO user=sre repo=model-runtime event=checkout status=success job=48095 trace=a48df5847020a3
2026-07-15T19:16:41.100Z host=eng-x12 service=auditd level=INFO user=builder repo=api-gateway event=build status=success job=41305 trace=43dfc82f885111
2026-07-15T19:19:17.326Z host=gpu-node-054 service=kubelet level=INFO namespace=training pod=checkpoint-bfdfed event=image_present gpu_util=77
2026-07-15T19:24:45.282Z host=gpu-node-092 service=nvidia-dcgm level=INFO namespace=training pod=checkpoint-448565 event=started gpu_util=37
2026-07-15T19:28:22.523Z host=gpu-node-125 service=nvidia-dcgm level=INFO namespace=training pod=checkpoint-0d8e4c event=probe_ok gpu_util=38
2026-07-15T19:28:34.546Z host=eng-x12 service=auditd level=INFO user=deploybot repo=infra-charts event=checkout status=success job=43948 trace=250c210a438a1a
2026-07-15T19:28:38.604Z host=eng-x12 service=auditd level=INFO user=builder repo=infra-charts event=build status=success job=44808 trace=710d1de6a7ebcb
2026-07-15T19:28:44.912Z host=gpu-node-031 service=scheduler level=INFO namespace=inference pod=trainer-04eb27 event=completed gpu_util=87
2026-07-15T19:29:09.509Z host=eng-x12 service=auditd level=INFO user=mchen repo=infra-charts event=push status=success job=41117 trace=321d16f56a4ad3
2026-07-15T19:29:34.221Z host=eng-x12 service=sshd level=INFO user=deploybot repo=model-runtime event=checkout status=success job=45882 trace=ce89f37bdd305d
2026-07-15T19:29:41.647Z host=eng-x12 service=sshd level=INFO user=sre repo=infra-charts event=build status=success job=45525 trace=3cdb9da1600f2c
2026-07-15T19:30:29.896Z host=gpu-node-024 service=scheduler level=INFO namespace=monitoring pod=model-eval-dac7d5 event=completed gpu_util=99
2026-07-15T19:32:57.748Z host=gpu-node-044 service=containerd level=INFO namespace=inference pod=model-eval-5c6d08 event=probe_ok gpu_util=92
2026-07-15T19:33:49.527Z host=eng-x12 service=sshd level=INFO user=deploybot repo=infra-charts event=push status=success job=45251 trace=f114cff02492dd
2026-07-15T19:34:42.978Z host=eng-x12 service=gitlab-runner level=INFO user=sre repo=api-gateway event=fetch status=success job=44950 trace=3c0e19fdbdfcd8
2026-07-15T19:35:01.848Z host=eng-x12 service=auditd level=INFO user=builder repo=evaluation event=fetch status=success job=47653 trace=f56c4d410acb60
2026-07-15T19:35:21.615Z host=gpu-node-025 service=nvidia-dcgm level=INFO namespace=monitoring pod=node-exporter-a35bad event=probe_ok gpu_util=93
2026-07-15T19:37:05.142Z host=gpu-node-009 service=nvidia-dcgm level=INFO namespace=training pod=checkpoint-c0d8d6 event=started gpu_util=10
2026-07-15T19:40:06.188Z host=gpu-node-114 service=scheduler level=INFO namespace=training pod=node-exporter-58a1c3 event=probe_ok gpu_util=90
2026-07-15T19:40:18.464Z host=eng-x12 service=gitlab-runner level=INFO user=deploybot repo=infra-charts event=session_close status=success job=48218 trace=0f4d5139234a6d
2026-07-15T19:41:31.467Z host=eng-x12 service=gitlab-runner level=INFO user=deploybot repo=safety-filters event=fetch status=success job=41624 trace=2530a73b8b44f4
2026-07-15T19:44:28.534Z host=eng-x12 service=sshd level=INFO user=mchen repo=safety-filters event=fetch status=success job=45238 trace=7179e6e1515ff2
2026-07-15T19:50:44.667Z host=eng-x12 service=dockerd level=INFO user=mchen repo=model-runtime event=fetch status=success job=45615 trace=a9fcc751b346ab
2026-07-15T19:51:38.862Z host=eng-x12 service=gitlab-runner level=INFO user=mchen repo=model-runtime event=checkout status=success job=43749 trace=8b02a89a3160ab
2026-07-15T19:52:55.762Z host=gpu-node-081 service=kubelet level=INFO namespace=monitoring pod=trainer-a29572 event=probe_ok gpu_util=42
2026-07-15T19:53:27.845Z host=eng-x12 service=auditd level=INFO user=deploybot repo=infra-charts event=checkout status=success job=46824 trace=238b7712299f2c
2026-07-15T19:54:13.472Z host=gpu-node-089 service=nvidia-dcgm level=INFO namespace=inference pod=checkpoint-f721a1 event=image_present gpu_util=14
2026-07-15T19:56:06.019Z host=gpu-node-002 service=scheduler level=INFO namespace=training pod=node-exporter-2dd310 event=started gpu_util=63
2026-07-15T19:56:43.484Z host=gpu-node-084 service=containerd level=INFO namespace=inference pod=model-eval-399108 event=image_present gpu_util=4
2026-07-15T19:57:03.015Z host=eng-x12 service=sshd level=INFO user=deploybot repo=api-gateway event=fetch status=success job=43757 trace=a00407740cf0bc
2026-07-15T19:58:04.671Z host=gpu-node-114 service=nvidia-dcgm level=INFO namespace=inference pod=trainer-5c5c08 event=started gpu_util=15
2026-07-15T19:59:09.980Z host=gpu-node-056 service=kubelet level=INFO namespace=training pod=model-eval-94024f event=image_present gpu_util=18
2026-07-15T20:02:50.211Z host=eng-x12 service=auditd level=INFO user=mchen repo=evaluation event=session_close status=success job=46886 trace=ea24247540361c
2026-07-15T20:03:20.765Z host=eng-x12 service=auditd level=INFO user=builder repo=api-gateway event=push status=success job=47395 trace=cdabafddfd4dbe
2026-07-15T20:05:52.336Z host=eng-x12 service=sshd level=INFO user=builder repo=model-runtime event=build status=success job=43911 trace=57275b01e417bc
2026-07-15T20:06:03.945Z host=gpu-node-123 service=nvidia-dcgm level=INFO namespace=training pod=checkpoint-b08f06 event=started gpu_util=86
2026-07-15T20:08:09.134Z host=eng-x12 service=dockerd level=INFO user=mchen repo=evaluation event=push status=success job=44739 trace=13aee929fe853e
2026-07-15T20:08:53.774Z host=eng-x12 service=dockerd level=INFO user=sre repo=api-gateway event=fetch status=success job=47328 trace=8b11a3d00debdc
2026-07-15T20:09:48.894Z host=eng-x12 service=sshd level=INFO user=mchen repo=safety-filters event=push status=success job=48482 trace=25def5b2495439
2026-07-15T20:10:18.937Z host=gpu-node-082 service=nvidia-dcgm level=INFO namespace=monitoring pod=model-eval-451532 event=completed gpu_util=18
2026-07-15T20:13:30.483Z host=eng-x12 service=gitlab-runner level=INFO user=mchen repo=safety-filters event=checkout status=success job=42495 trace=dc336a2f5fd5ef
2026-07-15T20:15:20.819Z host=gpu-node-094 service=nvidia-dcgm level=INFO namespace=inference pod=checkpoint-22d08e event=completed gpu_util=35
2026-07-15T20:15:31.367Z host=gpu-node-066 service=scheduler level=INFO namespace=inference pod=model-eval-8d908b event=started gpu_util=38
2026-07-15T20:16:20.590Z host=eng-x12 service=dockerd level=INFO user=deploybot repo=infra-charts event=push status=success job=44868 trace=356d058d57c172
2026-07-15T20:17:46.148Z host=gpu-node-057 service=scheduler level=INFO namespace=training pod=model-eval-29538b event=probe_ok gpu_util=70
2026-07-15T20:18:47.385Z host=eng-x12 service=dockerd level=INFO user=mchen repo=safety-filters event=session_close status=success job=41767 trace=d8674c8f41ed40
2026-07-15T20:18:56.528Z host=eng-x12 service=sshd level=INFO user=builder repo=evaluation event=session_close status=success job=44482 trace=d6eb0f3804d0e4
2026-07-15T20:20:00.999Z host=eng-x12 service=dockerd level=INFO user=mchen repo=evaluation event=fetch status=success job=46876 trace=d0d8d431226371
2026-07-15T20:20:08.512Z host=eng-x12 service=dockerd level=INFO user=sre repo=api-gateway event=fetch status=success job=46172 trace=74aed1d2a1d990
2026-07-15T20:21:46.922Z host=gpu-node-094 service=containerd level=INFO namespace=training pod=checkpoint-fd9889 event=started gpu_util=67
2026-07-15T20:22:28.716Z host=eng-x12 service=dockerd level=INFO user=mchen repo=api-gateway event=build status=success job=44587 trace=0317a3b5b44000
2026-07-15T20:23:03.055Z host=gpu-node-099 service=nvidia-dcgm level=INFO namespace=inference pod=checkpoint-c1c691 event=started gpu_util=18
2026-07-15T20:23:31.645Z host=eng-x12 service=sshd level=INFO user=builder repo=safety-filters event=build status=success job=46361 trace=ded96883f5957e
2026-07-15T20:25:21.390Z host=eng-x12 service=dockerd level=INFO user=builder repo=api-gateway event=push status=success job=46194 trace=0c4dc2ed198d95
2026-07-15T20:26:49.181Z host=eng-x12 service=auditd level=INFO user=builder repo=evaluation event=session_close status=success job=48742 trace=c2e0b67bcf49c6
2026-07-15T20:27:37.855Z host=eng-x12 service=sshd level=INFO user=builder repo=model-runtime event=build status=success job=42287 trace=319c23fd900276
2026-07-15T20:28:52.499Z host=gpu-node-115 service=nvidia-dcgm level=INFO namespace=training pod=trainer-c08bb3 event=completed gpu_util=19
2026-07-15T20:32:08.528Z host=gpu-node-109 service=scheduler level=INFO namespace=training pod=model-eval-b7879c event=started gpu_util=23
2026-07-15T20:37:02.736Z host=eng-x12 service=sshd level=INFO user=sre repo=infra-charts event=build status=success job=43388 trace=660c402c21d7f6
2026-07-15T20:39:50.850Z host=eng-x12 service=sshd level=INFO user=builder repo=infra-charts event=session_close status=success job=45930 trace=d9873a4ac27c30
2026-07-15T20:40:34.746Z host=eng-x12 service=auditd level=INFO user=mchen repo=safety-filters event=checkout status=success job=47985 trace=ac97c738094b71
2026-07-15T20:41:57.652Z host=eng-x12 service=auditd level=INFO user=mchen repo=infra-charts event=session_close status=success job=44982 trace=6a66c94cc14c85
2026-07-15T20:43:05.437Z host=gpu-node-117 service=kubelet level=INFO namespace=inference pod=model-eval-a613d2 event=probe_ok gpu_util=56
2026-07-15T20:43:23.250Z host=gpu-node-022 service=scheduler level=INFO namespace=inference pod=node-exporter-d10bf8 event=completed gpu_util=96
2026-07-15T20:44:01.683Z host=eng-x12 service=auditd level=INFO user=mchen repo=safety-filters event=fetch status=success job=47761 trace=1a54c4a45f97b2
2026-07-15T20:44:42.967Z host=eng-x12 service=dockerd level=INFO user=sre repo=safety-filters event=push status=success job=45657 trace=ec21b73ae34cd1
2026-07-15T20:46:54.384Z host=gpu-node-119 service=kubelet level=INFO namespace=inference pod=model-eval-11f792 event=image_present gpu_util=88
2026-07-15T20:47:05.076Z host=eng-x12 service=gitlab-runner level=INFO user=builder repo=evaluation event=fetch status=success job=42440 trace=914786b466f72a
2026-07-15T20:47:44.699Z host=gpu-node-113 service=kubelet level=INFO namespace=training pod=model-eval-1c730d event=image_present gpu_util=8
2026-07-15T20:49:33.334Z host=gpu-node-073 service=containerd level=INFO namespace=monitoring pod=checkpoint-417874 event=probe_ok gpu_util=47
2026-07-15T20:50:39.359Z host=eng-x12 service=sshd level=INFO user=sre repo=safety-filters event=build status=success job=42966 trace=da07e80b61200c
2026-07-15T20:51:43.694Z host=gpu-node-122 service=containerd level=INFO namespace=monitoring pod=checkpoint-26e2d1 event=completed gpu_util=96
2026-07-15T20:53:17.929Z host=eng-x12 service=dockerd level=INFO user=deploybot repo=infra-charts event=fetch status=success job=47412 trace=c5411f5d6fabb9
2026-07-15T20:53:21.222Z host=gpu-node-002 service=nvidia-dcgm level=INFO namespace=inference pod=trainer-fb8790 event=image_present gpu_util=5
2026-07-15T20:54:21.766Z host=eng-x12 service=dockerd level=INFO user=sre repo=safety-filters event=session_close status=success job=41889 trace=4be709242bb659
2026-07-15T20:57:05.168Z host=gpu-node-116 service=nvidia-dcgm level=INFO namespace=training pod=checkpoint-0d0050 event=completed gpu_util=75
2026-07-15T20:58:27.873Z host=eng-x12 service=auditd level=INFO user=sre repo=safety-filters event=push status=success job=46297 trace=f2a81f5255a905
2026-07-15T21:00:50.713Z host=gpu-node-087 service=scheduler level=INFO namespace=monitoring pod=node-exporter-f525a7 event=probe_ok gpu_util=86
2026-07-15T21:01:32.557Z host=eng-x12 service=sshd level=INFO user=mchen repo=safety-filters event=push status=success job=46546 trace=a14501b37f1515
2026-07-15T21:02:03.811Z host=gpu-node-025 service=containerd level=INFO namespace=training pod=model-eval-744a8c event=completed gpu_util=43
2026-07-15T21:02:40.655Z host=gpu-node-017 service=containerd level=INFO namespace=training pod=node-exporter-e05405 event=completed gpu_util=39
2026-07-15T21:03:50.405Z host=gpu-node-070 service=kubelet level=INFO namespace=monitoring pod=trainer-8fc5bf event=image_present gpu_util=82
2026-07-15T21:04:15.608Z host=gpu-node-001 service=kubelet level=INFO namespace=training pod=trainer-cd5d7f event=completed gpu_util=91
2026-07-15T21:04:28.504Z host=gpu-node-059 service=nvidia-dcgm level=INFO namespace=inference pod=checkpoint-fd0181 event=probe_ok gpu_util=35
2026-07-15T21:04:59.442Z host=gpu-node-123 service=containerd level=INFO namespace=training pod=model-eval-c17f8e event=image_present gpu_util=43
2026-07-15T21:06:02.035Z host=eng-x12 service=sshd level=INFO user=deploybot repo=infra-charts event=fetch status=success job=45479 trace=b0a84585961696
2026-07-15T21:06:09.341Z host=eng-x12 service=dockerd level=INFO user=mchen repo=model-runtime event=build status=success job=47117 trace=33e930810f342f
2026-07-15T21:06:44.893Z host=eng-x12 service=sshd level=INFO user=sre repo=api-gateway event=checkout status=success job=41680 trace=ccdec1188557f8
2026-07-15T21:06:49.988Z host=gpu-node-041 service=containerd level=INFO namespace=training pod=checkpoint-98aa9d event=probe_ok gpu_util=60
2026-07-15T21:07:05.469Z host=eng-x12 service=sshd level=INFO user=sre repo=safety-filters event=build status=success job=48624 trace=27bbcf8110e52a
2026-07-15T21:09:15.908Z host=gpu-node-122 service=scheduler level=INFO namespace=training pod=node-exporter-1a26d4 event=started gpu_util=20
2026-07-15T21:10:29.534Z host=gpu-node-095 service=kubelet level=INFO namespace=monitoring pod=node-exporter-fc317f event=started gpu_util=92
2026-07-15T21:10:53.688Z host=eng-x12 service=auditd level=INFO user=mchen repo=model-runtime event=checkout status=success job=46558 trace=636e5ed1a46824
2026-07-15T21:12:55.455Z host=eng-x12 service=gitlab-runner level=INFO user=builder repo=evaluation event=build status=success job=47581 trace=c46d0e96c8cb93
2026-07-15T21:13:21.392Z host=eng-x12 service=gitlab-runner level=INFO user=sre repo=infra-charts event=build status=success job=45697 trace=5ca5c5a5d4ee3b
2026-07-15T21:13:24.941Z host=gpu-node-044 service=nvidia-dcgm level=INFO namespace=inference pod=checkpoint-242667 event=completed gpu_util=37
2026-07-15T21:13:50.678Z host=eng-x12 service=dockerd level=INFO user=builder repo=api-gateway event=fetch status=success job=46567 trace=85d8b889bf4616
2026-07-15T21:14:49.697Z host=gpu-node-059 service=scheduler level=INFO namespace=monitoring pod=trainer-8a05e2 event=completed gpu_util=26
2026-07-15T21:14:55.809Z host=eng-x12 service=gitlab-runner level=INFO user=mchen repo=evaluation event=push status=success job=43738 trace=a4e0ee91ab1725
2026-07-15T21:16:15.430Z host=gpu-node-026 service=kubelet level=INFO namespace=monitoring pod=node-exporter-eebd4b event=probe_ok gpu_util=6
2026-07-15T21:16:29.296Z host=eng-x12 service=gitlab-runner level=INFO user=sre repo=api-gateway event=push status=success job=41186 trace=5f7d858d122843
2026-07-15T21:17:50.483Z host=eng-x12 service=gitlab-runner level=INFO user=sre repo=model-runtime event=build status=success job=42292 trace=77cce8d767376c
2026-07-15T21:18:16.105Z host=eng-x12 service=auditd level=INFO user=sre repo=api-gateway event=session_close status=success job=46708 trace=8235a828b6796a
2026-07-15T21:19:12.289Z host=eng-x12 service=dockerd level=INFO user=mchen repo=evaluation event=build status=success job=42458 trace=ea4bbfc6d3cfb5
2026-07-15T21:20:53.988Z host=gpu-node-004 service=scheduler level=INFO namespace=inference pod=trainer-ac5588 event=started gpu_util=74
2026-07-15T21:23:18.526Z host=gpu-node-123 service=kubelet level=INFO namespace=training pod=model-eval-39ca65 event=image_present gpu_util=5
2026-07-15T21:24:29.935Z host=gpu-node-125 service=nvidia-dcgm level=INFO namespace=monitoring pod=node-exporter-f8f39c event=started gpu_util=13
2026-07-15T21:24:55.824Z host=eng-x12 service=sshd level=INFO user=deploybot repo=model-runtime event=checkout status=success job=47559 trace=e701c3ff6c09c9
2026-07-15T21:24:59.528Z host=eng-x12 service=dockerd level=INFO user=sre repo=infra-charts event=session_close status=success job=48399 trace=9b0f98899ea679
2026-07-15T21:25:33.509Z host=eng-x12 service=dockerd level=INFO user=builder repo=api-gateway event=push status=success job=46958 trace=f31792578c6801
2026-07-15T21:27:42.566Z host=eng-x12 service=gitlab-runner level=INFO user=deploybot repo=infra-charts event=checkout status=success job=46425 trace=bea79545ff7732
2026-07-15T21:27:49.490Z host=gpu-node-042 service=containerd level=INFO namespace=training pod=trainer-4b8e15 event=completed gpu_util=66
2026-07-15T21:32:56.903Z host=gpu-node-003 service=nvidia-dcgm level=INFO namespace=training pod=node-exporter-8b0cc2 event=started gpu_util=17
2026-07-15T21:33:22.007Z host=gpu-node-102 service=containerd level=INFO namespace=inference pod=model-eval-c6912a event=started gpu_util=51
2026-07-15T21:33:26.091Z host=gpu-node-067 service=nvidia-dcgm level=INFO namespace=inference pod=node-exporter-3504b8 event=completed gpu_util=40
2026-07-15T21:34:04.466Z host=eng-x12 service=sshd level=INFO user=mchen repo=api-gateway event=checkout status=success job=44884 trace=19dd3cf43eea7e
2026-07-15T21:34:06.032Z host=gpu-node-117 service=containerd level=INFO namespace=training pod=node-exporter-2260f4 event=probe_ok gpu_util=34
2026-07-15T21:35:24.487Z host=eng-x12 service=sshd level=INFO user=mchen repo=infra-charts event=session_close status=success job=44577 trace=fc5e4e53bdda1c
2026-07-15T21:35:48.435Z host=eng-x12 service=sshd level=INFO user=builder repo=model-runtime event=push status=success job=45942 trace=f2d810064aa5f4
2026-07-15T21:36:17.058Z host=gpu-node-082 service=kubelet level=INFO namespace=inference pod=node-exporter-4e5417 event=image_present gpu_util=61
2026-07-15T21:37:58.094Z host=gpu-node-085 service=kubelet level=INFO namespace=monitoring pod=checkpoint-af9a1e event=probe_ok gpu_util=87
2026-07-15T21:38:31.995Z host=gpu-node-049 service=containerd level=INFO namespace=training pod=node-exporter-401bd4 event=probe_ok gpu_util=49
2026-07-15T21:38:50.820Z host=gpu-node-044 service=kubelet level=INFO namespace=inference pod=model-eval-849290 event=probe_ok gpu_util=26
2026-07-15T21:38:55.930Z host=gpu-node-072 service=containerd level=INFO namespace=monitoring pod=checkpoint-087a51 event=image_present gpu_util=23
2026-07-15T21:39:38.022Z host=gpu-node-127 service=nvidia-dcgm level=INFO namespace=training pod=model-eval-d7dd65 event=probe_ok gpu_util=73
2026-07-15T21:40:05.150Z host=eng-x12 service=sshd level=INFO user=deploybot repo=api-gateway event=session_close status=success job=48356 trace=0ca71aea29440b
2026-07-15T21:40:21.341Z host=gpu-node-052 service=nvidia-dcgm level=INFO namespace=inference pod=node-exporter-0d30cd event=completed gpu_util=57
2026-07-15T21:40:23.104Z host=gpu-node-052 service=kubelet level=INFO namespace=monitoring pod=model-eval-d8744a event=started gpu_util=98
2026-07-15T21:40:33.422Z host=gpu-node-034 service=scheduler level=INFO namespace=monitoring pod=node-exporter-028606 event=started gpu_util=86
2026-07-15T21:42:00.560Z host=eng-x12 service=gitlab-runner level=INFO user=builder repo=infra-charts event=session_close status=success job=48347 trace=e63943ef0071a5
2026-07-15T21:42:08.405Z host=gpu-node-122 service=containerd level=INFO namespace=monitoring pod=trainer-d5920c event=image_present gpu_util=65
2026-07-15T21:43:05.839Z host=gpu-node-084 service=kubelet level=INFO namespace=inference pod=trainer-a4411e event=completed gpu_util=41
2026-07-15T21:43:16.979Z host=gpu-node-068 service=kubelet level=INFO namespace=monitoring pod=node-exporter-97e576 event=image_present gpu_util=15
2026-07-15T21:44:31.724Z host=eng-x12 service=dockerd level=INFO user=mchen repo=safety-filters event=build status=success job=46052 trace=c2142e1c261ae3
2026-07-15T21:45:13.975Z host=eng-x12 service=auditd level=INFO user=deploybot repo=safety-filters event=build status=success job=47785 trace=990e3be157fc9b
2026-07-15T21:45:24.717Z host=gpu-node-024 service=kubelet level=INFO namespace=monitoring pod=trainer-65afeb event=started gpu_util=48
2026-07-15T21:47:27.496Z host=eng-x12 service=gitlab-runner level=INFO user=builder repo=evaluation event=push status=success job=42368 trace=3d1cf0379978d0
2026-07-15T21:47:56.680Z host=gpu-node-072 service=scheduler level=INFO namespace=inference pod=trainer-2a34c5 event=started gpu_util=51
2026-07-15T21:48:22.270Z host=gpu-node-049 service=containerd level=INFO namespace=monitoring pod=checkpoint-df5513 event=image_present gpu_util=45
2026-07-15T21:48:51.866Z host=eng-x12 service=dockerd level=INFO user=builder repo=safety-filters event=push status=success job=42661 trace=49a66babc3d1b2
2026-07-15T21:51:30.677Z host=eng-x12 service=gitlab-runner level=INFO user=mchen repo=infra-charts event=push status=success job=41651 trace=2b41c3f227c663
2026-07-15T21:51:50.959Z host=gpu-node-057 service=containerd level=INFO namespace=inference pod=trainer-12ac7f event=started gpu_util=35
2026-07-15T21:52:09.743Z host=gpu-node-011 service=containerd level=INFO namespace=training pod=checkpoint-626d53 event=started gpu_util=32
2026-07-15T21:52:21.850Z host=gpu-node-060 service=kubelet level=INFO namespace=training pod=trainer-8e6d92 event=image_present gpu_util=100
2026-07-15T21:52:30.958Z host=eng-x12 service=dockerd level=INFO user=deploybot repo=api-gateway event=build status=success job=45977 trace=3b35d4c2c3fd22
2026-07-15T21:54:59.205Z host=eng-x12 service=gitlab-runner level=INFO user=sre repo=model-runtime event=build status=success job=47545 trace=f70e872f3f6a49
2026-07-15T21:55:20.315Z host=gpu-node-045 service=kubelet level=INFO namespace=inference pod=model-eval-3a26d8 event=probe_ok gpu_util=55
2026-07-15T21:57:10.981Z host=eng-x12 service=dockerd level=INFO user=builder repo=api-gateway event=push status=success job=47550 trace=b1973cf232ce0a
2026-07-15T21:57:41.716Z host=gpu-node-098 service=scheduler level=INFO namespace=monitoring pod=checkpoint-9b1971 event=probe_ok gpu_util=31
2026-07-15T21:58:21.135Z host=eng-x12 service=auditd level=INFO user=deploybot repo=model-runtime event=fetch status=success job=45447 trace=73202b7de724e7
2026-07-15T22:01:08.088Z host=eng-x12 service=auditd level=INFO user=mchen repo=evaluation event=session_close status=success job=46863 trace=3759f553aeb1ca
2026-07-15T22:01:32.406Z host=gpu-node-007 service=containerd level=INFO namespace=training pod=model-eval-2b503c event=probe_ok gpu_util=97
2026-07-15T22:01:38.673Z host=eng-x12 service=sshd level=INFO user=mchen repo=api-gateway event=checkout status=success job=43936 trace=f23bdab04d8637
2026-07-15T22:01:48.482Z host=gpu-node-014 service=kubelet level=INFO namespace=training pod=model-eval-1be0c9 event=completed gpu_util=54
2026-07-15T22:02:10.231Z host=gpu-node-093 service=kubelet level=INFO namespace=inference pod=node-exporter-a62df3 event=image_present gpu_util=55
2026-07-15T22:02:47.821Z host=gpu-node-032 service=scheduler level=INFO namespace=training pod=trainer-ed9af2 event=completed gpu_util=83
2026-07-15T22:05:16.344Z host=gpu-node-057 service=scheduler level=INFO namespace=monitoring pod=node-exporter-22c7f0 event=image_present gpu_util=81
2026-07-15T22:05:38.087Z host=eng-x12 service=dockerd level=INFO user=deploybot repo=api-gateway event=session_close status=success job=46192 trace=a2bbf2c85165fc
2026-07-15T22:06:53.087Z host=eng-x12 service=auditd level=INFO user=builder repo=safety-filters event=checkout status=success job=48688 trace=bc1b96819234a9
2026-07-15T22:11:37.687Z host=eng-x12 service=auditd level=INFO user=builder repo=evaluation event=build status=success job=45492 trace=0290694318da5b
2026-07-15T22:11:53.812Z host=gpu-node-027 service=containerd level=INFO namespace=training pod=model-eval-74e27d event=probe_ok gpu_util=99
2026-07-15T22:11:54.892Z host=eng-x12 service=sshd level=INFO user=builder repo=safety-filters event=build status=success job=42925 trace=0de73d59eaba2d
2026-07-15T22:12:28.375Z host=gpu-node-075 service=kubelet level=INFO namespace=training pod=node-exporter-4deb0c event=started gpu_util=54
2026-07-15T22:13:31.592Z host=gpu-node-077 service=scheduler level=INFO namespace=training pod=checkpoint-7aea3a event=started gpu_util=37
2026-07-15T22:13:44.331Z host=gpu-node-014 service=scheduler level=INFO namespace=monitoring pod=checkpoint-bdf9c4 event=probe_ok gpu_util=4
2026-07-15T22:14:14.173Z host=eng-x12 service=auditd level=INFO user=mchen repo=safety-filters event=fetch status=success job=44652 trace=9b1e2da6adfce7
2026-07-15T22:18:14.992Z host=gpu-node-055 service=nvidia-dcgm level=INFO namespace=inference pod=checkpoint-ce6026 event=started gpu_util=21
2026-07-15T22:20:59.592Z host=gpu-node-014 service=nvidia-dcgm level=INFO namespace=monitoring pod=node-exporter-097b85 event=started gpu_util=55
2026-07-15T22:21:41.016Z host=eng-x12 service=sshd level=INFO user=sre repo=model-runtime event=fetch status=success job=45004 trace=420e3afafe9d07
2026-07-15T22:21:43.017Z host=eng-x12 service=gitlab-runner level=INFO user=sre repo=infra-charts event=checkout status=success job=43048 trace=46b13ec7c4f043
2026-07-15T22:24:20.769Z host=eng-x12 service=sshd level=INFO user=builder repo=safety-filters event=session_close status=success job=41009 trace=82e32bbf25b584
2026-07-15T22:24:23.475Z host=eng-x12 service=auditd level=INFO user=mchen repo=evaluation event=session_close status=success job=46459 trace=8402aa1938e4d6
2026-07-15T22:24:29.888Z host=gpu-node-105 service=scheduler level=INFO namespace=inference pod=trainer-20670a event=started gpu_util=24
2026-07-15T22:25:30.655Z host=eng-x12 service=sshd level=INFO user=mchen repo=api-gateway event=fetch status=success job=41178 trace=f9fe2352746031
2026-07-15T22:25:37.734Z host=eng-x12 service=dockerd level=INFO user=deploybot repo=safety-filters event=push status=success job=45427 trace=dccba66ccbd0f9
2026-07-15T22:26:55.861Z host=gpu-node-011 service=containerd level=INFO namespace=inference pod=model-eval-5efee6 event=probe_ok gpu_util=15
2026-07-15T22:27:43.809Z host=gpu-node-014 service=scheduler level=INFO namespace=training pod=model-eval-2ab5e5 event=image_present gpu_util=60
2026-07-15T22:28:19.051Z host=gpu-node-041 service=scheduler level=INFO namespace=monitoring pod=trainer-1bb600 event=started gpu_util=85
2026-07-15T22:28:41.881Z host=gpu-node-061 service=scheduler level=INFO namespace=inference pod=trainer-84845c event=started gpu_util=7
2026-07-15T22:32:08.876Z host=gpu-node-066 service=containerd level=INFO namespace=monitoring pod=model-eval-44fdec event=started gpu_util=72
2026-07-15T22:32:53.543Z host=eng-x12 service=sshd level=INFO user=mchen repo=evaluation event=build status=success job=46558 trace=bfd948963caab4
2026-07-15T22:33:07.339Z host=gpu-node-091 service=nvidia-dcgm level=INFO namespace=monitoring pod=node-exporter-aabe1f event=probe_ok gpu_util=71
2026-07-15T22:33:07.349Z host=eng-x12 service=sshd level=INFO user=builder repo=evaluation event=fetch status=success job=43523 trace=becef0a1e31551
2026-07-15T22:33:38.498Z host=gpu-node-066 service=containerd level=INFO namespace=inference pod=trainer-124442 event=image_present gpu_util=4
2026-07-15T22:34:10.391Z host=eng-x12 service=auditd level=INFO user=mchen repo=model-runtime event=fetch status=success job=43588 trace=f41ec8329b0a88
2026-07-15T22:36:13.721Z host=eng-x12 service=sshd level=INFO user=builder repo=model-runtime event=push status=success job=46822 trace=8c5464770e1e7a
2026-07-15T22:37:00.448Z host=eng-x12 service=dockerd level=INFO user=builder repo=model-runtime event=checkout status=success job=44981 trace=1c9441a260deb0
2026-07-15T22:38:12.465Z host=gpu-node-081 service=containerd level=INFO namespace=inference pod=model-eval-4b6287 event=image_present gpu_util=1
2026-07-15T22:39:58.359Z host=eng-x12 service=gitlab-runner level=INFO user=sre repo=api-gateway event=push status=success job=42311 trace=5ea5238cc00ac8
2026-07-15T22:41:43.112Z host=eng-x12 service=sshd level=INFO user=builder repo=evaluation event=build status=success job=42562 trace=2bbb0be20e0c6f
2026-07-15T22:42:34.237Z host=eng-x12 service=sshd level=INFO user=sre repo=safety-filters event=push status=success job=46625 trace=ab790d524e5af9
2026-07-15T22:44:05.433Z host=eng-x12 service=gitlab-runner level=INFO user=deploybot repo=model-runtime event=push status=success job=48865 trace=25564f115b0032
2026-07-15T22:44:22.914Z host=gpu-node-065 service=containerd level=INFO namespace=inference pod=checkpoint-04c489 event=probe_ok gpu_util=15
2026-07-15T22:48:05.330Z host=eng-x12 service=gitlab-runner level=INFO user=mchen repo=model-runtime event=session_close status=success job=48919 trace=5fcd76e8c5bc1d
2026-07-15T22:48:43.013Z host=eng-x12 service=auditd level=INFO user=sre repo=infra-charts event=push status=success job=47847 trace=7e21bdfe5e2b5c
2026-07-15T22:50:02.934Z host=gpu-node-009 service=scheduler level=INFO namespace=monitoring pod=checkpoint-4c10e5 event=image_present gpu_util=16
2026-07-15T22:50:56.005Z host=gpu-node-046 service=nvidia-dcgm level=INFO namespace=monitoring pod=checkpoint-4c43b2 event=probe_ok gpu_util=78
2026-07-15T22:51:20.176Z host=eng-x12 service=dockerd level=INFO user=mchen repo=safety-filters event=fetch status=success job=44553 trace=3a4b9b4db355cf
2026-07-15T22:54:39.631Z host=gpu-node-016 service=containerd level=INFO namespace=inference pod=model-eval-4134a8 event=started gpu_util=3
2026-07-15T22:54:47.307Z host=eng-x12 service=sshd level=INFO user=sre repo=model-runtime event=session_close status=success job=43548 trace=f0097ac1b48180
2026-07-15T22:57:07.109Z host=eng-x12 service=auditd level=INFO user=sre repo=api-gateway event=build status=success job=48540 trace=8d99aad023c987
2026-07-15T22:57:12.109Z host=eng-x12 service=gitlab-runner level=INFO user=deploybot repo=model-runtime event=fetch status=success job=41278 trace=62f72d9320833e
2026-07-15T22:57:41.990Z host=gpu-node-095 service=scheduler level=INFO namespace=inference pod=trainer-3e259a event=started gpu_util=76
2026-07-15T22:58:36.881Z host=gpu-node-086 service=scheduler level=INFO namespace=inference pod=node-exporter-994a4c event=started gpu_util=86
2026-07-15T23:00:45.119Z host=eng-x12 service=sshd level=INFO user=deploybot repo=infra-charts event=checkout status=success job=44976 trace=a30fad7bf7ec10
2026-07-15T23:03:35.429Z host=gpu-node-119 service=nvidia-dcgm level=INFO namespace=inference pod=checkpoint-d33329 event=image_present gpu_util=13
2026-07-15T23:03:47.800Z host=eng-x12 service=dockerd level=INFO user=sre repo=model-runtime event=build status=success job=41784 trace=a97061117890a4
2026-07-15T23:03:53.485Z host=eng-x12 service=sshd level=INFO user=deploybot repo=safety-filters event=fetch status=success job=48916 trace=6c29aa9c97affb
2026-07-15T23:04:46.256Z host=eng-x12 service=auditd level=INFO user=deploybot repo=api-gateway event=build status=success job=43591 trace=10d9e8f272a29e
2026-07-15T23:09:15.594Z host=eng-x12 service=auditd level=INFO user=builder repo=infra-charts event=fetch status=success job=44520 trace=af0f8e7d255652
2026-07-15T23:09:27.910Z host=eng-x12 service=gitlab-runner level=INFO user=mchen repo=evaluation event=checkout status=success job=43315 trace=ec56554504201e
2026-07-15T23:10:15.582Z host=eng-x12 service=sshd level=INFO user=sre repo=model-runtime event=checkout status=success job=45050 trace=abc72764947d0a
2026-07-15T23:10:37.224Z host=eng-x12 service=sshd level=INFO user=sre repo=infra-charts event=fetch status=success job=42731 trace=7261d00b043f4f
2026-07-15T23:11:14.116Z host=gpu-node-026 service=kubelet level=INFO namespace=inference pod=checkpoint-1af857 event=started gpu_util=50
2026-07-15T23:11:53.428Z host=eng-x12 service=sshd level=INFO user=deploybot repo=model-runtime event=fetch status=success job=48834 trace=8016afe8a774c8
2026-07-15T23:12:03.016Z host=gpu-node-128 service=scheduler level=INFO namespace=inference pod=node-exporter-eba6b8 event=probe_ok gpu_util=45
2026-07-15T23:12:58.683Z host=eng-x12 service=sshd level=INFO user=deploybot repo=infra-charts event=build status=success job=46231 trace=da780c2c0c0516
2026-07-15T23:13:28.194Z host=gpu-node-011 service=nvidia-dcgm level=INFO namespace=inference pod=model-eval-2ac83c event=started gpu_util=3
2026-07-15T23:13:45.654Z host=gpu-node-083 service=containerd level=INFO namespace=training pod=trainer-1bf51a event=completed gpu_util=52
2026-07-15T23:14:31.735Z host=eng-x12 service=dockerd level=INFO user=builder repo=model-runtime event=checkout status=success job=41286 trace=342a1bb895ba8c
2026-07-15T23:15:30.551Z host=eng-x12 service=gitlab-runner level=INFO user=deploybot repo=safety-filters event=build status=success job=43155 trace=e74d952fd3eb16
2026-07-15T23:16:27.097Z host=gpu-node-108 service=kubelet level=INFO namespace=training pod=checkpoint-599e22 event=started gpu_util=25
2026-07-15T23:17:24.636Z host=eng-x12 service=gitlab-runner level=INFO user=mchen repo=safety-filters event=checkout status=success job=43140 trace=237aa4259de767
2026-07-15T23:18:22.035Z host=eng-x12 service=auditd level=INFO user=mchen repo=model-runtime event=checkout status=success job=44746 trace=821459b4ab4cde
2026-07-15T23:19:08.109Z host=gpu-node-078 service=kubelet level=INFO namespace=inference pod=node-exporter-0111d0 event=started gpu_util=38
2026-07-15T23:19:14.267Z host=eng-x12 service=auditd level=INFO user=deploybot repo=api-gateway event=session_close status=success job=42787 trace=212267d13aa8c3
2026-07-15T23:20:28.386Z host=eng-x12 service=gitlab-runner level=INFO user=mchen repo=api-gateway event=session_close status=success job=41540 trace=ae63d0bc95ca5a
2026-07-15T23:21:06.301Z host=gpu-node-020 service=containerd level=INFO namespace=monitoring pod=node-exporter-d22179 event=image_present gpu_util=75
2026-07-15T23:21:50.186Z host=gpu-node-100 service=scheduler level=INFO namespace=training pod=model-eval-a01c02 event=probe_ok gpu_util=16
2026-07-15T23:22:00.153Z host=eng-x12 service=sshd level=INFO user=mchen repo=api-gateway event=session_close status=success job=43371 trace=dfc27628914da0
2026-07-15T23:22:34.570Z host=gpu-node-042 service=scheduler level=INFO namespace=inference pod=node-exporter-aa2576 event=started gpu_util=72
2026-07-15T23:23:25.246Z host=gpu-node-070 service=nvidia-dcgm level=INFO namespace=inference pod=node-exporter-988dd0 event=started gpu_util=99
2026-07-15T23:26:34.211Z host=gpu-node-002 service=kubelet level=INFO namespace=inference pod=trainer-079891 event=image_present gpu_util=3
2026-07-15T23:28:40.649Z host=gpu-node-011 service=containerd level=INFO namespace=inference pod=node-exporter-b719b8 event=started gpu_util=3
2026-07-15T23:29:50.156Z host=gpu-node-107 service=scheduler level=INFO namespace=inference pod=trainer-d67e53 event=image_present gpu_util=36
2026-07-15T23:31:09.223Z host=gpu-node-108 service=containerd level=INFO namespace=monitoring pod=node-exporter-753e1d event=completed gpu_util=90
2026-07-15T23:33:06.674Z host=eng-x12 service=auditd level=INFO user=mchen repo=model-runtime event=session_close status=success job=48222 trace=82855da6f59959
2026-07-15T23:33:08.954Z host=gpu-node-060 service=containerd level=INFO namespace=monitoring pod=trainer-286b2a event=probe_ok gpu_util=77
2026-07-15T23:33:09.156Z host=eng-x12 service=auditd level=INFO user=sre repo=model-runtime event=fetch status=success job=44530 trace=bf7e2b01f9181f
2026-07-15T23:35:50.533Z host=eng-x12 service=dockerd level=INFO user=builder repo=model-runtime event=fetch status=success job=43812 trace=1d472120c729a4
2026-07-15T23:36:52.966Z host=gpu-node-024 service=kubelet level=INFO namespace=training pod=trainer-80b68a event=probe_ok gpu_util=100
2026-07-15T23:38:27.150Z host=eng-x12 service=sshd level=INFO user=deploybot repo=infra-charts event=session_close status=success job=47618 trace=21f62c83ef14cd
2026-07-15T23:39:20.725Z host=gpu-node-039 service=kubelet level=INFO namespace=monitoring pod=checkpoint-954e8d event=completed gpu_util=73
2026-07-15T23:39:59.468Z host=eng-x12 service=auditd level=INFO user=deploybot repo=infra-charts event=push status=success job=47778 trace=1c6630fc3c9a58
2026-07-15T23:40:28.732Z host=eng-x12 service=sshd level=INFO user=builder repo=model-runtime event=push status=success job=44211 trace=574983330054ab
2026-07-15T23:41:19.611Z host=gpu-node-114 service=kubelet level=INFO namespace=monitoring pod=node-exporter-6fa688 event=started gpu_util=20
2026-07-15T23:41:35.859Z host=eng-x12 service=auditd level=INFO user=builder repo=infra-charts event=push status=success job=45327 trace=11f284e20e359e
2026-07-15T23:42:56.316Z host=gpu-node-090 service=nvidia-dcgm level=INFO namespace=inference pod=checkpoint-6f87b2 event=started gpu_util=39
2026-07-15T23:44:27.935Z host=eng-x12 service=dockerd level=INFO user=builder repo=evaluation event=push status=success job=45150 trace=ee98f08bcaf387
2026-07-15T23:45:09.342Z host=eng-x12 service=auditd level=INFO user=deploybot repo=api-gateway event=push status=success job=47261 trace=9a289bf0223783
2026-07-15T23:45:44.185Z host=gpu-node-084 service=kubelet level=INFO namespace=monitoring pod=model-eval-7c457a event=started gpu_util=63
2026-07-15T23:46:09.264Z host=gpu-node-045 service=containerd level=INFO namespace=monitoring pod=trainer-b8ffd9 event=completed gpu_util=88
2026-07-15T23:46:38.953Z host=eng-x12 service=dockerd level=INFO user=mchen repo=safety-filters event=build status=success job=44269 trace=096dbe8fb1e237
2026-07-15T23:46:59.401Z host=gpu-node-085 service=containerd level=INFO namespace=training pod=trainer-17ee08 event=started gpu_util=62
2026-07-15T23:48:02.218Z host=eng-x12 service=auditd level=INFO user=builder repo=safety-filters event=fetch status=success job=48230 trace=bb8ce4fe623b31
2026-07-15T23:48:25.508Z host=eng-x12 service=sshd level=INFO user=builder repo=infra-charts event=fetch status=success job=45878 trace=987abeae409f20
2026-07-15T23:49:54.574Z host=gpu-node-014 service=kubelet level=INFO namespace=inference pod=trainer-44405c event=started gpu_util=53
2026-07-15T23:50:22.244Z host=eng-x12 service=sshd level=INFO user=sre repo=infra-charts event=session_close status=success job=46922 trace=9b3c2532a04b0b
2026-07-15T23:50:30.057Z host=eng-x12 service=dockerd level=INFO user=deploybot repo=evaluation event=push status=success job=46789 trace=3e6e7d56c92579
2026-07-15T23:51:43.485Z host=gpu-node-124 service=kubelet level=INFO namespace=inference pod=node-exporter-84bd2e event=completed gpu_util=14
2026-07-15T23:55:30.852Z host=gpu-node-088 service=nvidia-dcgm level=INFO namespace=training pod=trainer-f10f3e event=started gpu_util=69
2026-07-15T23:55:48.825Z host=eng-x12 service=sshd level=INFO user=builder repo=api-gateway event=fetch status=success job=41818 trace=f95ee961b89a2c
2026-07-15T23:58:08.158Z host=gpu-node-065 service=kubelet level=INFO namespace=training pod=node-exporter-4e2da5 event=started gpu_util=92
2026-07-15T23:58:55.278Z host=eng-x12 service=gitlab-runner level=INFO user=deploybot repo=safety-filters event=fetch status=success job=45275 trace=d3850cf5c4a02c
2026-07-15T23:59:46.370Z host=gpu-node-113 service=scheduler level=INFO namespace=monitoring pod=model-eval-3adfd0 event=image_present gpu_util=62
2026-07-15T23:59:52.190Z host=eng-x12 service=gitlab-runner level=INFO user=builder repo=evaluation event=session_close status=success job=47040 trace=2bcf673a5a2cec
2026-07-16T00:00:31.185Z host=gpu-node-030 service=containerd level=INFO namespace=training pod=trainer-ba593e event=probe_ok gpu_util=53
2026-07-16T00:01:14.645Z host=eng-x12 service=gitlab-runner level=INFO user=mchen repo=model-runtime event=checkout status=success job=45983 trace=dd25ceb5245fe3
2026-07-16T00:01:30.995Z host=gpu-node-004 service=scheduler level=INFO namespace=inference pod=node-exporter-b717ad event=started gpu_util=12
2026-07-16T00:02:50.688Z host=gpu-node-021 service=nvidia-dcgm level=INFO namespace=inference pod=node-exporter-cbf6d7 event=started gpu_util=31
2026-07-16T00:03:08.208Z host=eng-x12 service=auditd level=INFO user=builder repo=evaluation event=session_close status=success job=43055 trace=22c1c70cc8938c
2026-07-16T00:04:00.994Z host=eng-x12 service=dockerd level=INFO user=mchen repo=model-runtime event=push status=success job=43852 trace=353c75091b7e09
2026-07-16T00:04:17.931Z host=eng-x12 service=dockerd level=INFO user=deploybot repo=evaluation event=push status=success job=47015 trace=4a2526f817953c
2026-07-16T00:05:07.971Z host=eng-x12 service=gitlab-runner level=INFO user=builder repo=evaluation event=checkout status=success job=46142 trace=2b2d257e09906c
2026-07-16T00:07:03.180Z host=gpu-node-011 service=scheduler level=INFO namespace=inference pod=node-exporter-ba3aee event=completed gpu_util=51
2026-07-16T00:07:31.642Z host=eng-x12 service=auditd level=INFO user=deploybot repo=infra-charts event=session_close status=success job=44568 trace=d0d0f5d7aaf58e
2026-07-16T00:07:33.770Z host=eng-x12 service=dockerd level=INFO user=sre repo=model-runtime event=checkout status=success job=46836 trace=9728577822a85b
2026-07-16T00:09:21.968Z host=gpu-node-112 service=kubelet level=INFO namespace=inference pod=checkpoint-40e936 event=completed gpu_util=2
2026-07-16T00:09:54.403Z host=gpu-node-041 service=kubelet level=INFO namespace=training pod=checkpoint-c4f708 event=completed gpu_util=48
2026-07-16T00:10:42.819Z host=gpu-node-102 service=scheduler level=INFO namespace=training pod=node-exporter-8bb57a event=image_present gpu_util=15
2026-07-16T00:11:39.020Z host=gpu-node-037 service=scheduler level=INFO namespace=monitoring pod=model-eval-eb4273 event=completed gpu_util=5
2026-07-16T00:12:31.968Z host=eng-x12 service=auditd level=INFO user=builder repo=safety-filters event=build status=success job=41184 trace=8c2dfb93c5c6f1
2026-07-16T00:12:40.313Z host=eng-x12 service=sshd level=INFO user=deploybot repo=infra-charts event=fetch status=success job=48652 trace=586ea478b650c3
2026-07-16T00:14:43.851Z host=eng-x12 service=sshd level=INFO user=sre repo=evaluation event=build status=success job=41905 trace=b7240dd5228446
2026-07-16T00:14:56.323Z host=gpu-node-103 service=scheduler level=INFO namespace=inference pod=trainer-ee81c0 event=started gpu_util=38
2026-07-16T00:15:05.489Z host=gpu-node-105 service=containerd level=INFO namespace=inference pod=checkpoint-fd528f event=started gpu_util=37
2026-07-16T00:15:10.321Z host=gpu-node-082 service=nvidia-dcgm level=INFO namespace=training pod=node-exporter-89fde2 event=image_present gpu_util=83
2026-07-16T00:16:43.473Z host=eng-x12 service=sshd level=INFO user=sre repo=api-gateway event=checkout status=success job=48412 trace=2fe1072d59b160
2026-07-16T00:17:27.929Z host=eng-x12 service=dockerd level=INFO user=sre repo=model-runtime event=build status=success job=41891 trace=140d83d5e8f709
2026-07-16T00:18:19.582Z host=gpu-node-078 service=kubelet level=INFO namespace=monitoring pod=trainer-334be3 event=probe_ok gpu_util=88
2026-07-16T00:19:07.341Z host=gpu-node-010 service=kubelet level=INFO namespace=monitoring pod=trainer-825140 event=probe_ok gpu_util=83
2026-07-16T00:19:27.691Z host=eng-x12 service=auditd level=INFO user=deploybot repo=safety-filters event=session_close status=success job=47458 trace=876eee268602a2
2026-07-16T00:21:28.544Z host=eng-x12 service=auditd level=INFO user=sre repo=model-runtime event=session_close status=success job=41703 trace=e3b1ba1834d8c4
2026-07-16T00:22:48.221Z host=gpu-node-111 service=nvidia-dcgm level=INFO namespace=training pod=model-eval-d8b8e7 event=started gpu_util=63
2026-07-16T00:23:19.754Z host=gpu-node-061 service=kubelet level=INFO namespace=training pod=trainer-00e59b event=probe_ok gpu_util=78
2026-07-16T00:24:49.785Z host=gpu-node-078 service=kubelet level=INFO namespace=monitoring pod=trainer-bcf370 event=completed gpu_util=34
2026-07-16T00:25:19.946Z host=eng-x12 service=sshd level=INFO user=builder repo=safety-filters event=push status=success job=42728 trace=0822613565605d
2026-07-16T00:25:47.567Z host=eng-x12 service=auditd level=INFO user=sre repo=api-gateway event=checkout status=success job=44065 trace=95f68f2d6e6cdf
2026-07-16T00:27:36.718Z host=gpu-node-075 service=nvidia-dcgm level=INFO namespace=inference pod=checkpoint-ace4f6 event=completed gpu_util=73
2026-07-16T00:27:58.716Z host=gpu-node-101 service=nvidia-dcgm level=INFO namespace=inference pod=node-exporter-230c04 event=completed gpu_util=19
2026-07-16T00:28:09.907Z host=gpu-node-112 service=scheduler level=INFO namespace=training pod=node-exporter-fed9b5 event=started gpu_util=75
2026-07-16T00:29:00.945Z host=eng-x12 service=dockerd level=INFO user=deploybot repo=evaluation event=session_close status=success job=41603 trace=dcefba6d49a949
2026-07-16T00:31:46.950Z host=eng-x12 service=auditd level=INFO user=mchen repo=model-runtime event=push status=success job=45240 trace=5845ac351833bd
2026-07-16T00:33:56.483Z host=eng-x12 service=auditd level=INFO user=builder repo=safety-filters event=push status=success job=46101 trace=551b8b140a1f86
2026-07-16T00:34:34.538Z host=eng-x12 service=dockerd level=INFO user=builder repo=model-runtime event=checkout status=success job=44469 trace=357e5591c6e99d
2026-07-16T00:34:58.082Z host=eng-x12 service=gitlab-runner level=INFO user=sre repo=infra-charts event=build status=success job=44540 trace=2bd0431a56da99
2026-07-16T00:35:54.334Z host=gpu-node-015 service=nvidia-dcgm level=INFO namespace=monitoring pod=node-exporter-c6f6a1 event=image_present gpu_util=29
2026-07-16T00:36:08.624Z host=gpu-node-104 service=kubelet level=INFO namespace=training pod=checkpoint-b777d6 event=completed gpu_util=7
2026-07-16T00:36:09.328Z host=eng-x12 service=sshd level=INFO user=builder repo=model-runtime event=checkout status=success job=45321 trace=465da1841c00be
2026-07-16T00:36:22.441Z host=eng-x12 service=dockerd level=INFO user=builder repo=api-gateway event=session_close status=success job=44622 trace=3d27beae66c739
2026-07-16T00:37:47.465Z host=gpu-node-042 service=kubelet level=INFO namespace=inference pod=node-exporter-28b406 event=probe_ok gpu_util=27
2026-07-16T00:39:12.247Z host=gpu-node-094 service=nvidia-dcgm level=INFO namespace=inference pod=checkpoint-975adf event=started gpu_util=39
2026-07-16T00:39:40.200Z host=gpu-node-027 service=scheduler level=INFO namespace=training pod=node-exporter-57cdea event=completed gpu_util=89
2026-07-16T00:39:49.945Z host=gpu-node-114 service=kubelet level=INFO namespace=monitoring pod=checkpoint-c74e2e event=image_present gpu_util=32
2026-07-16T00:41:07.776Z host=eng-x12 service=dockerd level=INFO user=mchen repo=evaluation event=checkout status=success job=45286 trace=da4ca1187bdeda
2026-07-16T00:42:18.281Z host=gpu-node-015 service=nvidia-dcgm level=INFO namespace=inference pod=trainer-338bbb event=image_present gpu_util=56
2026-07-16T00:43:38.294Z host=gpu-node-063 service=nvidia-dcgm level=INFO namespace=inference pod=trainer-8b8207 event=probe_ok gpu_util=2
2026-07-16T00:44:19.205Z host=gpu-node-125 service=kubelet level=INFO namespace=monitoring pod=checkpoint-59e552 event=image_present gpu_util=77
2026-07-16T00:44:25.132Z host=gpu-node-105 service=scheduler level=INFO namespace=training pod=node-exporter-4f701d event=probe_ok gpu_util=1
2026-07-16T00:45:56.833Z host=gpu-node-071 service=scheduler level=INFO namespace=training pod=model-eval-1d11d5 event=completed gpu_util=43
2026-07-16T00:46:02.530Z host=gpu-node-002 service=scheduler level=INFO namespace=inference pod=node-exporter-93556e event=image_present gpu_util=8
2026-07-16T00:48:22.684Z host=eng-x12 service=dockerd level=INFO user=sre repo=evaluation event=fetch status=success job=45798 trace=465599196c3668
2026-07-16T00:49:22.778Z host=eng-x12 service=gitlab-runner level=INFO user=mchen repo=api-gateway event=build status=success job=46667 trace=334a6878f5c59f
2026-07-16T00:49:54.809Z host=gpu-node-107 service=kubelet level=INFO namespace=monitoring pod=checkpoint-b5d43e event=probe_ok gpu_util=14
2026-07-16T00:50:32.411Z host=eng-x12 service=dockerd level=INFO user=deploybot repo=model-runtime event=checkout status=success job=43262 trace=747b2a60ff7b37
2026-07-16T00:50:57.871Z host=eng-x12 service=gitlab-runner level=INFO user=deploybot repo=safety-filters event=checkout status=success job=43857 trace=4cd2628304edcc
2026-07-16T00:52:02.846Z host=eng-x12 service=auditd level=INFO user=deploybot repo=safety-filters event=push status=success job=48342 trace=78818f9012c2c8
2026-07-16T00:54:00.255Z host=gpu-node-114 service=containerd level=INFO namespace=monitoring pod=model-eval-2e0c6d event=image_present gpu_util=73
2026-07-16T00:54:47.788Z host=eng-x12 service=auditd level=INFO user=builder repo=safety-filters event=fetch status=success job=45237 trace=3d37d72aa25371
2026-07-16T00:54:54.421Z host=eng-x12 service=sshd level=INFO user=builder repo=safety-filters event=fetch status=success job=45157 trace=2ce76de09f9d9c
2026-07-16T00:56:56.350Z host=eng-x12 service=gitlab-runner level=INFO user=builder repo=safety-filters event=fetch status=success job=44010 trace=800b957654b3c6
2026-07-16T00:58:07.834Z host=eng-x12 service=auditd level=INFO user=sre repo=infra-charts event=fetch status=success job=47973 trace=a9dd8d71a58dbd
2026-07-16T00:58:50.777Z host=eng-x12 service=dockerd level=INFO user=deploybot repo=safety-filters event=session_close status=success job=44975 trace=9e53e2e6eb421b
2026-07-16T01:00:45.654Z host=eng-x12 service=auditd level=INFO user=deploybot repo=model-runtime event=checkout status=success job=44177 trace=e5c972bea05990
2026-07-16T01:01:04.303Z host=eng-x12 service=gitlab-runner level=INFO user=mchen repo=evaluation event=fetch status=success job=46701 trace=43fc829491b239
2026-07-16T01:01:05.004Z host=gpu-node-095 service=kubelet level=INFO namespace=monitoring pod=checkpoint-f183dd event=probe_ok gpu_util=53
2026-07-16T01:01:56.432Z host=gpu-node-026 service=nvidia-dcgm level=INFO namespace=inference pod=model-eval-aa6709 event=image_present gpu_util=18
2026-07-16T01:02:06.523Z host=eng-x12 service=auditd level=INFO user=sre repo=model-runtime event=session_close status=success job=46422 trace=57c72216c1afad
2026-07-16T01:03:08.936Z host=gpu-node-048 service=nvidia-dcgm level=INFO namespace=inference pod=model-eval-eb5f61 event=image_present gpu_util=5
2026-07-16T01:06:48.345Z host=gpu-node-008 service=kubelet level=INFO namespace=monitoring pod=checkpoint-c42ae7 event=probe_ok gpu_util=48
2026-07-16T01:07:02.250Z host=gpu-node-123 service=scheduler level=INFO namespace=monitoring pod=model-eval-eb0220 event=image_present gpu_util=46
2026-07-16T01:08:00.308Z host=eng-x12 service=sshd level=INFO user=mchen repo=evaluation event=session_close status=success job=48327 trace=56ebdc430d4be5
2026-07-16T01:08:42.318Z host=eng-x12 service=sshd level=INFO user=deploybot repo=evaluation event=fetch status=success job=45267 trace=ced91209331097
2026-07-16T01:09:15.087Z host=eng-x12 service=gitlab-runner level=INFO user=sre repo=api-gateway event=fetch status=success job=47543 trace=978499db9990a4
2026-07-16T01:09:18.318Z host=eng-x12 service=sshd level=INFO user=deploybot repo=api-gateway event=checkout status=success job=46038 trace=8d15fb0da35b4e
2026-07-16T01:11:46.839Z host=gpu-node-004 service=scheduler level=INFO namespace=monitoring pod=node-exporter-ace287 event=probe_ok gpu_util=75
2026-07-16T01:12:13.350Z host=eng-x12 service=gitlab-runner level=INFO user=mchen repo=api-gateway event=session_close status=success job=47878 trace=83958fcb5f2017
2026-07-16T01:12:58.871Z host=gpu-node-046 service=scheduler level=INFO namespace=monitoring pod=node-exporter-4f7fd9 event=image_present gpu_util=55
2026-07-16T01:13:13.736Z host=eng-x12 service=gitlab-runner level=INFO user=builder repo=safety-filters event=build status=success job=43764 trace=c6eda5a5c14a51
2026-07-16T01:13:17.137Z host=eng-x12 service=auditd level=INFO user=builder repo=api-gateway event=fetch status=success job=45090 trace=474a1401041b4a
2026-07-16T01:14:41.985Z host=gpu-node-087 service=nvidia-dcgm level=INFO namespace=training pod=trainer-d0fdd8 event=probe_ok gpu_util=51
2026-07-16T01:19:19.720Z host=eng-x12 service=auditd level=INFO user=deploybot repo=model-runtime event=fetch status=success job=42424 trace=9f551559b6c373
2026-07-16T01:19:25.393Z host=eng-x12 service=sshd level=INFO user=deploybot repo=evaluation event=push status=success job=41274 trace=b32ef5e627851d
2026-07-16T01:23:58.577Z host=eng-x12 service=sshd level=INFO user=mchen repo=model-runtime event=build status=success job=45730 trace=d2191403527d98
2026-07-16T01:24:14.413Z host=gpu-node-056 service=kubelet level=INFO namespace=training pod=model-eval-defad1 event=image_present gpu_util=21
2026-07-16T01:24:37.910Z host=eng-x12 service=dockerd level=INFO user=mchen repo=infra-charts event=checkout status=success job=45891 trace=d2e9378c93e1be
2026-07-16T01:24:53.074Z host=eng-x12 service=sshd level=INFO user=builder repo=infra-charts event=checkout status=success job=44660 trace=32a68717d42888
2026-07-16T01:27:17.987Z host=gpu-node-085 service=containerd level=INFO namespace=training pod=trainer-8ed4f6 event=completed gpu_util=97
2026-07-16T01:27:32.515Z host=gpu-node-074 service=scheduler level=INFO namespace=monitoring pod=checkpoint-8d407d event=started gpu_util=66
2026-07-16T01:28:43.341Z host=eng-x12 service=auditd level=INFO user=builder repo=model-runtime event=build status=success job=48990 trace=1e3cc2370323ba
2026-07-16T01:31:40.997Z host=gpu-node-064 service=scheduler level=INFO namespace=inference pod=checkpoint-d4cc3a event=completed gpu_util=56
2026-07-16T01:32:33.767Z host=eng-x12 service=sshd level=INFO user=mchen repo=api-gateway event=session_close status=success job=42592 trace=2d7bfb0a9c5e6a
2026-07-16T01:32:48.206Z host=gpu-node-060 service=kubelet level=INFO namespace=training pod=checkpoint-da0aed event=image_present gpu_util=6
2026-07-16T01:33:28.812Z host=gpu-node-022 service=kubelet level=INFO namespace=monitoring pod=checkpoint-5d78cd event=completed gpu_util=75
2026-07-16T01:38:09.500Z host=gpu-node-093 service=scheduler level=INFO namespace=training pod=node-exporter-9cafd9 event=probe_ok gpu_util=7
2026-07-16T01:38:37.949Z host=eng-x12 service=sshd level=INFO user=mchen repo=infra-charts event=push status=success job=45195 trace=efca2a8103087d
2026-07-16T01:40:14.579Z host=eng-x12 service=sshd level=INFO user=sre repo=evaluation event=session_close status=success job=43847 trace=accd89af63523b
2026-07-16T01:41:48.775Z host=eng-x12 service=auditd level=INFO user=mchen repo=api-gateway event=push status=success job=48962 trace=c76d9124ba7acc
2026-07-16T01:43:17.678Z host=eng-x12 service=dockerd level=INFO user=deploybot repo=api-gateway event=push status=success job=42264 trace=dc5df91f9e2e19
2026-07-16T01:43:55.019Z host=eng-x12 service=auditd level=INFO user=deploybot repo=evaluation event=checkout status=success job=43303 trace=475b05aed70b79
2026-07-16T01:43:59.828Z host=gpu-node-084 service=nvidia-dcgm level=INFO namespace=monitoring pod=node-exporter-5c3cbd event=completed gpu_util=58
2026-07-16T01:47:13.697Z host=gpu-node-043 service=containerd level=INFO namespace=monitoring pod=checkpoint-dd2a22 event=image_present gpu_util=72
2026-07-16T01:47:23.413Z host=eng-x12 service=gitlab-runner level=INFO user=deploybot repo=api-gateway event=checkout status=success job=41869 trace=f4a7a276eb5514
2026-07-16T01:49:31.544Z host=eng-x12 service=sshd level=INFO user=sre repo=infra-charts event=checkout status=success job=48110 trace=e9b0d4c787ec0a
2026-07-16T01:49:36.414Z host=eng-x12 service=auditd level=INFO user=builder repo=infra-charts event=session_close status=success job=43383 trace=11077757aa751c
2026-07-16T01:50:17.913Z host=eng-x12 service=sshd level=INFO user=sre repo=model-runtime event=checkout status=success job=44698 trace=d6b8cfb9ab0909
2026-07-16T01:51:44.813Z host=eng-x12 service=auditd level=INFO user=deploybot repo=api-gateway event=build status=success job=47268 trace=fe11c14dcf34c0
2026-07-16T01:51:46.620Z host=gpu-node-081 service=containerd level=INFO namespace=inference pod=node-exporter-3ea07b event=image_present gpu_util=40
2026-07-16T01:52:10.326Z host=eng-x12 service=dockerd level=INFO user=sre repo=safety-filters event=build status=success job=43782 trace=acd0ab1b1d39aa
2026-07-16T01:53:16.944Z host=gpu-node-074 service=kubelet level=INFO namespace=training pod=trainer-440889 event=image_present gpu_util=3
2026-07-16T01:54:33.129Z host=eng-x12 service=sshd level=INFO user=mchen repo=safety-filters event=session_close status=success job=47412 trace=54fe7c4cc8a0cd
2026-07-16T01:57:16.310Z host=eng-x12 service=auditd level=INFO user=sre repo=model-runtime event=session_close status=success job=47279 trace=fbcf4de3aa885c
2026-07-16T01:57:24.831Z host=eng-x12 service=gitlab-runner level=INFO user=mchen repo=infra-charts event=checkout status=success job=46022 trace=57f05a8bec93f1
2026-07-16T01:57:36.210Z host=eng-x12 service=auditd level=INFO user=deploybot repo=safety-filters event=fetch status=success job=43330 trace=04fc788f0c5fab
2026-07-16T01:57:40.757Z host=eng-x12 service=dockerd level=INFO user=mchen repo=safety-filters event=build status=success job=41094 trace=4d78d760fb8960
2026-07-16T01:58:44.138Z host=gpu-node-066 service=scheduler level=INFO namespace=monitoring pod=trainer-942adc event=image_present gpu_util=76
2026-07-16T01:58:59.040Z host=gpu-node-002 service=containerd level=INFO namespace=training pod=checkpoint-0abb54 event=probe_ok gpu_util=39
2026-07-16T01:59:09.708Z host=eng-x12 service=dockerd level=INFO user=builder repo=api-gateway event=fetch status=success job=44023 trace=0d218f31f9a709
2026-07-16T02:00:30.073Z host=gpu-node-001 service=kubelet level=INFO namespace=inference pod=checkpoint-31e01f event=started gpu_util=100
2026-07-16T02:03:19.951Z host=eng-x12 service=sshd level=INFO user=mchen repo=safety-filters event=build status=success job=45571 trace=f07819900a5822
2026-07-16T02:06:10.756Z host=gpu-node-064 service=kubelet level=INFO namespace=inference pod=trainer-aa02dc event=completed gpu_util=52
2026-07-16T02:07:24.709Z host=gpu-node-038 service=containerd level=INFO namespace=inference pod=model-eval-8d7b5a event=image_present gpu_util=52
2026-07-16T02:08:08.257Z host=gpu-node-090 service=nvidia-dcgm level=INFO namespace=training pod=node-exporter-848440 event=started gpu_util=21
2026-07-16T02:10:56.973Z host=gpu-node-096 service=containerd level=INFO namespace=training pod=node-exporter-73d37f event=probe_ok gpu_util=25
2026-07-16T02:11:02.325Z host=eng-x12 service=sshd level=INFO user=mchen repo=evaluation event=checkout status=success job=41758 trace=eb57c6910bfb10
2026-07-16T02:13:38.523Z host=gpu-node-038 service=scheduler level=INFO namespace=inference pod=model-eval-dbb141 event=started gpu_util=93
2026-07-16T02:13:59.860Z host=gpu-node-115 service=scheduler level=INFO namespace=training pod=trainer-4092bb event=probe_ok gpu_util=88
2026-07-16T02:14:30.770Z host=gpu-node-017 service=containerd level=INFO namespace=inference pod=model-eval-23c2dd event=completed gpu_util=31
2026-07-16T02:14:43.793Z host=gpu-node-082 service=nvidia-dcgm level=INFO namespace=training pod=checkpoint-f02833 event=started gpu_util=13
2026-07-16T02:16:28.198Z host=eng-x12 service=gitlab-runner level=INFO user=mchen repo=infra-charts event=checkout status=success job=45244 trace=f22b85f441331b
2026-07-16T02:19:57.103Z host=gpu-node-051 service=nvidia-dcgm level=INFO namespace=inference pod=checkpoint-f3bc20 event=started gpu_util=71
2026-07-16T02:20:58.476Z host=gpu-node-090 service=kubelet level=INFO namespace=inference pod=node-exporter-03c8b8 event=completed gpu_util=80
2026-07-16T02:22:35.439Z host=eng-x12 service=gitlab-runner level=INFO user=sre repo=api-gateway event=checkout status=success job=43517 trace=a427836b28b99d
2026-07-16T02:24:19.140Z host=eng-x12 service=auditd level=INFO user=mchen repo=model-runtime event=session_close status=success job=45769 trace=da485cb1eb714e
2026-07-16T02:24:44.972Z host=eng-x12 service=gitlab-runner level=INFO user=builder repo=api-gateway event=checkout status=success job=48513 trace=511a1e4a10c865
2026-07-16T02:25:10.946Z host=eng-x12 service=gitlab-runner level=INFO user=builder repo=model-runtime event=build status=success job=48178 trace=c287784fdd5543
2026-07-16T02:25:20.102Z host=eng-x12 service=sshd level=INFO user=sre repo=evaluation event=build status=success job=47918 trace=4ea6b5c2291854
2026-07-16T02:27:58.448Z host=gpu-node-014 service=containerd level=INFO namespace=monitoring pod=model-eval-961a33 event=probe_ok gpu_util=0
2026-07-16T02:28:52.927Z host=gpu-node-092 service=containerd level=INFO namespace=inference pod=model-eval-fc35de event=completed gpu_util=64
2026-07-16T02:31:49.773Z host=eng-x12 service=gitlab-runner level=INFO user=sre repo=evaluation event=session_close status=success job=47922 trace=d65c458da7d4ab
2026-07-16T02:32:10.912Z host=eng-x12 service=auditd level=INFO user=mchen repo=evaluation event=session_close status=success job=41674 trace=74a7c38d5991b7
2026-07-16T02:32:17.967Z host=gpu-node-021 service=nvidia-dcgm level=INFO namespace=training pod=checkpoint-940a26 event=image_present gpu_util=63
2026-07-16T02:33:32.652Z host=gpu-node-120 service=scheduler level=INFO namespace=inference pod=checkpoint-ee726f event=image_present gpu_util=14
2026-07-16T02:33:46.227Z host=eng-x12 service=auditd level=INFO user=builder repo=api-gateway event=fetch status=success job=47737 trace=cb160eaf304fdf
2026-07-16T02:34:08.825Z host=eng-x12 service=dockerd level=INFO user=builder repo=evaluation event=checkout status=success job=41900 trace=6120f6c20075c7
2026-07-16T02:35:32.744Z host=gpu-node-044 service=containerd level=INFO namespace=monitoring pod=node-exporter-22b22b event=started gpu_util=80
2026-07-16T02:37:06.316Z host=gpu-node-097 service=nvidia-dcgm level=INFO namespace=inference pod=node-exporter-aed6fd event=image_present gpu_util=67
2026-07-16T02:37:51.301Z host=eng-x12 service=auditd level=INFO user=sre repo=evaluation event=push status=success job=48416 trace=e9a4555b8c5407
2026-07-16T02:38:52.431Z host=gpu-node-051 service=nvidia-dcgm level=INFO namespace=monitoring pod=checkpoint-1cb1a3 event=probe_ok gpu_util=70
2026-07-16T02:40:34.919Z host=gpu-node-126 service=scheduler level=INFO namespace=monitoring pod=checkpoint-4c733e event=completed gpu_util=88
2026-07-16T02:40:35.841Z host=eng-x12 service=auditd level=INFO user=mchen repo=evaluation event=push status=success job=47555 trace=b7d4e2cb22c7df
2026-07-16T02:42:38.695Z host=gpu-node-036 service=scheduler level=INFO namespace=training pod=checkpoint-0949cc event=started gpu_util=99
2026-07-16T02:43:10.687Z host=eng-x12 service=dockerd level=INFO user=sre repo=infra-charts event=checkout status=success job=41686 trace=3b7b7fc09673ff
2026-07-16T02:43:44.966Z host=gpu-node-101 service=kubelet level=INFO namespace=training pod=trainer-7527cb event=probe_ok gpu_util=96
2026-07-16T02:44:02.539Z host=gpu-node-110 service=scheduler level=INFO namespace=inference pod=model-eval-937562 event=probe_ok gpu_util=74
2026-07-16T02:45:09.203Z host=eng-x12 service=dockerd level=INFO user=sre repo=safety-filters event=build status=success job=41837 trace=356cb7df5f2219
2026-07-16T02:50:23.798Z host=gpu-node-127 service=scheduler level=INFO namespace=training pod=model-eval-79d4a6 event=image_present gpu_util=55
2026-07-16T02:50:48.274Z host=gpu-node-037 service=kubelet level=INFO namespace=training pod=trainer-414c7b event=probe_ok gpu_util=17
2026-07-16T02:55:57.432Z host=gpu-node-054 service=containerd level=INFO namespace=monitoring pod=trainer-3a7473 event=started gpu_util=26
2026-07-16T02:58:16.438Z host=gpu-node-039 service=scheduler level=INFO namespace=inference pod=checkpoint-f2e4fc event=completed gpu_util=40
2026-07-16T03:01:08.277Z host=eng-x12 service=auditd level=INFO user=sre repo=model-runtime event=checkout status=success job=47815 trace=bbe9d6d466c120
2026-07-16T03:02:00.805Z host=gpu-node-065 service=nvidia-dcgm level=INFO namespace=monitoring pod=model-eval-dd2a09 event=started gpu_util=77
2026-07-16T03:05:58.219Z host=gpu-node-125 service=kubelet level=INFO namespace=training pod=model-eval-e7f3c4 event=probe_ok gpu_util=21
2026-07-16T03:12:12.678Z host=gpu-node-033 service=nvidia-dcgm level=INFO namespace=training pod=model-eval-6d949b event=started gpu_util=35
2026-07-16T03:12:25.965Z host=eng-x12 service=gitlab-runner level=INFO user=sre repo=infra-charts event=push status=success job=45645 trace=486e5d866281d0
2026-07-16T03:12:26.017Z host=eng-x12 service=auditd level=INFO user=deploybot repo=safety-filters event=fetch status=success job=47866 trace=29946a658ceb4b
2026-07-16T03:13:45.395Z host=gpu-node-040 service=scheduler level=INFO namespace=training pod=model-eval-867f6b event=completed gpu_util=83
2026-07-16T03:13:45.536Z host=gpu-node-088 service=nvidia-dcgm level=INFO namespace=training pod=checkpoint-8c0d5b event=completed gpu_util=100
2026-07-16T03:14:08.563Z host=eng-x12 service=sshd level=INFO user=builder repo=infra-charts event=checkout status=success job=46313 trace=d585db8a55543b
2026-07-16T03:14:39.485Z host=eng-x12 service=gitlab-runner level=INFO user=deploybot repo=infra-charts event=session_close status=success job=46916 trace=a19d9c75725f7d
2026-07-16T03:16:08.593Z host=gpu-node-019 service=kubelet level=INFO namespace=training pod=checkpoint-f9121a event=image_present gpu_util=14
2026-07-16T03:16:26.141Z host=gpu-node-048 service=kubelet level=INFO namespace=training pod=model-eval-86b6cf event=probe_ok gpu_util=19
2026-07-16T03:16:40.007Z host=eng-x12 service=dockerd level=INFO user=builder repo=model-runtime event=fetch status=success job=45104 trace=b561d8953139b5
2026-07-16T03:17:03.566Z host=gpu-node-042 service=kubelet level=INFO namespace=training pod=checkpoint-7a16ff event=completed gpu_util=80
2026-07-16T03:17:38.224Z host=gpu-node-096 service=containerd level=INFO namespace=monitoring pod=trainer-8a7328 event=completed gpu_util=37
2026-07-16T03:17:45.283Z host=gpu-node-112 service=kubelet level=INFO namespace=inference pod=model-eval-83ba61 event=image_present gpu_util=95
2026-07-16T03:18:52.448Z host=gpu-node-048 service=containerd level=INFO namespace=training pod=checkpoint-4b442f event=image_present gpu_util=46
2026-07-16T03:21:18.991Z host=gpu-node-044 service=containerd level=INFO namespace=monitoring pod=node-exporter-aa920e event=probe_ok gpu_util=86
2026-07-16T03:21:26.174Z host=gpu-node-010 service=nvidia-dcgm level=INFO namespace=inference pod=trainer-b28391 event=image_present gpu_util=14
2026-07-16T03:22:11.479Z host=gpu-node-030 service=scheduler level=INFO namespace=training pod=checkpoint-30b4e5 event=started gpu_util=98
2026-07-16T03:22:11.849Z host=eng-x12 service=gitlab-runner level=INFO user=builder repo=infra-charts event=build status=success job=41036 trace=c8cc46354d1a29
2026-07-16T03:22:50.636Z host=gpu-node-107 service=scheduler level=INFO namespace=training pod=trainer-4cdea6 event=completed gpu_util=19
2026-07-16T03:25:04.286Z host=eng-x12 service=sshd level=INFO user=deploybot repo=safety-filters event=fetch status=success job=47819 trace=c4d78200e752f9
2026-07-16T03:25:18.536Z host=gpu-node-054 service=scheduler level=INFO namespace=monitoring pod=checkpoint-84f9ca event=completed gpu_util=44
2026-07-16T03:25:49.026Z host=eng-x12 service=auditd level=INFO user=deploybot repo=safety-filters event=build status=success job=42047 trace=9c86a59aed6699
2026-07-16T03:25:54.840Z host=eng-x12 service=gitlab-runner level=INFO user=mchen repo=infra-charts event=session_close status=success job=48241 trace=4777d4616caee7
2026-07-16T03:26:20.581Z host=eng-x12 service=dockerd level=INFO user=builder repo=model-runtime event=push status=success job=42256 trace=2d39ea862c8150
2026-07-16T03:30:36.258Z host=eng-x12 service=auditd level=INFO user=deploybot repo=infra-charts event=checkout status=success job=42842 trace=7da63eeafcfae5
2026-07-16T03:32:23.837Z host=eng-x12 service=auditd level=INFO user=builder repo=model-runtime event=build status=success job=45897 trace=7c6ac68beec19d
2026-07-16T03:32:45.310Z host=gpu-node-111 service=containerd level=INFO namespace=monitoring pod=trainer-0396f8 event=image_present gpu_util=38
2026-07-16T03:33:43.065Z host=eng-x12 service=gitlab-runner level=INFO user=mchen repo=api-gateway event=session_close status=success job=47629 trace=ecd5457f217fe4
2026-07-16T03:36:10.606Z host=gpu-node-087 service=containerd level=INFO namespace=inference pod=node-exporter-c5857e event=probe_ok gpu_util=14
2026-07-16T03:39:13.647Z host=gpu-node-078 service=containerd level=INFO namespace=monitoring pod=model-eval-118f2c event=probe_ok gpu_util=15
2026-07-16T03:39:13.653Z host=gpu-node-123 service=scheduler level=INFO namespace=inference pod=model-eval-e466ec event=image_present gpu_util=51
2026-07-16T03:39:33.282Z host=eng-x12 service=dockerd level=INFO user=deploybot repo=infra-charts event=session_close status=success job=43007 trace=1e88a7c8a5538e
2026-07-16T03:41:29.500Z host=gpu-node-095 service=nvidia-dcgm level=INFO namespace=inference pod=model-eval-06ea1b event=image_present gpu_util=31
2026-07-16T03:45:00.513Z host=eng-x12 service=gitlab-runner level=INFO user=mchen repo=infra-charts event=push status=success job=42090 trace=c2ed26c0ffbd4b
2026-07-16T03:46:53.938Z host=gpu-node-115 service=scheduler level=INFO namespace=inference pod=trainer-526d95 event=image_present gpu_util=12
2026-07-16T03:48:01.783Z host=gpu-node-054 service=scheduler level=INFO namespace=inference pod=node-exporter-d7e7db event=completed gpu_util=53
2026-07-16T03:49:24.936Z host=gpu-node-001 service=scheduler level=INFO namespace=inference pod=trainer-d2ec72 event=image_present gpu_util=60
2026-07-16T03:50:26.654Z host=eng-x12 service=auditd level=INFO user=sre repo=evaluation event=push status=success job=48405 trace=ba5b90641b7f11
2026-07-16T03:50:30.761Z host=gpu-node-027 service=scheduler level=INFO namespace=training pod=trainer-104642 event=image_present gpu_util=70
2026-07-16T03:51:05.709Z host=gpu-node-055 service=containerd level=INFO namespace=inference pod=checkpoint-855c8b event=completed gpu_util=43
2026-07-16T03:51:46.944Z host=eng-x12 service=dockerd level=INFO user=mchen repo=api-gateway event=session_close status=success job=45984 trace=9723ca63504a89
2026-07-16T03:54:32.764Z host=gpu-node-014 service=containerd level=INFO namespace=monitoring pod=trainer-c22038 event=image_present gpu_util=75
2026-07-16T03:54:44.726Z host=gpu-node-069 service=nvidia-dcgm level=INFO namespace=monitoring pod=node-exporter-91a894 event=probe_ok gpu_util=83
2026-07-16T03:55:47.915Z host=gpu-node-030 service=kubelet level=INFO namespace=monitoring pod=checkpoint-4b461d event=image_present gpu_util=76
2026-07-16T03:56:30.163Z host=eng-x12 service=gitlab-runner level=INFO user=sre repo=api-gateway event=checkout status=success job=46587 trace=216265b6384043
2026-07-16T04:01:23.722Z host=eng-x12 service=dockerd level=INFO user=deploybot repo=infra-charts event=checkout status=success job=46201 trace=a3cd82da39cca1
2026-07-16T04:02:21.646Z host=gpu-node-002 service=containerd level=INFO namespace=inference pod=trainer-d5dfe0 event=probe_ok gpu_util=3
2026-07-16T04:03:08.681Z host=eng-x12 service=auditd level=INFO user=mchen repo=model-runtime event=push status=success job=47478 trace=118800fb06ab4b
2026-07-16T04:06:28.393Z host=gpu-node-122 service=kubelet level=INFO namespace=inference pod=model-eval-7a5666 event=image_present gpu_util=12
2026-07-16T04:06:43.367Z host=gpu-node-102 service=nvidia-dcgm level=INFO namespace=monitoring pod=node-exporter-819fa0 event=image_present gpu_util=5
2026-07-16T04:06:59.704Z host=gpu-node-073 service=nvidia-dcgm level=INFO namespace=inference pod=model-eval-3369ab event=started gpu_util=42
2026-07-16T04:08:16.207Z host=gpu-node-048 service=kubelet level=INFO namespace=inference pod=node-exporter-00c5b1 event=image_present gpu_util=23
2026-07-16T04:08:21.904Z host=eng-x12 service=dockerd level=INFO user=sre repo=api-gateway event=fetch status=success job=47701 trace=0dc64aa2f6932a
2026-07-16T04:10:00.424Z host=gpu-node-099 service=kubelet level=INFO namespace=training pod=node-exporter-c1aba1 event=image_present gpu_util=14
2026-07-16T04:11:02.944Z host=gpu-node-064 service=containerd level=INFO namespace=training pod=model-eval-8fea0e event=probe_ok gpu_util=39
2026-07-16T04:11:14.006Z host=gpu-node-056 service=kubelet level=INFO namespace=training pod=trainer-d2a1b6 event=started gpu_util=59
2026-07-16T04:12:51.084Z host=eng-x12 service=dockerd level=INFO user=builder repo=api-gateway event=fetch status=success job=43778 trace=874cfa22f2d478
2026-07-16T04:13:19.728Z host=eng-x12 service=gitlab-runner level=INFO user=deploybot repo=model-runtime event=session_close status=success job=43655 trace=4ee811c0ef2133
2026-07-16T04:13:50.819Z host=gpu-node-089 service=containerd level=INFO namespace=inference pod=node-exporter-0d4e73 event=image_present gpu_util=98
2026-07-16T04:14:24.570Z host=gpu-node-069 service=containerd level=INFO namespace=training pod=trainer-70d7b8 event=image_present gpu_util=50
2026-07-16T04:14:35.315Z host=gpu-node-111 service=scheduler level=INFO namespace=training pod=node-exporter-7b8548 event=completed gpu_util=63
2026-07-16T04:16:02.367Z host=gpu-node-069 service=nvidia-dcgm level=INFO namespace=monitoring pod=node-exporter-c98428 event=completed gpu_util=94
2026-07-16T04:17:51.081Z host=gpu-node-113 service=scheduler level=INFO namespace=monitoring pod=node-exporter-369b63 event=image_present gpu_util=71
2026-07-16T04:20:17.968Z host=eng-x12 service=dockerd level=INFO user=sre repo=infra-charts event=checkout status=success job=47572 trace=494b51dab1298f
2026-07-16T04:21:22.701Z host=eng-x12 service=gitlab-runner level=INFO user=builder repo=api-gateway event=fetch status=success job=48031 trace=173b97bb7f6d66
2026-07-16T04:24:10.546Z host=gpu-node-094 service=containerd level=INFO namespace=inference pod=checkpoint-0a325f event=probe_ok gpu_util=54
2026-07-16T04:24:13.116Z host=eng-x12 service=dockerd level=INFO user=deploybot repo=api-gateway event=fetch status=success job=44688 trace=7c6a2e32d54edc
2026-07-16T04:24:14.504Z host=gpu-node-048 service=scheduler level=INFO namespace=monitoring pod=node-exporter-8603ad event=started gpu_util=19
2026-07-16T04:25:44.980Z host=gpu-node-037 service=kubelet level=INFO namespace=inference pod=trainer-ce496a event=image_present gpu_util=84
2026-07-16T04:25:51.629Z host=gpu-node-099 service=containerd level=INFO namespace=inference pod=checkpoint-65e30a event=probe_ok gpu_util=38
2026-07-16T04:26:00.134Z host=eng-x12 service=gitlab-runner level=INFO user=deploybot repo=api-gateway event=session_close status=success job=42033 trace=5e1abf9c9ee711
2026-07-16T04:26:48.321Z host=gpu-node-039 service=nvidia-dcgm level=INFO namespace=training pod=node-exporter-486a3a event=probe_ok gpu_util=29
2026-07-16T04:30:54.296Z host=gpu-node-099 service=nvidia-dcgm level=INFO namespace=monitoring pod=model-eval-b8cfd4 event=started gpu_util=63
2026-07-16T04:31:25.986Z host=eng-x12 service=dockerd level=INFO user=builder repo=model-runtime event=build status=success job=46462 trace=44342da9186638
2026-07-16T04:32:33.656Z host=gpu-node-073 service=kubelet level=INFO namespace=inference pod=trainer-08c0c2 event=started gpu_util=55
2026-07-16T04:32:59.900Z host=gpu-node-045 service=kubelet level=INFO namespace=training pod=checkpoint-9f0ee4 event=probe_ok gpu_util=47
2026-07-16T04:33:04.273Z host=eng-x12 service=gitlab-runner level=INFO user=sre repo=evaluation event=push status=success job=47259 trace=27544b40c7bf92
2026-07-16T04:33:13.187Z host=gpu-node-073 service=scheduler level=INFO namespace=training pod=node-exporter-fbc711 event=probe_ok gpu_util=75
2026-07-16T04:33:35.247Z host=gpu-node-113 service=nvidia-dcgm level=INFO namespace=inference pod=trainer-fa7624 event=started gpu_util=83
2026-07-16T04:35:30.268Z host=gpu-node-083 service=scheduler level=INFO namespace=monitoring pod=node-exporter-872dcc event=completed gpu_util=65
2026-07-16T04:36:01.612Z host=gpu-node-005 service=nvidia-dcgm level=INFO namespace=training pod=node-exporter-c0fd52 event=started gpu_util=69
2026-07-16T04:38:11.185Z host=gpu-node-091 service=containerd level=INFO namespace=training pod=trainer-472ebc event=started gpu_util=48
2026-07-16T04:41:21.296Z host=gpu-node-010 service=kubelet level=INFO namespace=training pod=trainer-f2cebb event=probe_ok gpu_util=66
2026-07-16T04:43:36.556Z host=eng-x12 service=auditd level=INFO user=deploybot repo=evaluation event=fetch status=success job=41884 trace=cfc9035d87ef32
2026-07-16T04:45:32.791Z host=gpu-node-095 service=containerd level=INFO namespace=inference pod=node-exporter-2fb4b5 event=image_present gpu_util=37
2026-07-16T04:45:50.839Z host=gpu-node-088 service=containerd level=INFO namespace=monitoring pod=trainer-21a44b event=completed gpu_util=58
2026-07-16T04:49:45.379Z host=gpu-node-065 service=nvidia-dcgm level=INFO namespace=inference pod=trainer-c23baa event=image_present gpu_util=8
2026-07-16T04:50:13.892Z host=eng-x12 service=sshd level=INFO user=builder repo=api-gateway event=session_close status=success job=42398 trace=2f8e41067f6069
2026-07-16T04:50:16.051Z host=eng-x12 service=dockerd level=INFO user=sre repo=evaluation event=fetch status=success job=44880 trace=76d79ea5019e25
2026-07-16T04:52:06.596Z host=eng-x12 service=sshd level=INFO user=builder repo=model-runtime event=push status=success job=44439 trace=730c2e52cecc9e
2026-07-16T04:52:14.533Z host=gpu-node-093 service=kubelet level=INFO namespace=monitoring pod=model-eval-1772e0 event=image_present gpu_util=62
2026-07-16T04:52:59.097Z host=eng-x12 service=gitlab-runner level=INFO user=deploybot repo=infra-charts event=checkout status=success job=47496 trace=cc4b44ca593d0f
2026-07-16T04:54:25.766Z host=gpu-node-060 service=nvidia-dcgm level=INFO namespace=inference pod=model-eval-8d7588 event=probe_ok gpu_util=10
2026-07-16T04:57:22.244Z host=gpu-node-036 service=nvidia-dcgm level=INFO namespace=inference pod=checkpoint-f6bb77 event=started gpu_util=7
2026-07-16T04:57:48.659Z host=eng-x12 service=gitlab-runner level=INFO user=sre repo=infra-charts event=build status=success job=45702 trace=7d21e4a0145f81
2026-07-16T04:58:21.991Z host=eng-x12 service=sshd level=INFO user=mchen repo=infra-charts event=build status=success job=47112 trace=be9c946eef8b2a
2026-07-16T04:58:57.699Z host=eng-x12 service=dockerd level=INFO user=deploybot repo=api-gateway event=push status=success job=47129 trace=ce40b60698fbaa
2026-07-16T05:00:07.829Z host=gpu-node-021 service=kubelet level=INFO namespace=training pod=node-exporter-1bdc3b event=started gpu_util=31
2026-07-16T05:00:45.550Z host=eng-x12 service=dockerd level=INFO user=deploybot repo=evaluation event=session_close status=success job=48790 trace=e31afb5a19d26d
2026-07-16T05:01:39.306Z host=gpu-node-085 service=kubelet level=INFO namespace=monitoring pod=node-exporter-5159d6 event=probe_ok gpu_util=10
2026-07-16T05:02:48.804Z host=gpu-node-004 service=containerd level=INFO namespace=training pod=model-eval-eebe3f event=probe_ok gpu_util=88
2026-07-16T05:02:59.758Z host=eng-x12 service=sshd level=INFO user=sre repo=model-runtime event=push status=success job=44377 trace=eaffb2c621f0eb
2026-07-16T05:04:07.837Z host=gpu-node-099 service=nvidia-dcgm level=INFO namespace=inference pod=checkpoint-fc57ba event=started gpu_util=77
2026-07-16T05:06:07.293Z host=gpu-node-093 service=kubelet level=INFO namespace=monitoring pod=node-exporter-5aee74 event=completed gpu_util=100
2026-07-16T05:06:58.851Z host=gpu-node-103 service=containerd level=INFO namespace=training pod=node-exporter-9b318e event=completed gpu_util=85
2026-07-16T05:07:58.245Z host=eng-x12 service=gitlab-runner level=INFO user=builder repo=infra-charts event=session_close status=success job=42642 trace=1970067ecdfc03
2026-07-16T05:07:59.495Z host=gpu-node-094 service=containerd level=INFO namespace=training pod=model-eval-d21abe event=completed gpu_util=55
2026-07-16T05:09:31.889Z host=gpu-node-081 service=scheduler level=INFO namespace=inference pod=node-exporter-7f5ae0 event=completed gpu_util=94
2026-07-16T05:10:48.278Z host=gpu-node-066 service=nvidia-dcgm level=INFO namespace=inference pod=checkpoint-6613f7 event=image_present gpu_util=66
2026-07-16T05:13:00.603Z host=gpu-node-046 service=scheduler level=INFO namespace=monitoring pod=node-exporter-5bb4a5 event=started gpu_util=78
2026-07-16T05:14:39.776Z host=eng-x12 service=sshd level=INFO user=mchen repo=evaluation event=session_close status=success job=44745 trace=33d490c1dac9fb
2026-07-16T05:14:44.421Z host=gpu-node-052 service=containerd level=INFO namespace=inference pod=node-exporter-6ca1c4 event=image_present gpu_util=23
2026-07-16T05:16:14.817Z host=eng-x12 service=sshd level=INFO user=sre repo=safety-filters event=push status=success job=46777 trace=99d7d8916c0528
2026-07-16T05:16:52.798Z host=gpu-node-035 service=nvidia-dcgm level=INFO namespace=training pod=node-exporter-10066b event=image_present gpu_util=18
2026-07-16T05:17:05.025Z host=eng-x12 service=auditd level=INFO user=mchen repo=infra-charts event=fetch status=success job=45707 trace=e716364216bec9
2026-07-16T05:17:16.181Z host=gpu-node-088 service=containerd level=INFO namespace=inference pod=node-exporter-f40ca8 event=image_present gpu_util=10
2026-07-16T05:18:38.006Z host=eng-x12 service=auditd level=INFO user=builder repo=model-runtime event=fetch status=success job=42201 trace=7138b2223aae6f
2026-07-16T05:19:02.914Z host=eng-x12 service=sshd level=INFO user=deploybot repo=infra-charts event=session_close status=success job=43664 trace=b752f565865e8d
2026-07-16T05:19:42.805Z host=gpu-node-041 service=scheduler level=INFO namespace=inference pod=trainer-05acc8 event=probe_ok gpu_util=90
2026-07-16T05:20:40.272Z host=eng-x12 service=dockerd level=INFO user=mchen repo=evaluation event=push status=success job=44457 trace=4249c240b9c109
2026-07-16T05:21:29.261Z host=gpu-node-089 service=scheduler level=INFO namespace=monitoring pod=model-eval-5ab700 event=started gpu_util=38
2026-07-16T05:22:52.010Z host=eng-x12 service=gitlab-runner level=INFO user=sre repo=evaluation event=checkout status=success job=47384 trace=9fa769013e6115
2026-07-16T05:23:15.907Z host=eng-x12 service=sshd level=INFO user=builder repo=safety-filters event=checkout status=success job=45293 trace=e75de51fbdefb0
2026-07-16T05:23:51.059Z host=gpu-node-016 service=nvidia-dcgm level=INFO namespace=monitoring pod=node-exporter-ddfb9c event=started gpu_util=58
2026-07-16T05:23:57.133Z host=gpu-node-024 service=scheduler level=INFO namespace=inference pod=node-exporter-849e62 event=completed gpu_util=65
2026-07-16T05:24:46.750Z host=gpu-node-124 service=kubelet level=INFO namespace=training pod=node-exporter-35756c event=started gpu_util=96
2026-07-16T05:24:52.749Z host=eng-x12 service=auditd level=INFO user=builder repo=infra-charts event=push status=success job=42273 trace=c2f638dcb0c640
2026-07-16T05:25:51.758Z host=gpu-node-118 service=nvidia-dcgm level=INFO namespace=monitoring pod=checkpoint-62b961 event=probe_ok gpu_util=95
2026-07-16T05:28:58.648Z host=eng-x12 service=gitlab-runner level=INFO user=builder repo=evaluation event=build status=success job=46324 trace=0c4d1677db2637
2026-07-16T05:29:55.142Z host=gpu-node-078 service=nvidia-dcgm level=INFO namespace=training pod=node-exporter-747d87 event=completed gpu_util=94
2026-07-16T05:30:15.241Z host=eng-x12 service=dockerd level=INFO user=sre repo=infra-charts event=build status=success job=47123 trace=1fe21a2da0837f
2026-07-16T05:33:11.130Z host=gpu-node-063 service=containerd level=INFO namespace=inference pod=trainer-5b2d4d event=started gpu_util=5
2026-07-16T05:34:21.614Z host=eng-x12 service=gitlab-runner level=INFO user=builder repo=api-gateway event=push status=success job=43510 trace=bc690d39302187
2026-07-16T05:36:10.961Z host=gpu-node-026 service=containerd level=INFO namespace=inference pod=model-eval-e4f7e8 event=completed gpu_util=29
2026-07-16T05:38:00.138Z host=gpu-node-087 service=nvidia-dcgm level=INFO namespace=monitoring pod=model-eval-409b4c event=started gpu_util=63
2026-07-16T05:39:33.296Z host=eng-x12 service=auditd level=INFO user=mchen repo=evaluation event=build status=success job=48061 trace=b4d5687237db41
2026-07-16T05:39:41.171Z host=eng-x12 service=auditd level=INFO user=sre repo=api-gateway event=session_close status=success job=48550 trace=50a0ae500b8732
2026-07-16T05:39:55.199Z host=gpu-node-105 service=containerd level=INFO namespace=inference pod=trainer-91da07 event=image_present gpu_util=22
2026-07-16T05:40:04.244Z host=gpu-node-108 service=containerd level=INFO namespace=monitoring pod=trainer-bab046 event=started gpu_util=3
2026-07-16T05:42:29.629Z host=gpu-node-046 service=nvidia-dcgm level=INFO namespace=inference pod=node-exporter-d6ec79 event=probe_ok gpu_util=30
2026-07-16T05:43:13.840Z host=eng-x12 service=gitlab-runner level=INFO user=deploybot repo=evaluation event=fetch status=success job=41880 trace=efa4eeefc0de8a
2026-07-16T05:46:24.036Z host=gpu-node-075 service=containerd level=INFO namespace=monitoring pod=node-exporter-fa8e38 event=image_present gpu_util=100
2026-07-16T05:46:34.072Z host=gpu-node-088 service=kubelet level=INFO namespace=training pod=trainer-38993b event=completed gpu_util=19
2026-07-16T05:49:31.885Z host=eng-x12 service=gitlab-runner level=INFO user=mchen repo=infra-charts event=checkout status=success job=47793 trace=ca0ef76a205954
2026-07-16T05:51:23.211Z host=eng-x12 service=gitlab-runner level=INFO user=builder repo=safety-filters event=push status=success job=47240 trace=dea9a2c3ae379b
2026-07-16T05:54:16.476Z host=gpu-node-098 service=nvidia-dcgm level=INFO namespace=training pod=trainer-1f8275 event=image_present gpu_util=82
2026-07-16T05:57:34.443Z host=gpu-node-017 service=nvidia-dcgm level=INFO namespace=monitoring pod=model-eval-bd2f3f event=started gpu_util=19
2026-07-16T05:59:04.103Z host=gpu-node-118 service=containerd level=INFO namespace=inference pod=node-exporter-ab1b8e event=probe_ok gpu_util=75
2026-07-16T05:59:29.441Z host=eng-x12 service=dockerd level=INFO user=deploybot repo=infra-charts event=build status=success job=44836 trace=0a425de4fb8d22
2026-07-16T05:59:39.415Z host=gpu-node-079 service=containerd level=INFO namespace=inference pod=checkpoint-9a372f event=image_present gpu_util=38
2026-07-16T05:59:44.007Z host=eng-x12 service=sshd level=INFO user=mchen repo=model-runtime event=build status=success job=44813 trace=7daa2e8aa77f86
2026-07-16T06:00:19.330Z host=gpu-node-108 service=scheduler level=INFO namespace=inference pod=checkpoint-c1086c event=completed gpu_util=85
2026-07-16T06:00:20.835Z host=gpu-node-125 service=scheduler level=INFO namespace=monitoring pod=checkpoint-e09353 event=completed gpu_util=42
2026-07-16T06:00:29.562Z host=gpu-node-074 service=scheduler level=INFO namespace=inference pod=model-eval-45671e event=image_present gpu_util=60
2026-07-16T06:01:46.196Z host=eng-x12 service=gitlab-runner level=INFO user=mchen repo=model-runtime event=checkout status=success job=44827 trace=458b0ceb544c54
2026-07-16T06:02:51.309Z host=gpu-node-103 service=containerd level=INFO namespace=inference pod=model-eval-2e0880 event=started gpu_util=93
2026-07-16T06:05:53.464Z host=eng-x12 service=gitlab-runner level=INFO user=mchen repo=evaluation event=build status=success job=45819 trace=6a89743276a993
2026-07-16T06:07:23.340Z host=gpu-node-030 service=nvidia-dcgm level=INFO namespace=inference pod=node-exporter-cc13c3 event=image_present gpu_util=76
2026-07-16T06:08:37.150Z host=gpu-node-097 service=nvidia-dcgm level=INFO namespace=inference pod=checkpoint-40f64f event=probe_ok gpu_util=5
2026-07-16T06:09:17.358Z host=gpu-node-102 service=nvidia-dcgm level=INFO namespace=monitoring pod=model-eval-820196 event=image_present gpu_util=32
2026-07-16T06:09:19.284Z host=gpu-node-089 service=nvidia-dcgm level=INFO namespace=monitoring pod=node-exporter-52bb31 event=image_present gpu_util=63
2026-07-16T06:11:12.654Z host=eng-x12 service=sshd level=INFO user=builder repo=evaluation event=build status=success job=44981 trace=8e3573a43ca4b1
2026-07-16T06:14:06.259Z host=gpu-node-019 service=kubelet level=INFO namespace=training pod=trainer-be56e9 event=completed gpu_util=27
2026-07-16T06:14:57.207Z host=gpu-node-083 service=scheduler level=INFO namespace=inference pod=trainer-59d5c0 event=started gpu_util=19
2026-07-16T06:16:22.514Z host=eng-x12 service=sshd level=INFO user=sre repo=api-gateway event=checkout status=success job=42019 trace=26a3fadb6d879d
2026-07-16T06:17:57.339Z host=eng-x12 service=gitlab-runner level=INFO user=builder repo=api-gateway event=build status=success job=47160 trace=47b8f66ec84db2
2026-07-16T06:18:18.419Z host=gpu-node-121 service=containerd level=INFO namespace=inference pod=checkpoint-32a6d4 event=started gpu_util=91
2026-07-16T06:19:47.102Z host=gpu-node-126 service=containerd level=INFO namespace=inference pod=model-eval-d76b12 event=completed gpu_util=40
2026-07-16T06:20:35.679Z host=gpu-node-059 service=nvidia-dcgm level=INFO namespace=training pod=model-eval-eb400b event=image_present gpu_util=7
2026-07-16T06:22:41.820Z host=eng-x12 service=gitlab-runner level=INFO user=builder repo=evaluation event=push status=success job=46097 trace=a4b1fda1c59bf3
2026-07-16T06:22:50.239Z host=eng-x12 service=sshd level=INFO user=deploybot repo=model-runtime event=push status=success job=41626 trace=6d0d5cb5b89fd0
2026-07-16T06:24:34.105Z host=eng-x12 service=dockerd level=INFO user=builder repo=infra-charts event=session_close status=success job=41316 trace=4c893d42990475
2026-07-16T06:26:21.885Z host=eng-x12 service=auditd level=INFO user=deploybot repo=model-runtime event=checkout status=success job=46157 trace=5f26418537575e
2026-07-16T06:27:33.357Z host=eng-x12 service=sshd level=INFO user=mchen repo=api-gateway event=build status=success job=47022 trace=6fe2c095654e9d
2026-07-16T06:27:46.627Z host=eng-x12 service=gitlab-runner level=INFO user=builder repo=api-gateway event=session_close status=success job=47450 trace=50d4ed2ddfec63
2026-07-16T06:28:10.781Z host=gpu-node-102 service=kubelet level=INFO namespace=inference pod=node-exporter-c5dccc event=image_present gpu_util=82
2026-07-16T06:28:30.085Z host=gpu-node-005 service=nvidia-dcgm level=INFO namespace=training pod=model-eval-a7e359 event=started gpu_util=15
2026-07-16T06:30:33.606Z host=eng-x12 service=gitlab-runner level=INFO user=mchen repo=model-runtime event=fetch status=success job=46331 trace=e65ba3de6d055a
2026-07-16T06:31:02.580Z host=eng-x12 service=dockerd level=INFO user=builder repo=model-runtime event=fetch status=success job=46033 trace=5b28562364cfc0
2026-07-16T06:31:44.759Z host=eng-x12 service=gitlab-runner level=INFO user=deploybot repo=safety-filters event=push status=success job=45092 trace=63477b9e0563a3
2026-07-16T06:32:20.878Z host=gpu-node-121 service=nvidia-dcgm level=INFO namespace=monitoring pod=checkpoint-0d314a event=completed gpu_util=45
2026-07-16T06:32:28.745Z host=eng-x12 service=dockerd level=INFO user=sre repo=api-gateway event=build status=success job=43442 trace=e89e5960a7b278
2026-07-16T06:33:03.415Z host=eng-x12 service=gitlab-runner level=INFO user=builder repo=safety-filters event=build status=success job=46125 trace=762fc7f22532dd
2026-07-16T06:33:08.049Z host=gpu-node-029 service=scheduler level=INFO namespace=inference pod=checkpoint-7aaffe event=completed gpu_util=68
2026-07-16T06:33:46.600Z host=gpu-node-127 service=nvidia-dcgm level=INFO namespace=monitoring pod=model-eval-687336 event=completed gpu_util=7
2026-07-16T06:34:27.601Z host=gpu-node-102 service=containerd level=INFO namespace=inference pod=node-exporter-717710 event=image_present gpu_util=93
2026-07-16T06:34:41.346Z host=gpu-node-025 service=scheduler level=INFO namespace=inference pod=model-eval-1b5e82 event=probe_ok gpu_util=67
2026-07-16T06:36:58.244Z host=eng-x12 service=auditd level=INFO user=sre repo=api-gateway event=build status=success job=45663 trace=d4500875380db2
2026-07-16T06:37:42.291Z host=eng-x12 service=auditd level=INFO user=deploybot repo=evaluation event=fetch status=success job=42059 trace=087c18d2572fa3
2026-07-16T06:37:45.890Z host=gpu-node-086 service=containerd level=INFO namespace=training pod=trainer-868c59 event=completed gpu_util=99
2026-07-16T06:42:43.981Z host=eng-x12 service=dockerd level=INFO user=sre repo=evaluation event=push status=success job=47923 trace=52a713739aeab2
2026-07-16T06:42:52.379Z host=eng-x12 service=sshd level=INFO user=deploybot repo=infra-charts event=fetch status=success job=46038 trace=fb3ed7e04f86e9
2026-07-16T06:43:10.751Z host=eng-x12 service=gitlab-runner level=INFO user=sre repo=api-gateway event=checkout status=success job=42364 trace=a867b3a280de92
2026-07-16T06:43:44.453Z host=eng-x12 service=gitlab-runner level=INFO user=sre repo=infra-charts event=checkout status=success job=41791 trace=57a5db79f165b6
2026-07-16T06:44:09.380Z host=eng-x12 service=gitlab-runner level=INFO user=builder repo=model-runtime event=build status=success job=41513 trace=438a9e776b749b
2026-07-16T06:47:06.075Z host=gpu-node-038 service=kubelet level=INFO namespace=training pod=model-eval-2a4941 event=image_present gpu_util=98
2026-07-16T06:47:11.100Z host=gpu-node-059 service=kubelet level=INFO namespace=inference pod=node-exporter-0c0aea event=completed gpu_util=5
2026-07-16T06:49:33.792Z host=eng-x12 service=dockerd level=INFO user=builder repo=model-runtime event=fetch status=success job=46919 trace=b1a932b294ae5d
2026-07-16T06:50:00.773Z host=gpu-node-031 service=containerd level=INFO namespace=training pod=node-exporter-412f19 event=probe_ok gpu_util=83
2026-07-16T06:50:14.762Z host=gpu-node-059 service=nvidia-dcgm level=INFO namespace=training pod=model-eval-10d900 event=image_present gpu_util=93
2026-07-16T06:50:22.038Z host=gpu-node-092 service=nvidia-dcgm level=INFO namespace=inference pod=checkpoint-21f9c4 event=completed gpu_util=7
2026-07-16T06:53:41.668Z host=gpu-node-093 service=kubelet level=INFO namespace=monitoring pod=node-exporter-0df136 event=started gpu_util=22
2026-07-16T06:54:26.520Z host=eng-x12 service=sshd level=INFO user=sre repo=safety-filters event=push status=success job=42204 trace=ef4f0f210989a7
2026-07-16T06:55:44.032Z host=eng-x12 service=dockerd level=INFO user=mchen repo=infra-charts event=session_close status=success job=48661 trace=81936a245bf4a2
2026-07-16T06:57:26.207Z host=eng-x12 service=auditd level=INFO user=builder repo=api-gateway event=fetch status=success job=43116 trace=fb1f6324b5e8a1
2026-07-16T06:58:08.812Z host=gpu-node-092 service=kubelet level=INFO namespace=inference pod=trainer-b88c44 event=completed gpu_util=36
2026-07-16T06:59:20.637Z host=eng-x12 service=dockerd level=INFO user=builder repo=infra-charts event=build status=success job=42518 trace=b7426ff1645553
2026-07-16T07:00:32.782Z host=eng-x12 service=gitlab-runner level=INFO user=sre repo=evaluation event=build status=success job=43595 trace=ac9596c6730ee8
2026-07-16T07:00:50.949Z host=eng-x12 service=sshd level=INFO user=builder repo=model-runtime event=fetch status=success job=46957 trace=37bd63c8260c33
2026-07-16T07:01:37.665Z host=gpu-node-120 service=containerd level=INFO namespace=monitoring pod=model-eval-31973d event=completed gpu_util=80
2026-07-16T07:02:21.761Z host=eng-x12 service=sshd level=INFO user=sre repo=model-runtime event=checkout status=success job=41085 trace=f90b545702d43c
2026-07-16T07:04:05.626Z host=eng-x12 service=auditd level=INFO user=builder repo=safety-filters event=build status=success job=45159 trace=f0d954403faf13
2026-07-16T07:05:32.646Z host=gpu-node-022 service=nvidia-dcgm level=INFO namespace=training pod=model-eval-f09337 event=completed gpu_util=5
2026-07-16T07:05:40.433Z host=eng-x12 service=dockerd level=INFO user=builder repo=safety-filters event=fetch status=success job=43107 trace=7f17572ab2dbaf
2026-07-16T07:07:39.114Z host=gpu-node-014 service=kubelet level=INFO namespace=inference pod=checkpoint-663a9d event=started gpu_util=78
2026-07-16T07:07:40.770Z host=eng-x12 service=auditd level=INFO user=mchen repo=api-gateway event=push status=success job=44690 trace=884e30bbc632c1
2026-07-16T07:08:38.753Z host=gpu-node-029 service=kubelet level=INFO namespace=monitoring pod=node-exporter-32f984 event=started gpu_util=45
2026-07-16T07:09:01.458Z host=gpu-node-111 service=containerd level=INFO namespace=training pod=checkpoint-09e0b6 event=completed gpu_util=35
2026-07-16T07:09:16.591Z host=gpu-node-069 service=kubelet level=INFO namespace=inference pod=model-eval-a9327f event=completed gpu_util=25
2026-07-16T07:09:35.984Z host=gpu-node-108 service=kubelet level=INFO namespace=inference pod=checkpoint-dc1b3d event=started gpu_util=38
2026-07-16T07:11:02.679Z host=eng-x12 service=auditd level=INFO user=builder repo=safety-filters event=push status=success job=43333 trace=803d40bf84e898
2026-07-16T07:11:47.208Z host=eng-x12 service=auditd level=INFO user=mchen repo=safety-filters event=session_close status=success job=47297 trace=e0ed6117fe7cbf
2026-07-16T07:12:40.546Z host=eng-x12 service=sshd level=INFO user=sre repo=model-runtime event=session_close status=success job=43564 trace=56c18e1683aa5e
2026-07-16T07:13:59.959Z host=eng-x12 service=sshd level=INFO user=mchen repo=model-runtime event=build status=success job=41010 trace=71f7ba441d0b86
2026-07-16T07:14:51.864Z host=gpu-node-091 service=nvidia-dcgm level=INFO namespace=training pod=model-eval-a9ae38 event=completed gpu_util=90
2026-07-16T07:14:52.328Z host=eng-x12 service=sshd level=INFO user=builder repo=safety-filters event=checkout status=success job=48018 trace=d05fa60850bc66
2026-07-16T07:16:07.248Z host=eng-x12 service=gitlab-runner level=INFO user=sre repo=model-runtime event=build status=success job=45604 trace=e56ca6f37b1ff2
2026-07-16T07:17:27.595Z host=eng-x12 service=auditd level=INFO user=builder repo=model-runtime event=checkout status=success job=46833 trace=25e214ca542448
2026-07-16T07:19:06.632Z host=eng-x12 service=sshd level=INFO user=deploybot repo=safety-filters event=session_close status=success job=45388 trace=6039780f5736d3
2026-07-16T07:20:15.971Z host=gpu-node-040 service=containerd level=INFO namespace=monitoring pod=model-eval-19bcc3 event=image_present gpu_util=49
2026-07-16T07:20:51.093Z host=eng-x12 service=auditd level=INFO user=sre repo=api-gateway event=session_close status=success job=46420 trace=511a956af659ae
2026-07-16T07:21:54.845Z host=gpu-node-028 service=scheduler level=INFO namespace=monitoring pod=node-exporter-89a3ae event=image_present gpu_util=59
2026-07-16T07:24:15.363Z host=gpu-node-020 service=scheduler level=INFO namespace=training pod=checkpoint-6ad26b event=completed gpu_util=45
2026-07-16T07:24:22.946Z host=eng-x12 service=sshd level=INFO user=sre repo=model-runtime event=build status=success job=46357 trace=6563b5007ed20b
2026-07-16T07:26:10.961Z host=eng-x12 service=gitlab-runner level=INFO user=deploybot repo=model-runtime event=fetch status=success job=48251 trace=ad31389add4ba9
2026-07-16T07:27:03.738Z host=eng-x12 service=dockerd level=INFO user=deploybot repo=evaluation event=push status=success job=47229 trace=847141db34f71e
2026-07-16T07:28:19.076Z host=eng-x12 service=auditd level=INFO user=builder repo=evaluation event=push status=success job=47700 trace=a94deb35c9f460
2026-07-16T07:29:35.381Z host=gpu-node-051 service=scheduler level=INFO namespace=inference pod=checkpoint-cc36d7 event=image_present gpu_util=36
2026-07-16T07:31:19.493Z host=gpu-node-054 service=nvidia-dcgm level=INFO namespace=training pod=node-exporter-a5088f event=probe_ok gpu_util=80
2026-07-16T07:35:09.815Z host=eng-x12 service=sshd level=INFO user=sre repo=api-gateway event=push status=success job=47554 trace=5dcb7e5fd95bb0
2026-07-16T07:36:42.230Z host=gpu-node-126 service=scheduler level=INFO namespace=training pod=checkpoint-ebb50f event=completed gpu_util=82
2026-07-16T07:37:07.614Z host=eng-x12 service=dockerd level=INFO user=mchen repo=model-runtime event=session_close status=success job=44752 trace=7a3b520beccaeb
2026-07-16T07:39:20.895Z host=gpu-node-012 service=scheduler level=INFO namespace=monitoring pod=node-exporter-718410 event=image_present gpu_util=25
2026-07-16T07:41:33.022Z host=gpu-node-047 service=scheduler level=INFO namespace=inference pod=node-exporter-ff37b8 event=started gpu_util=53
2026-07-16T07:45:01.530Z host=gpu-node-051 service=scheduler level=INFO namespace=inference pod=checkpoint-4d26fe event=probe_ok gpu_util=76
2026-07-16T07:46:21.048Z host=eng-x12 service=dockerd level=INFO user=sre repo=safety-filters event=build status=success job=43681 trace=9708da77b327e5
2026-07-16T07:48:21.341Z host=gpu-node-044 service=kubelet level=INFO namespace=training pod=model-eval-e645b9 event=probe_ok gpu_util=41
2026-07-16T07:50:41.317Z host=gpu-node-078 service=scheduler level=INFO namespace=monitoring pod=trainer-be68a1 event=completed gpu_util=81
2026-07-16T07:51:43.011Z host=eng-x12 service=dockerd level=INFO user=mchen repo=infra-charts event=build status=success job=45989 trace=7eff219721a427
2026-07-16T07:52:40.086Z host=eng-x12 service=auditd level=INFO user=deploybot repo=model-runtime event=fetch status=success job=44546 trace=e257b33712857a
2026-07-16T07:53:59.246Z host=gpu-node-033 service=nvidia-dcgm level=INFO namespace=training pod=model-eval-563516 event=started gpu_util=20
2026-07-16T07:55:07.260Z host=gpu-node-061 service=nvidia-dcgm level=INFO namespace=training pod=model-eval-d6b71b event=probe_ok gpu_util=74
2026-07-16T07:55:58.491Z host=gpu-node-081 service=nvidia-dcgm level=INFO namespace=training pod=trainer-19fb92 event=completed gpu_util=29
2026-07-16T07:58:12.932Z host=eng-x12 service=gitlab-runner level=INFO user=builder repo=infra-charts event=push status=success job=44239 trace=eaa1187068f8b5
2026-07-16T07:58:22.927Z host=gpu-node-001 service=nvidia-dcgm level=INFO namespace=inference pod=checkpoint-45383f event=image_present gpu_util=88
2026-07-16T07:58:35.109Z host=eng-x12 service=gitlab-runner level=INFO user=deploybot repo=safety-filters event=build status=success job=41327 trace=b7dccadb453ec5
2026-07-16T07:58:41.614Z host=gpu-node-044 service=nvidia-dcgm level=INFO namespace=monitoring pod=node-exporter-46f810 event=image_present gpu_util=28
2026-07-16T07:59:12.932Z host=gpu-node-036 service=scheduler level=INFO namespace=inference pod=node-exporter-cf1129 event=probe_ok gpu_util=10
2026-07-16T07:59:20.728Z host=gpu-node-061 service=scheduler level=INFO namespace=monitoring pod=trainer-a7cd16 event=started gpu_util=97
2026-07-16T07:59:33.086Z host=gpu-node-085 service=scheduler level=INFO namespace=inference pod=trainer-f4b798 event=completed gpu_util=76
2026-07-16T07:59:59.524Z host=eng-x12 service=gitlab-runner level=INFO user=builder repo=evaluation event=push status=success job=41488 trace=6f808d7ea55333
2026-07-16T08:01:52.679Z host=gpu-node-080 service=kubelet level=INFO namespace=inference pod=node-exporter-d507d8 event=completed gpu_util=77
2026-07-16T08:02:11.979Z host=gpu-node-055 service=containerd level=INFO namespace=monitoring pod=model-eval-892106 event=image_present gpu_util=99
2026-07-16T08:02:47.675Z host=gpu-node-113 service=scheduler level=INFO namespace=training pod=node-exporter-684329 event=probe_ok gpu_util=15
2026-07-16T08:02:58.849Z host=eng-x12 service=sshd level=INFO user=builder repo=api-gateway event=build status=success job=41757 trace=2d14340186f0b2
2026-07-16T08:04:03.235Z host=eng-x12 service=auditd level=INFO user=sre repo=infra-charts event=build status=success job=47710 trace=07a5b409d9d937
2026-07-16T08:05:08.507Z host=gpu-node-091 service=kubelet level=INFO namespace=monitoring pod=checkpoint-61560c event=completed gpu_util=85
2026-07-16T08:05:17.881Z host=eng-x12 service=dockerd level=INFO user=builder repo=model-runtime event=checkout status=success job=41519 trace=966e10adbca087
2026-07-16T08:06:38.675Z host=gpu-node-092 service=kubelet level=INFO namespace=training pod=checkpoint-69cbcd event=completed gpu_util=30
2026-07-16T08:07:56.644Z host=gpu-node-126 service=containerd level=INFO namespace=inference pod=trainer-02ba84 event=completed gpu_util=60
2026-07-16T08:08:01.695Z host=gpu-node-021 service=containerd level=INFO namespace=training pod=trainer-5a2178 event=completed gpu_util=37
2026-07-16T08:08:26.143Z host=gpu-node-045 service=containerd level=INFO namespace=training pod=node-exporter-51e391 event=probe_ok gpu_util=58
2026-07-16T08:08:43.726Z host=eng-x12 service=sshd level=INFO user=deploybot repo=evaluation event=build status=success job=42440 trace=179937fa3f0cfe
2026-07-16T08:08:50.923Z host=gpu-node-011 service=scheduler level=INFO namespace=monitoring pod=checkpoint-290bca event=started gpu_util=29
2026-07-16T08:08:54.613Z host=eng-x12 service=auditd level=INFO user=deploybot repo=api-gateway event=build status=success job=48824 trace=b7cfd7b099de5a
2026-07-16T08:09:49.682Z host=eng-x12 service=dockerd level=INFO user=sre repo=api-gateway event=fetch status=success job=44379 trace=71f3b5e0c46d83
2026-07-16T08:10:00.376Z host=gpu-node-100 service=nvidia-dcgm level=INFO namespace=training pod=model-eval-eec0ab event=started gpu_util=43
2026-07-16T08:11:55.218Z host=gpu-node-002 service=kubelet level=INFO namespace=inference pod=node-exporter-1b7d25 event=probe_ok gpu_util=49
2026-07-16T08:12:21.384Z host=eng-x12 service=gitlab-runner level=INFO user=builder repo=evaluation event=checkout status=success job=42605 trace=cc34b897a88935
2026-07-16T08:13:02.173Z host=gpu-node-013 service=scheduler level=INFO namespace=training pod=checkpoint-c8a00a event=started gpu_util=36
2026-07-16T08:15:32.063Z host=gpu-node-043 service=scheduler level=INFO namespace=training pod=checkpoint-28fe5c event=completed gpu_util=67
2026-07-16T08:15:51.758Z host=eng-x12 service=gitlab-runner level=INFO user=builder repo=infra-charts event=push status=success job=43077 trace=8c68351be1a19b
2026-07-16T08:22:04.297Z host=eng-x12 service=gitlab-runner level=INFO user=deploybot repo=evaluation event=push status=success job=47548 trace=41e212848b8423
2026-07-16T08:23:17.485Z host=eng-x12 service=auditd level=INFO user=builder repo=api-gateway event=build status=success job=41427 trace=4382f38acf3793
2026-07-16T08:24:02.038Z host=gpu-node-076 service=scheduler level=INFO namespace=training pod=trainer-5fdb3b event=probe_ok gpu_util=25
2026-07-16T08:24:14.488Z host=gpu-node-017 service=scheduler level=INFO namespace=monitoring pod=checkpoint-6d0444 event=probe_ok gpu_util=51
2026-07-16T08:25:54.286Z host=eng-x12 service=sshd level=INFO user=sre repo=safety-filters event=build status=success job=44886 trace=03f5ef43b5b2be
2026-07-16T08:26:16.489Z host=gpu-node-007 service=kubelet level=INFO namespace=monitoring pod=node-exporter-860838 event=started gpu_util=100
2026-07-16T08:26:23.445Z host=eng-x12 service=dockerd level=INFO user=mchen repo=model-runtime event=push status=success job=41005 trace=5898557ede5e7f
2026-07-16T08:27:44.828Z host=eng-x12 service=sshd level=INFO user=deploybot repo=model-runtime event=fetch status=success job=46389 trace=d4b461a164326c
2026-07-16T08:28:22.754Z host=gpu-node-072 service=nvidia-dcgm level=INFO namespace=monitoring pod=trainer-6f6662 event=completed gpu_util=27
2026-07-16T08:30:20.738Z host=eng-x12 service=auditd level=INFO user=builder repo=evaluation event=push status=success job=44323 trace=b51f6e759da440
2026-07-16T08:30:58.794Z host=gpu-node-102 service=containerd level=INFO namespace=training pod=node-exporter-68347c event=image_present gpu_util=55
2026-07-16T08:32:53.762Z host=gpu-node-103 service=scheduler level=INFO namespace=inference pod=node-exporter-187464 event=probe_ok gpu_util=72
2026-07-16T08:33:48.872Z host=gpu-node-039 service=nvidia-dcgm level=INFO namespace=inference pod=model-eval-3be480 event=completed gpu_util=20
2026-07-16T08:34:25.165Z host=eng-x12 service=auditd level=INFO user=deploybot repo=api-gateway event=fetch status=success job=44463 trace=7a3d83fabf2ae8
2026-07-16T08:35:02.309Z host=eng-x12 service=gitlab-runner level=INFO user=sre repo=model-runtime event=checkout status=success job=45579 trace=251e41759a9389
2026-07-16T08:36:39.450Z host=eng-x12 service=sshd level=INFO user=deploybot repo=safety-filters event=build status=success job=45446 trace=931b39379254f0
2026-07-16T08:38:03.863Z host=gpu-node-116 service=kubelet level=INFO namespace=training pod=checkpoint-6f823e event=started gpu_util=20
2026-07-16T08:38:04.371Z host=eng-x12 service=gitlab-runner level=INFO user=mchen repo=evaluation event=push status=success job=48528 trace=23b7aee26d0d6c
2026-07-16T08:41:28.783Z host=eng-x12 service=dockerd level=INFO user=builder repo=model-runtime event=push status=success job=46617 trace=832a8377484b98
2026-07-16T08:41:35.463Z host=eng-x12 service=sshd level=INFO user=builder repo=safety-filters event=push status=success job=41313 trace=9b895aeac77636
2026-07-16T08:41:39.396Z host=eng-x12 service=auditd level=INFO user=builder repo=api-gateway event=session_close status=success job=47994 trace=9801ab296882d1
2026-07-16T08:41:45.085Z host=gpu-node-126 service=nvidia-dcgm level=INFO namespace=inference pod=checkpoint-24faa1 event=completed gpu_util=4
2026-07-16T08:41:55.478Z host=gpu-node-067 service=containerd level=INFO namespace=monitoring pod=checkpoint-e42ab1 event=probe_ok gpu_util=91
2026-07-16T08:42:02.647Z host=gpu-node-061 service=scheduler level=INFO namespace=training pod=checkpoint-33fad0 event=image_present gpu_util=47
2026-07-16T08:43:44.704Z host=eng-x12 service=dockerd level=INFO user=builder repo=infra-charts event=checkout status=success job=46387 trace=0d42f5e00bea5e
2026-07-16T08:45:01.842Z host=eng-x12 service=gitlab-runner level=INFO user=builder repo=evaluation event=fetch status=success job=44031 trace=59b7d2efee3686
2026-07-16T08:45:39.539Z host=gpu-node-112 service=scheduler level=INFO namespace=inference pod=checkpoint-7585d3 event=image_present gpu_util=47
2026-07-16T08:47:52.324Z host=gpu-node-022 service=kubelet level=INFO namespace=monitoring pod=checkpoint-b187e0 event=completed gpu_util=38
2026-07-16T08:49:33.111Z host=gpu-node-074 service=kubelet level=INFO namespace=training pod=trainer-36faa3 event=image_present gpu_util=72
2026-07-16T08:53:15.946Z host=gpu-node-103 service=nvidia-dcgm level=INFO namespace=inference pod=checkpoint-f2e49c event=probe_ok gpu_util=47
2026-07-16T08:54:15.384Z host=eng-x12 service=auditd level=INFO user=deploybot repo=evaluation event=session_close status=success job=44385 trace=7343d9e5f21924
2026-07-16T08:55:49.814Z host=eng-x12 service=sshd level=INFO user=mchen repo=infra-charts event=push status=success job=44562 trace=db5eba1cd9f2af
2026-07-16T08:56:04.916Z host=eng-x12 service=gitlab-runner level=INFO user=mchen repo=api-gateway event=session_close status=success job=41358 trace=6216e104d1988a
2026-07-16T08:58:56.827Z host=gpu-node-037 service=scheduler level=INFO namespace=monitoring pod=model-eval-a0e4e9 event=started gpu_util=28
2026-07-16T09:00:14.402Z host=eng-x12 service=auditd level=INFO user=mchen repo=infra-charts event=push status=success job=44057 trace=2f46fad921d4ea
2026-07-16T09:01:29.916Z host=gpu-node-031 service=scheduler level=INFO namespace=monitoring pod=node-exporter-9ec2ae event=image_present gpu_util=96
2026-07-16T09:02:40.333Z host=eng-x12 service=auditd level=INFO user=mchen repo=api-gateway event=session_close status=success job=44210 trace=8f14ae7a8845ea
2026-07-16T09:02:41.962Z host=eng-x12 service=sshd level=INFO user=builder repo=safety-filters event=session_close status=success job=41256 trace=f0c6e30946a27b
2026-07-16T09:02:58.662Z host=eng-x12 service=sshd level=INFO user=sre repo=model-runtime event=build status=success job=41269 trace=ecac17af23f4f9
2026-07-16T09:05:18.257Z host=gpu-node-021 service=scheduler level=INFO namespace=training pod=node-exporter-b91deb event=image_present gpu_util=13
2026-07-16T09:06:02.724Z host=gpu-node-059 service=kubelet level=INFO namespace=inference pod=checkpoint-5027a1 event=started gpu_util=94
2026-07-16T09:07:50.671Z host=eng-x12 service=dockerd level=INFO user=builder repo=model-runtime event=fetch status=success job=44839 trace=83167c94e9570b
2026-07-16T09:08:27.508Z host=gpu-node-043 service=scheduler level=INFO namespace=training pod=model-eval-e2ffc2 event=probe_ok gpu_util=74
2026-07-16T09:10:51.513Z host=eng-x12 service=gitlab-runner level=INFO user=sre repo=evaluation event=build status=success job=42954 trace=76dffa825908a2
2026-07-16T09:11:01.480Z host=gpu-node-003 service=containerd level=INFO namespace=monitoring pod=model-eval-54c433 event=probe_ok gpu_util=53
2026-07-16T09:11:04.216Z host=eng-x12 service=sshd level=INFO user=deploybot repo=safety-filters event=build status=success job=41923 trace=5feaaf74aa4614
2026-07-16T09:11:06.967Z host=gpu-node-054 service=containerd level=INFO namespace=training pod=checkpoint-6f6455 event=started gpu_util=59
2026-07-16T09:11:49.790Z host=eng-x12 service=sshd level=INFO user=builder repo=safety-filters event=checkout status=success job=41866 trace=7ff70cb755691f
2026-07-16T09:15:25.858Z host=gpu-node-091 service=containerd level=INFO namespace=training pod=trainer-bf9253 event=completed gpu_util=28
2026-07-16T09:16:29.274Z host=gpu-node-026 service=kubelet level=INFO namespace=monitoring pod=node-exporter-99d1b9 event=started gpu_util=63
2026-07-16T09:16:51.420Z host=gpu-node-117 service=scheduler level=INFO namespace=monitoring pod=checkpoint-f7faa1 event=image_present gpu_util=99
2026-07-16T09:17:00.333Z host=gpu-node-109 service=nvidia-dcgm level=INFO namespace=monitoring pod=node-exporter-d92957 event=started gpu_util=1
2026-07-16T09:18:37.328Z host=gpu-node-100 service=kubelet level=INFO namespace=monitoring pod=trainer-3c9214 event=probe_ok gpu_util=25
2026-07-16T09:19:20.703Z host=eng-x12 service=gitlab-runner level=INFO user=builder repo=model-runtime event=fetch status=success job=48721 trace=b1b7072b6ccd17
2026-07-16T09:21:16.071Z host=eng-x12 service=auditd level=INFO user=deploybot repo=api-gateway event=checkout status=success job=48832 trace=406444d1cec2eb
2026-07-16T09:21:53.567Z host=eng-x12 service=gitlab-runner level=INFO user=builder repo=api-gateway event=build status=success job=45920 trace=13a6c9010c54f6
2026-07-16T09:22:17.335Z host=gpu-node-073 service=nvidia-dcgm level=INFO namespace=training pod=checkpoint-2390f5 event=completed gpu_util=79
2026-07-16T09:23:01.186Z host=gpu-node-065 service=containerd level=INFO namespace=inference pod=node-exporter-b35645 event=probe_ok gpu_util=57
2026-07-16T09:23:19.954Z host=gpu-node-109 service=containerd level=INFO namespace=inference pod=model-eval-fe0271 event=probe_ok gpu_util=97
2026-07-16T09:24:40.353Z host=eng-x12 service=dockerd level=INFO user=mchen repo=safety-filters event=build status=success job=41957 trace=818a794e4f3b88
2026-07-16T09:25:17.807Z host=gpu-node-084 service=containerd level=INFO namespace=inference pod=checkpoint-e93182 event=completed gpu_util=43
2026-07-16T09:26:33.909Z host=eng-x12 service=dockerd level=INFO user=mchen repo=safety-filters event=fetch status=success job=47223 trace=1f4330496871d9
2026-07-16T09:27:52.243Z host=eng-x12 service=gitlab-runner level=INFO user=builder repo=api-gateway event=push status=success job=44182 trace=b73d9860b49180
2026-07-16T09:30:15.048Z host=gpu-node-065 service=nvidia-dcgm level=INFO namespace=training pod=trainer-92db4c event=started gpu_util=19
2026-07-16T09:33:29.806Z host=eng-x12 service=auditd level=INFO user=deploybot repo=infra-charts event=push status=success job=43796 trace=51f2dbaa6d2e99
2026-07-16T09:35:07.386Z host=eng-x12 service=dockerd level=INFO user=deploybot repo=api-gateway event=fetch status=success job=43961 trace=dfb34ea741511d
2026-07-16T09:35:23.269Z host=gpu-node-073 service=scheduler level=INFO namespace=training pod=node-exporter-d7148a event=probe_ok gpu_util=58
2026-07-16T09:37:36.046Z host=eng-x12 service=sshd level=INFO user=deploybot repo=evaluation event=checkout status=success job=46484 trace=0f26e3ed944039
2026-07-16T09:38:03.741Z host=gpu-node-082 service=containerd level=INFO namespace=monitoring pod=model-eval-7248d6 event=probe_ok gpu_util=100
2026-07-16T09:38:11.942Z host=gpu-node-027 service=containerd level=INFO namespace=monitoring pod=trainer-f85209 event=probe_ok gpu_util=9
2026-07-16T09:39:22.322Z host=gpu-node-083 service=nvidia-dcgm level=INFO namespace=monitoring pod=model-eval-ff6710 event=image_present gpu_util=81
2026-07-16T09:39:47.972Z host=gpu-node-024 service=containerd level=INFO namespace=monitoring pod=checkpoint-0874f0 event=started gpu_util=54
2026-07-16T09:39:56.126Z host=gpu-node-108 service=scheduler level=INFO namespace=training pod=trainer-cbf401 event=image_present gpu_util=91
2026-07-16T09:40:16.748Z host=eng-x12 service=dockerd level=INFO user=builder repo=safety-filters event=session_close status=success job=41141 trace=3b81a0043d674b
2026-07-16T09:40:17.365Z host=eng-x12 service=gitlab-runner level=INFO user=builder repo=model-runtime event=build status=success job=41365 trace=1855bad0ce4c0c
2026-07-16T09:40:54.737Z host=gpu-node-080 service=nvidia-dcgm level=INFO namespace=inference pod=node-exporter-cc4551 event=image_present gpu_util=92
2026-07-16T09:42:15.996Z host=gpu-node-079 service=nvidia-dcgm level=INFO namespace=monitoring pod=node-exporter-fbbb24 event=image_present gpu_util=30
2026-07-16T09:43:23.574Z host=eng-x12 service=gitlab-runner level=INFO user=deploybot repo=model-runtime event=push status=success job=41418 trace=d53a3feea78430
2026-07-16T09:43:59.298Z host=eng-x12 service=dockerd level=INFO user=builder repo=evaluation event=push status=success job=41422 trace=fd7c79810268cf
2026-07-16T09:44:06.119Z host=eng-x12 service=gitlab-runner level=INFO user=builder repo=model-runtime event=push status=success job=44236 trace=ef5cdfd176a1fa
2026-07-16T09:44:44.438Z host=gpu-node-066 service=containerd level=INFO namespace=monitoring pod=checkpoint-4db144 event=started gpu_util=11
2026-07-16T09:44:50.565Z host=gpu-node-005 service=nvidia-dcgm level=INFO namespace=inference pod=node-exporter-adc517 event=started gpu_util=72
2026-07-16T09:45:19.582Z host=gpu-node-025 service=nvidia-dcgm level=INFO namespace=inference pod=model-eval-be2e3c event=completed gpu_util=96
2026-07-16T09:49:05.648Z host=gpu-node-040 service=nvidia-dcgm level=INFO namespace=monitoring pod=trainer-b6f6b4 event=image_present gpu_util=35
2026-07-16T09:50:06.198Z host=eng-x12 service=dockerd level=INFO user=sre repo=api-gateway event=session_close status=success job=43930 trace=067b13104c79a8
2026-07-16T09:50:29.435Z host=eng-x12 service=sshd level=INFO user=sre repo=api-gateway event=build status=success job=47610 trace=e9058a653d4b83
2026-07-16T09:50:53.548Z host=eng-x12 service=sshd level=INFO user=mchen repo=infra-charts event=session_close status=success job=43568 trace=452a5bc2f45dbb
2026-07-16T09:55:44.624Z host=gpu-node-067 service=kubelet level=INFO namespace=monitoring pod=model-eval-74a687 event=completed gpu_util=62
2026-07-16T09:56:18.501Z host=eng-x12 service=dockerd level=INFO user=sre repo=model-runtime event=fetch status=success job=41510 trace=cf85e5ce002e4e
2026-07-16T09:56:30.717Z host=gpu-node-040 service=containerd level=INFO namespace=inference pod=trainer-be9a9f event=started gpu_util=92
2026-07-16T09:56:37.769Z host=gpu-node-047 service=scheduler level=INFO namespace=training pod=trainer-1e56d3 event=completed gpu_util=94
2026-07-16T09:57:16.299Z host=gpu-node-096 service=kubelet level=INFO namespace=training pod=checkpoint-0de520 event=probe_ok gpu_util=58
2026-07-16T09:59:41.932Z host=eng-x12 service=auditd level=INFO user=sre repo=model-runtime event=fetch status=success job=48227 trace=665d6106807903
2026-07-16T09:59:54.955Z host=eng-x12 service=gitlab-runner level=INFO user=deploybot repo=model-runtime event=session_close status=success job=41581 trace=e60cdb085ae4a5
2026-07-16T10:00:55.708Z host=eng-x12 service=gitlab-runner level=INFO user=sre repo=infra-charts event=fetch status=success job=42813 trace=1d8aac67ac55fd
2026-07-16T10:01:03.420Z host=gpu-node-045 service=containerd level=INFO namespace=monitoring pod=trainer-48b200 event=probe_ok gpu_util=30
2026-07-16T10:04:50.845Z host=eng-x12 service=sshd level=INFO user=builder repo=infra-charts event=build status=success job=42455 trace=8f96b17551396d
2026-07-16T10:05:12.986Z host=gpu-node-076 service=containerd level=INFO namespace=monitoring pod=node-exporter-dc7d5b event=probe_ok gpu_util=23
2026-07-16T10:06:05.562Z host=gpu-node-111 service=scheduler level=INFO namespace=monitoring pod=node-exporter-7b4aa5 event=completed gpu_util=93
2026-07-16T10:09:29.284Z host=eng-x12 service=sshd level=INFO user=mchen repo=evaluation event=push status=success job=46618 trace=9ce223b237ca28
2026-07-16T10:09:53.248Z host=gpu-node-087 service=scheduler level=INFO namespace=inference pod=checkpoint-979213 event=probe_ok gpu_util=6
2026-07-16T10:10:02.119Z host=eng-x12 service=sshd level=INFO user=sre repo=api-gateway event=checkout status=success job=45554 trace=416509e8c7c8d5
2026-07-16T10:10:05.148Z host=eng-x12 service=gitlab-runner level=INFO user=deploybot repo=infra-charts event=checkout status=success job=48008 trace=2ae8d1a5ed62ee
2026-07-16T10:10:24.374Z host=gpu-node-027 service=kubelet level=INFO namespace=training pod=node-exporter-743b7a event=started gpu_util=88
2026-07-16T10:10:49.149Z host=eng-x12 service=sshd level=INFO user=builder repo=model-runtime event=push status=success job=47903 trace=d73c0e8553612e
2026-07-16T10:11:03.791Z host=eng-x12 service=auditd level=INFO user=mchen repo=evaluation event=checkout status=success job=47984 trace=edc28472dc10d9
2026-07-16T10:11:47.450Z host=gpu-node-047 service=nvidia-dcgm level=INFO namespace=inference pod=node-exporter-c534ea event=image_present gpu_util=2
2026-07-16T10:12:22.008Z host=gpu-node-038 service=nvidia-dcgm level=INFO namespace=training pod=model-eval-2fdc6b event=started gpu_util=20
2026-07-16T10:12:31.151Z host=eng-x12 service=auditd level=INFO user=sre repo=model-runtime event=checkout status=success job=42831 trace=4f823df1db2c0d
2026-07-16T10:14:20.316Z host=eng-x12 service=gitlab-runner level=INFO user=sre repo=infra-charts event=push status=success job=45783 trace=dbba6e8f0b4350
2026-07-16T10:14:34.530Z host=gpu-node-075 service=scheduler level=INFO namespace=monitoring pod=trainer-b42e25 event=started gpu_util=15
2026-07-16T10:15:45.082Z host=eng-x12 service=auditd level=INFO user=deploybot repo=model-runtime event=fetch status=success job=45862 trace=425641ae4b716f
2026-07-16T10:17:14.924Z host=eng-x12 service=dockerd level=INFO user=builder repo=api-gateway event=build status=success job=42717 trace=72458363abb2fb
2026-07-16T10:17:56.598Z host=gpu-node-041 service=nvidia-dcgm level=INFO namespace=training pod=trainer-872dab event=completed gpu_util=97
2026-07-16T10:18:18.401Z host=eng-x12 service=gitlab-runner level=INFO user=sre repo=api-gateway event=push status=success job=43545 trace=09de5bf0a2bb13
2026-07-16T10:19:20.587Z host=gpu-node-075 service=containerd level=INFO namespace=inference pod=model-eval-ab4ba6 event=probe_ok gpu_util=75
2026-07-16T10:19:39.431Z host=gpu-node-080 service=scheduler level=INFO namespace=monitoring pod=trainer-dd7461 event=image_present gpu_util=46
2026-07-16T10:20:50.619Z host=eng-x12 service=dockerd level=INFO user=deploybot repo=safety-filters event=fetch status=success job=47282 trace=8827da625cb96c
2026-07-16T10:25:04.771Z host=gpu-node-098 service=containerd level=INFO namespace=training pod=node-exporter-4cac64 event=probe_ok gpu_util=54
2026-07-16T10:25:08.190Z host=eng-x12 service=auditd level=INFO user=builder repo=safety-filters event=session_close status=success job=41398 trace=3be1e6feb15b40
2026-07-16T10:27:52.553Z host=gpu-node-110 service=nvidia-dcgm level=INFO namespace=monitoring pod=checkpoint-da0865 event=probe_ok gpu_util=91
2026-07-16T10:28:29.482Z host=gpu-node-055 service=nvidia-dcgm level=INFO namespace=training pod=node-exporter-52d72b event=started gpu_util=73
2026-07-16T10:28:39.811Z host=gpu-node-086 service=containerd level=INFO namespace=training pod=model-eval-b71340 event=completed gpu_util=31
2026-07-16T10:29:19.606Z host=eng-x12 service=gitlab-runner level=INFO user=sre repo=api-gateway event=push status=success job=43876 trace=6a72074977e5d6
2026-07-16T10:30:04.995Z host=gpu-node-122 service=kubelet level=INFO namespace=inference pod=model-eval-a5c808 event=completed gpu_util=26
2026-07-16T10:31:29.831Z host=gpu-node-050 service=nvidia-dcgm level=INFO namespace=training pod=model-eval-daf571 event=probe_ok gpu_util=61
2026-07-16T10:31:39.814Z host=eng-x12 service=gitlab-runner level=INFO user=mchen repo=evaluation event=fetch status=success job=45330 trace=290a8e6822bc42
2026-07-16T10:33:43.584Z host=eng-x12 service=dockerd level=INFO user=deploybot repo=model-runtime event=push status=success job=48542 trace=3f67adc6201aed
2026-07-16T10:34:30.869Z host=gpu-node-071 service=containerd level=INFO namespace=training pod=trainer-88181d event=completed gpu_util=67
2026-07-16T10:36:11.740Z host=gpu-node-016 service=scheduler level=INFO namespace=inference pod=model-eval-4eb92a event=image_present gpu_util=42
2026-07-16T10:36:36.181Z host=eng-x12 service=dockerd level=INFO user=mchen repo=safety-filters event=checkout status=success job=48895 trace=0650f12412690a
2026-07-16T10:36:36.977Z host=gpu-node-075 service=nvidia-dcgm level=INFO namespace=monitoring pod=model-eval-d0f4aa event=probe_ok gpu_util=3
2026-07-16T10:37:29.524Z host=eng-x12 service=dockerd level=INFO user=sre repo=evaluation event=fetch status=success job=42127 trace=d082869c4dfb42
2026-07-16T10:38:21.756Z host=eng-x12 service=sshd level=INFO user=builder repo=safety-filters event=push status=success job=45327 trace=a52ac1a592ba33
2026-07-16T10:39:44.221Z host=gpu-node-076 service=kubelet level=INFO namespace=inference pod=checkpoint-62a8e8 event=started gpu_util=19
2026-07-16T10:42:49.770Z host=gpu-node-092 service=nvidia-dcgm level=INFO namespace=training pod=checkpoint-aa198c event=completed gpu_util=5
2026-07-16T10:43:01.117Z host=eng-x12 service=auditd level=INFO user=builder repo=model-runtime event=build status=success job=42591 trace=d5bac2022f9544
2026-07-16T10:43:37.528Z host=gpu-node-087 service=scheduler level=INFO namespace=training pod=model-eval-8e5b1e event=completed gpu_util=87
2026-07-16T10:43:55.831Z host=gpu-node-120 service=kubelet level=INFO namespace=training pod=node-exporter-db521e event=completed gpu_util=98
2026-07-16T10:44:32.724Z host=eng-x12 service=sshd level=INFO user=sre repo=model-runtime event=checkout status=success job=48783 trace=31779160a7fa7d
2026-07-16T10:47:32.239Z host=gpu-node-101 service=scheduler level=INFO namespace=training pod=model-eval-35579e event=image_present gpu_util=69
2026-07-16T10:48:57.723Z host=gpu-node-032 service=scheduler level=INFO namespace=inference pod=trainer-2d8449 event=started gpu_util=77
2026-07-16T10:49:45.832Z host=eng-x12 service=dockerd level=INFO user=builder repo=model-runtime event=checkout status=success job=46520 trace=91b41e4330228a
2026-07-16T10:51:20.772Z host=eng-x12 service=auditd level=INFO user=builder repo=safety-filters event=checkout status=success job=48849 trace=c8a6a04538972d
2026-07-16T10:51:41.106Z host=gpu-node-033 service=kubelet level=INFO namespace=inference pod=checkpoint-633df9 event=completed gpu_util=76
2026-07-16T10:51:51.650Z host=eng-x12 service=sshd level=INFO user=sre repo=safety-filters event=push status=success job=46100 trace=8ec9e29869ea31
2026-07-16T10:52:43.442Z host=gpu-node-072 service=containerd level=INFO namespace=inference pod=model-eval-fe5e54 event=started gpu_util=8
2026-07-16T10:55:10.122Z host=gpu-node-053 service=scheduler level=INFO namespace=monitoring pod=node-exporter-c3bb86 event=completed gpu_util=10
2026-07-16T10:55:46.892Z host=eng-x12 service=gitlab-runner level=INFO user=builder repo=evaluation event=push status=success job=46677 trace=e9a0bcaec0820d
2026-07-16T10:56:53.286Z host=eng-x12 service=sshd level=INFO user=builder repo=api-gateway event=checkout status=success job=41991 trace=d5a470b5da7ffc
2026-07-16T10:57:56.217Z host=eng-x12 service=sshd level=INFO user=builder repo=infra-charts event=checkout status=success job=42699 trace=3a17060c7f86cc
2026-07-16T10:58:02.812Z host=eng-x12 service=gitlab-runner level=INFO user=builder repo=safety-filters event=fetch status=success job=43879 trace=70d95fdc6ffe80
2026-07-16T10:58:30.075Z host=eng-x12 service=sshd level=INFO user=deploybot repo=api-gateway event=push status=success job=45452 trace=f3c041d2dd750d
2026-07-16T10:58:35.486Z host=eng-x12 service=auditd level=INFO user=builder repo=evaluation event=push status=success job=41282 trace=38559d4656b099
2026-07-16T10:59:37.459Z host=gpu-node-003 service=scheduler level=INFO namespace=monitoring pod=node-exporter-165f2c event=probe_ok gpu_util=84
2026-07-16T10:59:48.626Z host=eng-x12 service=gitlab-runner level=INFO user=mchen repo=safety-filters event=push status=success job=42542 trace=fa151ba1d99218
2026-07-16T11:00:16.925Z host=eng-x12 service=sshd level=INFO user=builder repo=model-runtime event=build status=success job=43481 trace=d0482dab11f9f4
2026-07-16T11:00:26.586Z host=eng-x12 service=sshd level=INFO user=builder repo=infra-charts event=build status=success job=46028 trace=a6edfa250133d2
2026-07-16T11:00:51.696Z host=eng-x12 service=dockerd level=INFO user=deploybot repo=evaluation event=push status=success job=42215 trace=5f7b867914757f
2026-07-16T11:01:10.911Z host=eng-x12 service=sshd level=INFO user=sre repo=api-gateway event=build status=success job=41376 trace=71d616dd3fbda5
2026-07-16T11:02:33.392Z host=gpu-node-093 service=containerd level=INFO namespace=training pod=model-eval-162a45 event=probe_ok gpu_util=46
2026-07-16T11:03:17.406Z host=eng-x12 service=gitlab-runner level=INFO user=mchen repo=model-runtime event=push status=success job=42353 trace=2a155f2f46dea7
2026-07-16T11:05:31.284Z host=eng-x12 service=gitlab-runner level=INFO user=deploybot repo=safety-filters event=session_close status=success job=42571 trace=d7e4a5bd0346d5
2026-07-16T11:05:39.851Z host=gpu-node-070 service=kubelet level=INFO namespace=training pod=checkpoint-e961b1 event=started gpu_util=31
2026-07-16T11:06:40.130Z host=gpu-node-010 service=scheduler level=INFO namespace=monitoring pod=node-exporter-1700e2 event=completed gpu_util=19
2026-07-16T11:07:49.056Z host=gpu-node-104 service=scheduler level=INFO namespace=monitoring pod=trainer-33534e event=image_present gpu_util=6
2026-07-16T11:09:25.168Z host=gpu-node-042 service=kubelet level=INFO namespace=monitoring pod=trainer-97a6bb event=image_present gpu_util=48
2026-07-16T11:09:26.985Z host=eng-x12 service=dockerd level=INFO user=sre repo=infra-charts event=push status=success job=44541 trace=3de849fdfe4648
2026-07-16T11:10:03.552Z host=eng-x12 service=sshd level=INFO user=deploybot repo=safety-filters event=fetch status=success job=42902 trace=6afddf898a32d4
2026-07-16T11:10:38.224Z host=gpu-node-054 service=kubelet level=INFO namespace=inference pod=model-eval-88bded event=image_present gpu_util=13
2026-07-16T11:10:50.496Z host=gpu-node-096 service=kubelet level=INFO namespace=training pod=checkpoint-f356d0 event=completed gpu_util=47
2026-07-16T11:13:02.743Z host=gpu-node-073 service=scheduler level=INFO namespace=monitoring pod=model-eval-6cca39 event=probe_ok gpu_util=24
2026-07-16T11:13:05.079Z host=eng-x12 service=auditd level=INFO user=deploybot repo=api-gateway event=build status=success job=48277 trace=c5057e8ff45c2a
2026-07-16T11:15:32.949Z host=eng-x12 service=gitlab-runner level=INFO user=builder repo=evaluation event=fetch status=success job=44525 trace=44a138c993fd9f
2026-07-16T11:18:34.781Z host=gpu-node-048 service=containerd level=INFO namespace=monitoring pod=checkpoint-da1bd1 event=image_present gpu_util=47
2026-07-16T11:18:36.463Z host=gpu-node-106 service=containerd level=INFO namespace=training pod=model-eval-5548cc event=image_present gpu_util=27
2026-07-16T11:19:54.332Z host=eng-x12 service=dockerd level=INFO user=builder repo=safety-filters event=build status=success job=47484 trace=af5a8653d02148
2026-07-16T11:19:56.663Z host=gpu-node-102 service=scheduler level=INFO namespace=monitoring pod=model-eval-7bd83d event=started gpu_util=60
2026-07-16T11:20:42.155Z host=gpu-node-057 service=nvidia-dcgm level=INFO namespace=monitoring pod=checkpoint-331b80 event=completed gpu_util=90
2026-07-16T11:21:23.526Z host=gpu-node-005 service=scheduler level=INFO namespace=inference pod=node-exporter-c3616b event=completed gpu_util=28
2026-07-16T11:22:04.894Z host=eng-x12 service=dockerd level=INFO user=sre repo=infra-charts event=checkout status=success job=42277 trace=740983410d2bc3
2026-07-16T11:23:01.868Z host=gpu-node-074 service=nvidia-dcgm level=INFO namespace=monitoring pod=node-exporter-05cad3 event=completed gpu_util=8
2026-07-16T11:24:56.581Z host=eng-x12 service=gitlab-runner level=INFO user=sre repo=infra-charts event=fetch status=success job=47510 trace=82ecd64db59ac4
2026-07-16T11:25:01.605Z host=eng-x12 service=gitlab-runner level=INFO user=deploybot repo=model-runtime event=session_close status=success job=44953 trace=e7cfd61883ef48
2026-07-16T11:25:13.629Z host=gpu-node-050 service=scheduler level=INFO namespace=inference pod=node-exporter-6e0296 event=probe_ok gpu_util=26
2026-07-16T11:25:18.735Z host=gpu-node-011 service=kubelet level=INFO namespace=training pod=trainer-6426b2 event=image_present gpu_util=56
2026-07-16T11:25:36.142Z host=eng-x12 service=auditd level=INFO user=mchen repo=evaluation event=fetch status=success job=48261 trace=afa55577b5ce65
2026-07-16T11:25:50.855Z host=gpu-node-121 service=scheduler level=INFO namespace=training pod=model-eval-1b1ab6 event=probe_ok gpu_util=20
2026-07-16T11:26:06.054Z host=gpu-node-016 service=kubelet level=INFO namespace=monitoring pod=node-exporter-8360f5 event=image_present gpu_util=78
2026-07-16T11:27:21.968Z host=eng-x12 service=auditd level=INFO user=deploybot repo=model-runtime event=build status=success job=44896 trace=072eae033662b7
2026-07-16T11:28:38.378Z host=gpu-node-018 service=kubelet level=INFO namespace=inference pod=model-eval-fda6b5 event=probe_ok gpu_util=5
2026-07-16T11:29:19.588Z host=gpu-node-119 service=scheduler level=INFO namespace=monitoring pod=model-eval-026162 event=started gpu_util=82
2026-07-16T11:29:33.685Z host=gpu-node-126 service=containerd level=INFO namespace=monitoring pod=node-exporter-2aebd3 event=completed gpu_util=76
2026-07-16T11:30:45.227Z host=eng-x12 service=gitlab-runner level=INFO user=deploybot repo=safety-filters event=fetch status=success job=43110 trace=6712bc3a538bc4
2026-07-16T11:31:14.746Z host=gpu-node-016 service=scheduler level=INFO namespace=training pod=model-eval-1f732c event=completed gpu_util=78
2026-07-16T11:31:41.689Z host=gpu-node-028 service=scheduler level=INFO namespace=inference pod=checkpoint-8593d5 event=probe_ok gpu_util=70
2026-07-16T11:33:09.431Z host=gpu-node-024 service=scheduler level=INFO namespace=inference pod=checkpoint-b958a0 event=probe_ok gpu_util=29
2026-07-16T11:34:28.311Z host=gpu-node-026 service=kubelet level=INFO namespace=training pod=model-eval-79118d event=probe_ok gpu_util=53
2026-07-16T11:37:29.448Z host=eng-x12 service=sshd level=INFO user=mchen repo=infra-charts event=push status=success job=45572 trace=7f7337909d9eb5
2026-07-16T11:38:22.300Z host=eng-x12 service=sshd level=INFO user=deploybot repo=safety-filters event=session_close status=success job=46011 trace=4571b28e2324b8
2026-07-16T11:39:51.630Z host=gpu-node-098 service=scheduler level=INFO namespace=training pod=checkpoint-f176cc event=completed gpu_util=75
2026-07-16T11:40:37.811Z host=eng-x12 service=auditd level=INFO user=deploybot repo=evaluation event=session_close status=success job=42650 trace=726075ae4efa3f
2026-07-16T11:40:46.225Z host=gpu-node-018 service=scheduler level=INFO namespace=inference pod=node-exporter-988af9 event=completed gpu_util=52
2026-07-16T11:41:21.670Z host=eng-x12 service=sshd level=INFO user=builder repo=safety-filters event=push status=success job=45211 trace=67995ef3cb465e
2026-07-16T11:43:55.014Z host=gpu-node-071 service=containerd level=INFO namespace=inference pod=checkpoint-7c23b2 event=probe_ok gpu_util=92
2026-07-16T11:44:33.166Z host=eng-x12 service=dockerd level=INFO user=builder repo=infra-charts event=checkout status=success job=41264 trace=235729d314fb88
2026-07-16T11:45:02.480Z host=gpu-node-010 service=kubelet level=INFO namespace=monitoring pod=node-exporter-e18aaa event=started gpu_util=67
2026-07-16T11:47:41.348Z host=gpu-node-022 service=nvidia-dcgm level=INFO namespace=training pod=model-eval-22ca6e event=completed gpu_util=48
2026-07-16T11:47:57.592Z host=gpu-node-090 service=kubelet level=INFO namespace=training pod=model-eval-1a106a event=completed gpu_util=3
2026-07-16T11:49:07.294Z host=gpu-node-010 service=containerd level=INFO namespace=monitoring pod=checkpoint-9a7ae7 event=completed gpu_util=59
2026-07-16T11:49:21.200Z host=eng-x12 service=gitlab-runner level=INFO user=sre repo=safety-filters event=push status=success job=42982 trace=d1df36c063173e
2026-07-16T11:49:34.765Z host=eng-x12 service=sshd level=INFO user=sre repo=model-runtime event=session_close status=success job=46840 trace=48980a79479c89
2026-07-16T11:53:19.420Z host=eng-x12 service=dockerd level=INFO user=mchen repo=evaluation event=build status=success job=48356 trace=46c24b933bcabb
2026-07-16T11:53:40.465Z host=eng-x12 service=dockerd level=INFO user=mchen repo=safety-filters event=push status=success job=48448 trace=721620b31a3b58
2026-07-16T11:54:35.785Z host=eng-x12 service=dockerd level=INFO user=deploybot repo=api-gateway event=session_close status=success job=43341 trace=f5545096db2be2
2026-07-16T11:56:19.575Z host=eng-x12 service=sshd level=INFO user=sre repo=safety-filters event=fetch status=success job=44830 trace=3b24dc84270f9c
2026-07-16T11:56:25.916Z host=gpu-node-002 service=kubelet level=INFO namespace=training pod=model-eval-399c2a event=completed gpu_util=20
2026-07-16T11:57:13.059Z host=gpu-node-060 service=containerd level=INFO namespace=training pod=trainer-847ed9 event=completed gpu_util=86
2026-07-16T11:58:39.057Z host=eng-x12 service=dockerd level=INFO user=mchen repo=infra-charts event=checkout status=success job=47116 trace=e2bc86dd84445c
2026-07-16T12:02:34.898Z host=eng-x12 service=gitlab-runner level=INFO user=sre repo=safety-filters event=push status=success job=42939 trace=c086acd477b0d5
2026-07-16T12:02:52.721Z host=gpu-node-003 service=nvidia-dcgm level=INFO namespace=inference pod=trainer-83132e event=started gpu_util=41
2026-07-16T12:03:53.769Z host=eng-x12 service=dockerd level=INFO user=deploybot repo=model-runtime event=fetch status=success job=45062 trace=d78e198b8dc5be
2026-07-16T12:04:26.295Z host=eng-x12 service=sshd level=INFO user=mchen repo=infra-charts event=build status=success job=46203 trace=5c5e70a126989a
2026-07-16T12:04:45.982Z host=eng-x12 service=gitlab-runner level=INFO user=mchen repo=infra-charts event=checkout status=success job=43795 trace=8e558c08a66cd6
2026-07-16T12:05:47.038Z host=eng-x12 service=sshd level=INFO user=builder repo=safety-filters event=checkout status=success job=42119 trace=7553e3ff833d94
2026-07-16T12:06:46.259Z host=eng-x12 service=dockerd level=INFO user=deploybot repo=api-gateway event=session_close status=success job=41043 trace=058dc064bff564
2026-07-16T12:07:35.041Z host=eng-x12 service=gitlab-runner level=INFO user=deploybot repo=api-gateway event=fetch status=success job=44918 trace=b1a52ef3fc4275
2026-07-16T12:08:30.806Z host=gpu-node-010 service=nvidia-dcgm level=INFO namespace=monitoring pod=node-exporter-c3c479 event=completed gpu_util=91
2026-07-16T12:08:36.665Z host=eng-x12 service=dockerd level=INFO user=sre repo=safety-filters event=fetch status=success job=45201 trace=09109bda87b127
2026-07-16T12:12:02.954Z host=gpu-node-062 service=kubelet level=INFO namespace=monitoring pod=node-exporter-a38ce9 event=probe_ok gpu_util=35
2026-07-16T12:15:41.305Z host=eng-x12 service=sshd level=INFO user=mchen repo=api-gateway event=fetch status=success job=46444 trace=32ccacdab860da
2026-07-16T12:16:37.675Z host=eng-x12 service=auditd level=INFO user=deploybot repo=model-runtime event=checkout status=success job=46291 trace=5cbd3577d24e15
2026-07-16T12:17:41.410Z host=gpu-node-109 service=containerd level=INFO namespace=training pod=checkpoint-24c37c event=completed gpu_util=43
2026-07-16T12:21:37.270Z host=eng-x12 service=gitlab-runner level=INFO user=sre repo=api-gateway event=build status=success job=48868 trace=d77ea21e88678f
2026-07-16T12:22:56.456Z host=gpu-node-094 service=containerd level=INFO namespace=training pod=checkpoint-37bf82 event=started gpu_util=79
2026-07-16T12:22:58.053Z host=eng-x12 service=gitlab-runner level=INFO user=sre repo=evaluation event=fetch status=success job=43102 trace=047c16bbbed5c4
2026-07-16T12:23:57.669Z host=eng-x12 service=auditd level=INFO user=sre repo=infra-charts event=checkout status=success job=42748 trace=d376db10187ef5
2026-07-16T12:29:36.141Z host=eng-x12 service=auditd level=INFO user=mchen repo=evaluation event=checkout status=success job=44480 trace=3f77bc472648d1
2026-07-16T12:31:20.432Z host=gpu-node-054 service=scheduler level=INFO namespace=training pod=model-eval-650dcc event=started gpu_util=45
2026-07-16T12:33:35.505Z host=gpu-node-034 service=scheduler level=INFO namespace=inference pod=trainer-63f7b1 event=image_present gpu_util=30
2026-07-16T12:37:16.270Z host=gpu-node-002 service=containerd level=INFO namespace=monitoring pod=trainer-e76cf9 event=completed gpu_util=12
2026-07-16T12:38:07.713Z host=gpu-node-100 service=containerd level=INFO namespace=monitoring pod=trainer-e9b324 event=image_present gpu_util=92
2026-07-16T12:38:31.521Z host=eng-x12 service=dockerd level=INFO user=deploybot repo=infra-charts event=session_close status=success job=48854 trace=75b5a442265ea3
2026-07-16T12:40:30.585Z host=eng-x12 service=dockerd level=INFO user=sre repo=api-gateway event=session_close status=success job=46706 trace=c720d47b5b5aa7
2026-07-16T12:41:17.848Z host=gpu-node-061 service=kubelet level=INFO namespace=inference pod=trainer-6e0a1c event=completed gpu_util=32
2026-07-16T12:41:44.215Z host=gpu-node-049 service=nvidia-dcgm level=INFO namespace=monitoring pod=model-eval-8f3e5b event=completed gpu_util=16
2026-07-16T12:41:55.731Z host=gpu-node-124 service=nvidia-dcgm level=INFO namespace=training pod=checkpoint-1cf99e event=probe_ok gpu_util=86
2026-07-16T12:42:26.018Z host=eng-x12 service=auditd level=INFO user=deploybot repo=evaluation event=session_close status=success job=43983 trace=0f476708172f09
2026-07-16T12:44:19.664Z host=gpu-node-127 service=nvidia-dcgm level=INFO namespace=inference pod=model-eval-e62a0f event=image_present gpu_util=74
2026-07-16T12:45:02.573Z host=gpu-node-087 service=nvidia-dcgm level=INFO namespace=training pod=trainer-efe9ae event=started gpu_util=83
2026-07-16T12:45:44.940Z host=gpu-node-006 service=containerd level=INFO namespace=monitoring pod=model-eval-d9bec2 event=probe_ok gpu_util=28
2026-07-16T12:46:00.896Z host=gpu-node-072 service=containerd level=INFO namespace=inference pod=node-exporter-343dc4 event=started gpu_util=18
2026-07-16T12:46:27.770Z host=gpu-node-096 service=containerd level=INFO namespace=monitoring pod=checkpoint-d8c627 event=started gpu_util=80
2026-07-16T12:46:55.772Z host=gpu-node-016 service=containerd level=INFO namespace=training pod=model-eval-f9dcd3 event=completed gpu_util=95
2026-07-16T12:47:10.846Z host=eng-x12 service=auditd level=INFO user=mchen repo=evaluation event=session_close status=success job=47173 trace=37648d34d2c9ba
2026-07-16T12:47:30.483Z host=eng-x12 service=sshd level=INFO user=builder repo=model-runtime event=session_close status=success job=45909 trace=edc745af8470a0
2026-07-16T12:48:15.124Z host=gpu-node-065 service=containerd level=INFO namespace=monitoring pod=model-eval-9ca4ee event=completed gpu_util=30
2026-07-16T12:49:47.983Z host=eng-x12 service=gitlab-runner level=INFO user=sre repo=infra-charts event=push status=success job=46205 trace=a8071dfe210130
2026-07-16T12:51:57.576Z host=gpu-node-087 service=nvidia-dcgm level=INFO namespace=training pod=checkpoint-596dd0 event=started gpu_util=56
2026-07-16T12:53:04.605Z host=eng-x12 service=gitlab-runner level=INFO user=mchen repo=evaluation event=fetch status=success job=46660 trace=fcddfa9da307ab
2026-07-16T12:54:03.952Z host=gpu-node-124 service=containerd level=INFO namespace=inference pod=model-eval-b9db78 event=probe_ok gpu_util=56
2026-07-16T12:56:01.574Z host=gpu-node-095 service=containerd level=INFO namespace=monitoring pod=checkpoint-b358f1 event=completed gpu_util=62
2026-07-16T12:58:21.072Z host=eng-x12 service=sshd level=INFO user=builder repo=evaluation event=fetch status=success job=45515 trace=b607c092199917
2026-07-16T12:59:05.655Z host=eng-x12 service=dockerd level=INFO user=sre repo=infra-charts event=session_close status=success job=45642 trace=f5cb4b544025d1
2026-07-16T12:59:30.237Z host=gpu-node-007 service=scheduler level=INFO namespace=monitoring pod=model-eval-b8c442 event=image_present gpu_util=15
2026-07-16T13:00:01.792Z host=eng-x12 service=dockerd level=INFO user=deploybot repo=api-gateway event=session_close status=success job=44095 trace=bad57c58c14e7f
2026-07-16T13:00:28.245Z host=gpu-node-128 service=containerd level=INFO namespace=training pod=model-eval-5299dd event=image_present gpu_util=21
2026-07-16T13:01:14.978Z host=eng-x12 service=gitlab-runner level=INFO user=deploybot repo=safety-filters event=push status=success job=42668 trace=c006c7bf52e5fd
2026-07-16T13:01:39.673Z host=eng-x12 service=dockerd level=INFO user=builder repo=infra-charts event=session_close status=success job=46443 trace=f68f1252948048
2026-07-16T13:02:11.156Z host=gpu-node-053 service=nvidia-dcgm level=INFO namespace=training pod=trainer-afadb4 event=probe_ok gpu_util=61
2026-07-16T13:04:32.219Z host=eng-x12 service=auditd level=INFO user=sre repo=safety-filters event=checkout status=success job=48584 trace=e2e63a255b1aeb
2026-07-16T13:06:41.310Z host=eng-x12 service=auditd level=INFO user=sre repo=safety-filters event=checkout status=success job=46171 trace=ade7990abb2aa2
2026-07-16T13:06:44.485Z host=eng-x12 service=auditd level=INFO user=deploybot repo=infra-charts event=push status=success job=46746 trace=3851d7c8a32c57
2026-07-16T13:06:45.725Z host=gpu-node-090 service=nvidia-dcgm level=INFO namespace=inference pod=checkpoint-bf7f3c event=image_present gpu_util=74
2026-07-16T13:08:09.630Z host=gpu-node-018 service=containerd level=INFO namespace=monitoring pod=node-exporter-51f837 event=image_present gpu_util=53
2026-07-16T13:09:21.974Z host=gpu-node-005 service=nvidia-dcgm level=INFO namespace=monitoring pod=model-eval-58d2ee event=image_present gpu_util=49
2026-07-16T13:10:24.204Z host=gpu-node-006 service=scheduler level=INFO namespace=monitoring pod=model-eval-54baa0 event=completed gpu_util=59
2026-07-16T13:10:48.507Z host=gpu-node-033 service=scheduler level=INFO namespace=training pod=model-eval-edb92d event=probe_ok gpu_util=8
2026-07-16T13:11:23.140Z host=eng-x12 service=dockerd level=INFO user=builder repo=safety-filters event=push status=success job=45445 trace=acc29b47f9709b
2026-07-16T13:13:52.828Z host=gpu-node-112 service=containerd level=INFO namespace=training pod=trainer-1cd71a event=started gpu_util=47
2026-07-16T13:13:53.481Z host=eng-x12 service=auditd level=INFO user=mchen repo=infra-charts event=checkout status=success job=46268 trace=a05a50160c1c25
2026-07-16T13:13:56.653Z host=eng-x12 service=sshd level=INFO user=sre repo=model-runtime event=fetch status=success job=41132 trace=f0dc3e9151f519
2026-07-16T13:14:18.993Z host=gpu-node-128 service=containerd level=INFO namespace=inference pod=model-eval-6c4aed event=completed gpu_util=2
2026-07-16T13:15:48.641Z host=gpu-node-125 service=scheduler level=INFO namespace=training pod=model-eval-b71d1f event=probe_ok gpu_util=73
2026-07-16T13:16:09.428Z host=gpu-node-114 service=scheduler level=INFO namespace=training pod=trainer-3f1a7e event=started gpu_util=61
2026-07-16T13:16:15.777Z host=eng-x12 service=sshd level=INFO user=sre repo=api-gateway event=push status=success job=41969 trace=baefad45fa70ec
2026-07-16T13:17:44.733Z host=gpu-node-080 service=scheduler level=INFO namespace=training pod=model-eval-895abb event=completed gpu_util=26
2026-07-16T13:19:15.721Z host=eng-x12 service=auditd level=INFO user=mchen repo=safety-filters event=fetch status=success job=43907 trace=39aebe7a6f85e9
2026-07-16T13:20:33.829Z host=gpu-node-025 service=containerd level=INFO namespace=inference pod=node-exporter-41af92 event=probe_ok gpu_util=95
2026-07-16T13:22:17.376Z host=gpu-node-105 service=containerd level=INFO namespace=inference pod=node-exporter-157d17 event=completed gpu_util=51
2026-07-16T13:24:15.513Z host=eng-x12 service=sshd level=INFO user=builder repo=safety-filters event=checkout status=success job=46139 trace=e3ab01d7f2006a
2026-07-16T13:24:25.790Z host=gpu-node-031 service=scheduler level=INFO namespace=training pod=model-eval-45c79f event=image_present gpu_util=97
2026-07-16T13:24:46.157Z host=gpu-node-076 service=kubelet level=INFO namespace=training pod=node-exporter-bba730 event=probe_ok gpu_util=97
2026-07-16T13:25:01.831Z host=gpu-node-057 service=scheduler level=INFO namespace=training pod=trainer-6838e1 event=image_present gpu_util=94
2026-07-16T13:25:44.647Z host=eng-x12 service=sshd level=INFO user=builder repo=api-gateway event=session_close status=success job=41814 trace=d76c92186c4296
2026-07-16T13:26:33.931Z host=gpu-node-006 service=nvidia-dcgm level=INFO namespace=monitoring pod=model-eval-3dff4c event=probe_ok gpu_util=86
2026-07-16T13:26:46.962Z host=gpu-node-126 service=nvidia-dcgm level=INFO namespace=monitoring pod=checkpoint-f64e40 event=started gpu_util=78
2026-07-16T13:27:10.617Z host=eng-x12 service=gitlab-runner level=INFO user=mchen repo=api-gateway event=session_close status=success job=48361 trace=78b268784e5ddc
2026-07-16T13:28:13.507Z host=eng-x12 service=gitlab-runner level=INFO user=builder repo=model-runtime event=fetch status=success job=41864 trace=bbc32a2da2d9e4
2026-07-16T13:29:02.644Z host=gpu-node-079 service=kubelet level=INFO namespace=monitoring pod=trainer-8de3be event=probe_ok gpu_util=82
2026-07-16T13:29:09.218Z host=gpu-node-111 service=kubelet level=INFO namespace=training pod=trainer-93b7c4 event=completed gpu_util=4
2026-07-16T13:29:17.660Z host=gpu-node-030 service=containerd level=INFO namespace=inference pod=model-eval-3cc0d8 event=completed gpu_util=21
2026-07-16T13:30:36.192Z host=gpu-node-061 service=kubelet level=INFO namespace=training pod=checkpoint-8da0da event=probe_ok gpu_util=54
2026-07-16T13:31:53.903Z host=gpu-node-085 service=nvidia-dcgm level=INFO namespace=training pod=node-exporter-ef3d89 event=started gpu_util=61
2026-07-16T13:32:41.364Z host=gpu-node-056 service=scheduler level=INFO namespace=inference pod=trainer-585fad event=probe_ok gpu_util=32
2026-07-16T13:33:59.219Z host=eng-x12 service=auditd level=INFO user=sre repo=safety-filters event=session_close status=success job=43821 trace=57082f22d53824
2026-07-16T13:34:14.469Z host=gpu-node-100 service=scheduler level=INFO namespace=inference pod=checkpoint-07adbb event=image_present gpu_util=45
2026-07-16T13:39:35.557Z host=gpu-node-088 service=containerd level=INFO namespace=inference pod=checkpoint-5d28aa event=started gpu_util=33
2026-07-16T13:40:34.383Z host=eng-x12 service=sshd level=INFO user=builder repo=api-gateway event=push status=success job=44282 trace=d725a62c57e4f1
2026-07-16T13:41:14.306Z host=gpu-node-080 service=scheduler level=INFO namespace=inference pod=checkpoint-4db2ae event=probe_ok gpu_util=45
2026-07-16T13:41:47.433Z host=eng-x12 service=auditd level=INFO user=sre repo=api-gateway event=session_close status=success job=48322 trace=019e96fa6b3880
2026-07-16T13:44:22.773Z host=eng-x12 service=dockerd level=INFO user=builder repo=safety-filters event=fetch status=success job=41824 trace=7ed5881cf5d19b
2026-07-16T13:44:47.246Z host=eng-x12 service=gitlab-runner level=INFO user=mchen repo=safety-filters event=session_close status=success job=44032 trace=03c6c5f84d69a8
2026-07-16T13:46:03.094Z host=eng-x12 service=gitlab-runner level=INFO user=sre repo=infra-charts event=build status=success job=44586 trace=1c817cc275541e
2026-07-16T13:47:23.199Z host=eng-x12 service=dockerd level=INFO user=builder repo=api-gateway event=fetch status=success job=43101 trace=5edcc0577258f7
2026-07-16T13:48:03.830Z host=eng-x12 service=gitlab-runner level=INFO user=builder repo=evaluation event=build status=success job=42651 trace=f5946b4806ac87
2026-07-16T13:48:56.384Z host=gpu-node-096 service=containerd level=INFO namespace=training pod=trainer-305707 event=image_present gpu_util=25
2026-07-16T13:51:01.837Z host=gpu-node-128 service=nvidia-dcgm level=INFO namespace=training pod=node-exporter-30db26 event=started gpu_util=45
2026-07-16T13:51:16.971Z host=eng-x12 service=sshd level=INFO user=builder repo=infra-charts event=fetch status=success job=44114 trace=aa0f0d8bb8edcd
2026-07-16T13:52:44.203Z host=eng-x12 service=auditd level=INFO user=deploybot repo=infra-charts event=session_close status=success job=42517 trace=56febe35a89ef8
2026-07-16T13:52:56.278Z host=gpu-node-021 service=scheduler level=INFO namespace=training pod=checkpoint-8418a9 event=probe_ok gpu_util=49
2026-07-16T13:55:25.072Z host=eng-x12 service=sshd level=INFO user=sre repo=evaluation event=fetch status=success job=47494 trace=9d5f742bd7d378
2026-07-16T13:56:38.333Z host=gpu-node-030 service=kubelet level=INFO namespace=inference pod=node-exporter-680f93 event=started gpu_util=41
2026-07-16T13:57:45.202Z host=eng-x12 service=gitlab-runner level=INFO user=builder repo=safety-filters event=fetch status=success job=43331 trace=3c753bcc6ff5c7
2026-07-16T13:57:51.514Z host=eng-x12 service=sshd level=INFO user=deploybot repo=infra-charts event=session_close status=success job=45644 trace=d2dd3561c1268e
2026-07-16T13:59:02.212Z host=eng-x12 service=dockerd level=INFO user=mchen repo=infra-charts event=push status=success job=47694 trace=1b372c872ed01a
2026-07-16T13:59:24.671Z host=gpu-node-031 service=nvidia-dcgm level=INFO namespace=training pod=model-eval-2d6c58 event=image_present gpu_util=0
2026-07-16T13:59:33.731Z host=eng-x12 service=dockerd level=INFO user=deploybot repo=model-runtime event=build status=success job=45414 trace=90a998a7ecef93
2026-07-16T14:00:21.330Z host=gpu-node-051 service=kubelet level=INFO namespace=training pod=node-exporter-d3be84 event=probe_ok gpu_util=35
2026-07-16T14:00:34.481Z host=gpu-node-074 service=containerd level=INFO namespace=training pod=model-eval-930ad7 event=started gpu_util=27
2026-07-16T14:01:02.773Z host=gpu-node-081 service=containerd level=INFO namespace=monitoring pod=model-eval-4903a0 event=image_present gpu_util=6
2026-07-16T14:01:47.943Z host=eng-x12 service=dockerd level=INFO user=sre repo=safety-filters event=session_close status=success job=46786 trace=07d9189ea65a9c
2026-07-16T14:01:54.388Z host=gpu-node-015 service=kubelet level=INFO namespace=inference pod=model-eval-5f12a1 event=probe_ok gpu_util=18
2026-07-16T14:03:15.368Z host=gpu-node-033 service=nvidia-dcgm level=INFO namespace=monitoring pod=trainer-835bc0 event=image_present gpu_util=17
2026-07-16T14:07:46.013Z host=gpu-node-030 service=nvidia-dcgm level=INFO namespace=training pod=model-eval-62f29b event=image_present gpu_util=77
2026-07-16T14:09:58.750Z host=gpu-node-088 service=scheduler level=INFO namespace=inference pod=node-exporter-5b1941 event=image_present gpu_util=9
2026-07-16T14:12:21.373Z host=gpu-node-101 service=containerd level=INFO namespace=monitoring pod=checkpoint-4376c8 event=started gpu_util=28
2026-07-16T14:12:30.207Z host=gpu-node-125 service=kubelet level=INFO namespace=training pod=checkpoint-3bc870 event=completed gpu_util=26
2026-07-16T14:14:17.844Z host=eng-x12 service=gitlab-runner level=INFO user=deploybot repo=api-gateway event=checkout status=success job=47733 trace=95196f87505698
2026-07-16T14:15:36.819Z host=eng-x12 service=auditd level=INFO user=builder repo=safety-filters event=push status=success job=42734 trace=0c34733bb74352
2026-07-16T14:17:16.819Z host=eng-x12 service=auditd level=INFO user=sre repo=evaluation event=fetch status=success job=44217 trace=ed0d32fd1188f7
2026-07-16T14:18:04.908Z host=gpu-node-048 service=containerd level=INFO namespace=inference pod=trainer-772ad3 event=completed gpu_util=98
2026-07-16T14:19:01.706Z host=eng-x12 service=auditd level=INFO user=deploybot repo=model-runtime event=session_close status=success job=45582 trace=292a66ca09c28f
2026-07-16T14:21:43.240Z host=gpu-node-084 service=kubelet level=INFO namespace=inference pod=model-eval-3c09a5 event=image_present gpu_util=78
2026-07-16T14:22:02.458Z host=gpu-node-117 service=nvidia-dcgm level=INFO namespace=inference pod=model-eval-8cefd0 event=probe_ok gpu_util=12
2026-07-16T14:23:08.100Z host=gpu-node-115 service=kubelet level=INFO namespace=training pod=model-eval-ed481a event=started gpu_util=42
2026-07-16T14:24:04.751Z host=eng-x12 service=auditd level=INFO user=deploybot repo=safety-filters event=session_close status=success job=48610 trace=9eb91bb27328d8
2026-07-16T14:24:48.263Z host=eng-x12 service=auditd level=INFO user=builder repo=evaluation event=fetch status=success job=43328 trace=f5a6460a97e7f9
2026-07-16T14:28:02.294Z host=gpu-node-042 service=nvidia-dcgm level=INFO namespace=training pod=trainer-c9d417 event=probe_ok gpu_util=77
2026-07-16T14:29:08.503Z host=eng-x12 service=gitlab-runner level=INFO user=deploybot repo=evaluation event=session_close status=success job=46189 trace=2d7c8b83417377
2026-07-16T14:29:28.958Z host=eng-x12 service=dockerd level=INFO user=deploybot repo=evaluation event=fetch status=success job=41360 trace=0a8f78b79631e6
2026-07-16T14:32:41.033Z host=gpu-node-055 service=scheduler level=INFO namespace=inference pod=node-exporter-acc67c event=image_present gpu_util=17
2026-07-16T14:33:04.758Z host=gpu-node-082 service=nvidia-dcgm level=INFO namespace=monitoring pod=model-eval-023297 event=image_present gpu_util=60
2026-07-16T14:34:47.821Z host=eng-x12 service=dockerd level=INFO user=builder repo=model-runtime event=checkout status=success job=42175 trace=0a02ac8e0aa4ce
2026-07-16T14:35:00.183Z host=eng-x12 service=auditd level=INFO user=deploybot repo=infra-charts event=session_close status=success job=41912 trace=c53015670d5c6d
2026-07-16T14:35:49.923Z host=gpu-node-116 service=containerd level=INFO namespace=monitoring pod=model-eval-53d2e7 event=probe_ok gpu_util=66
2026-07-16T14:35:57.792Z host=eng-x12 service=auditd level=INFO user=sre repo=model-runtime event=session_close status=success job=47727 trace=eb572918d916ed
2026-07-16T14:36:36.686Z host=gpu-node-062 service=scheduler level=INFO namespace=monitoring pod=node-exporter-d2b05a event=probe_ok gpu_util=31
2026-07-16T14:36:41.921Z host=gpu-node-082 service=nvidia-dcgm level=INFO namespace=monitoring pod=trainer-9439b0 event=completed gpu_util=6
2026-07-16T14:40:34.072Z host=eng-x12 service=gitlab-runner level=INFO user=sre repo=model-runtime event=push status=success job=45703 trace=cfa849d34cfd22
2026-07-16T14:43:16.978Z host=eng-x12 service=gitlab-runner level=INFO user=deploybot repo=safety-filters event=session_close status=success job=43317 trace=a36de45f07e34e
2026-07-16T14:45:00.807Z host=gpu-node-012 service=kubelet level=INFO namespace=monitoring pod=trainer-262700 event=image_present gpu_util=21
2026-07-16T14:45:57.784Z host=eng-x12 service=dockerd level=INFO user=mchen repo=evaluation event=checkout status=success job=48656 trace=aa3beab85b6e25
2026-07-16T14:46:09.249Z host=eng-x12 service=auditd level=INFO user=sre repo=api-gateway event=fetch status=success job=44422 trace=ce1418c183d300
2026-07-16T14:46:30.954Z host=gpu-node-020 service=containerd level=INFO namespace=training pod=model-eval-a5ad48 event=probe_ok gpu_util=98
2026-07-16T14:48:16.624Z host=eng-x12 service=dockerd level=INFO user=sre repo=safety-filters event=fetch status=success job=42841 trace=7b8563b81e8e59
2026-07-16T14:48:31.106Z host=gpu-node-001 service=scheduler level=INFO namespace=inference pod=node-exporter-66d03b event=image_present gpu_util=86
2026-07-16T14:51:00.157Z host=gpu-node-095 service=containerd level=INFO namespace=inference pod=model-eval-3320e9 event=image_present gpu_util=49
2026-07-16T14:51:29.019Z host=gpu-node-070 service=containerd level=INFO namespace=monitoring pod=trainer-41f183 event=image_present gpu_util=69
2026-07-16T14:52:22.824Z host=eng-x12 service=gitlab-runner level=INFO user=builder repo=model-runtime event=build status=success job=44071 trace=e6dc382a0ed3be
2026-07-16T14:54:02.819Z host=eng-x12 service=dockerd level=INFO user=sre repo=evaluation event=checkout status=success job=41762 trace=53bd390745738d
2026-07-16T14:55:00.744Z host=gpu-node-005 service=containerd level=INFO namespace=monitoring pod=trainer-623552 event=image_present gpu_util=19
2026-07-16T14:57:03.779Z host=gpu-node-072 service=scheduler level=INFO namespace=training pod=model-eval-c1646a event=completed gpu_util=35
2026-07-16T14:57:04.666Z host=eng-x12 service=auditd level=INFO user=builder repo=safety-filters event=fetch status=success job=44563 trace=8e025e33e20132
2026-07-16T14:57:44.989Z host=eng-x12 service=gitlab-runner level=INFO user=mchen repo=api-gateway event=fetch status=success job=48848 trace=9347ec0919165b
2026-07-16T14:58:23.825Z host=gpu-node-097 service=containerd level=INFO namespace=inference pod=node-exporter-3a9266 event=completed gpu_util=52
2026-07-16T14:59:32.008Z host=gpu-node-003 service=scheduler level=INFO namespace=monitoring pod=model-eval-802dd5 event=image_present gpu_util=20
2026-07-16T15:00:45.760Z host=eng-x12 service=dockerd level=INFO user=builder repo=model-runtime event=build status=success job=46213 trace=62e812448e92ff
2026-07-16T15:00:48.229Z host=gpu-node-126 service=containerd level=INFO namespace=training pod=checkpoint-3c6272 event=image_present gpu_util=50
2026-07-16T15:01:44.103Z host=gpu-node-023 service=nvidia-dcgm level=INFO namespace=inference pod=checkpoint-45c20e event=completed gpu_util=2
2026-07-16T15:03:27.118Z host=gpu-node-001 service=nvidia-dcgm level=INFO namespace=inference pod=node-exporter-f6bdb2 event=completed gpu_util=45
2026-07-16T15:03:33.584Z host=gpu-node-001 service=nvidia-dcgm level=INFO namespace=monitoring pod=trainer-e3f63f event=started gpu_util=97
2026-07-16T15:05:53.181Z host=gpu-node-089 service=scheduler level=INFO namespace=inference pod=node-exporter-10ff1f event=probe_ok gpu_util=81
2026-07-16T15:06:33.392Z host=gpu-node-083 service=containerd level=INFO namespace=training pod=checkpoint-195ab3 event=image_present gpu_util=5
2026-07-16T15:07:39.303Z host=gpu-node-068 service=nvidia-dcgm level=INFO namespace=training pod=node-exporter-82e708 event=probe_ok gpu_util=56
2026-07-16T15:10:48.160Z host=eng-x12 service=dockerd level=INFO user=deploybot repo=infra-charts event=push status=success job=42135 trace=8dd67f1ce9939b
2026-07-16T15:11:06.768Z host=eng-x12 service=sshd level=INFO user=builder repo=api-gateway event=checkout status=success job=47427 trace=49eb9ec728ae5d
2026-07-16T15:11:21.479Z host=gpu-node-044 service=containerd level=INFO namespace=training pod=checkpoint-3a92e5 event=started gpu_util=83
2026-07-16T15:11:56.682Z host=eng-x12 service=auditd level=INFO user=sre repo=evaluation event=build status=success job=47439 trace=144c8a78b4055f
2026-07-16T15:12:41.508Z host=gpu-node-119 service=kubelet level=INFO namespace=monitoring pod=checkpoint-96716f event=image_present gpu_util=76
2026-07-16T15:15:22.471Z host=gpu-node-074 service=scheduler level=INFO namespace=training pod=model-eval-7d4263 event=image_present gpu_util=59
2026-07-16T15:16:46.816Z host=eng-x12 service=gitlab-runner level=INFO user=sre repo=evaluation event=checkout status=success job=41512 trace=fb65a34d4b3b32
2026-07-16T15:16:49.084Z host=gpu-node-077 service=scheduler level=INFO namespace=training pod=model-eval-0cb00b event=completed gpu_util=43
2026-07-16T15:16:55.569Z host=gpu-node-079 service=kubelet level=INFO namespace=training pod=checkpoint-e92240 event=image_present gpu_util=46
2026-07-16T15:16:56.703Z host=gpu-node-056 service=scheduler level=INFO namespace=monitoring pod=trainer-79dbba event=completed gpu_util=72
2026-07-16T15:17:38.598Z host=gpu-node-048 service=containerd level=INFO namespace=inference pod=node-exporter-089946 event=started gpu_util=89
2026-07-16T15:21:34.062Z host=gpu-node-046 service=containerd level=INFO namespace=training pod=trainer-03bda0 event=image_present gpu_util=19
2026-07-16T15:21:38.865Z host=gpu-node-018 service=nvidia-dcgm level=INFO namespace=monitoring pod=checkpoint-8f476a event=image_present gpu_util=26
2026-07-16T15:22:02.451Z host=gpu-node-127 service=containerd level=INFO namespace=inference pod=trainer-fa5df6 event=image_present gpu_util=65
2026-07-16T15:23:39.133Z host=gpu-node-127 service=containerd level=INFO namespace=inference pod=node-exporter-439bab event=completed gpu_util=51
2026-07-16T15:26:30.867Z host=gpu-node-004 service=kubelet level=INFO namespace=training pod=model-eval-387255 event=probe_ok gpu_util=99
2026-07-16T15:28:45.735Z host=eng-x12 service=auditd level=INFO user=mchen repo=safety-filters event=push status=success job=44531 trace=d2af2aa40310b8
2026-07-16T15:31:15.701Z host=eng-x12 service=sshd level=INFO user=deploybot repo=api-gateway event=build status=success job=45022 trace=611392f4a474f8
2026-07-16T15:35:30.971Z host=gpu-node-010 service=nvidia-dcgm level=INFO namespace=monitoring pod=node-exporter-04bd2e event=completed gpu_util=70
2026-07-16T15:38:37.311Z host=gpu-node-020 service=scheduler level=INFO namespace=inference pod=trainer-5ded3c event=probe_ok gpu_util=73
2026-07-16T15:39:50.994Z host=gpu-node-109 service=containerd level=INFO namespace=inference pod=model-eval-f910fd event=completed gpu_util=16
2026-07-16T15:39:57.013Z host=eng-x12 service=dockerd level=INFO user=builder repo=api-gateway event=push status=success job=44048 trace=c7fbfa88bf864b
2026-07-16T15:41:06.190Z host=eng-x12 service=dockerd level=INFO user=sre repo=safety-filters event=session_close status=success job=41189 trace=85516a201fea35
2026-07-16T15:43:21.175Z host=gpu-node-099 service=nvidia-dcgm level=INFO namespace=inference pod=node-exporter-81e828 event=started gpu_util=87
2026-07-16T15:44:20.274Z host=eng-x12 service=sshd level=INFO user=mchen repo=api-gateway event=fetch status=success job=44386 trace=8ebfb21589c92a
2026-07-16T15:45:06.383Z host=gpu-node-069 service=containerd level=INFO namespace=monitoring pod=checkpoint-fa4640 event=image_present gpu_util=46
2026-07-16T15:45:18.357Z host=gpu-node-012 service=kubelet level=INFO namespace=inference pod=node-exporter-3524eb event=started gpu_util=59
2026-07-16T15:45:42.577Z host=eng-x12 service=auditd level=INFO user=builder repo=safety-filters event=push status=success job=42878 trace=45cfe0735f5fcc
2026-07-16T15:46:46.833Z host=gpu-node-125 service=kubelet level=INFO namespace=inference pod=trainer-383983 event=image_present gpu_util=13
2026-07-16T15:48:26.318Z host=gpu-node-008 service=scheduler level=INFO namespace=training pod=node-exporter-79ff03 event=completed gpu_util=18
2026-07-16T15:48:49.357Z host=eng-x12 service=dockerd level=INFO user=mchen repo=safety-filters event=checkout status=success job=47215 trace=5459160c9a036a
2026-07-16T15:51:06.515Z host=gpu-node-052 service=containerd level=INFO namespace=training pod=checkpoint-33471a event=image_present gpu_util=45
2026-07-16T15:53:26.039Z host=gpu-node-113 service=containerd level=INFO namespace=training pod=model-eval-3a846a event=image_present gpu_util=55
2026-07-16T15:54:08.544Z host=gpu-node-044 service=scheduler level=INFO namespace=training pod=trainer-5906c2 event=image_present gpu_util=43
2026-07-16T15:54:13.870Z host=gpu-node-113 service=scheduler level=INFO namespace=inference pod=model-eval-c02591 event=probe_ok gpu_util=64
2026-07-16T15:54:20.267Z host=eng-x12 service=gitlab-runner level=INFO user=builder repo=model-runtime event=fetch status=success job=43997 trace=3ee05ac401b9be
2026-07-16T15:55:32.325Z host=gpu-node-073 service=containerd level=INFO namespace=monitoring pod=trainer-ac0000 event=probe_ok gpu_util=88
2026-07-16T15:55:43.126Z host=eng-x12 service=sshd level=INFO user=sre repo=infra-charts event=build status=success job=46716 trace=ebf1bdc9f0a63e
2026-07-16T15:56:56.501Z host=gpu-node-008 service=nvidia-dcgm level=INFO namespace=monitoring pod=model-eval-2bb229 event=completed gpu_util=74
2026-07-16T15:57:11.615Z host=gpu-node-013 service=nvidia-dcgm level=INFO namespace=training pod=model-eval-e0da2e event=started gpu_util=4
2026-07-16T15:58:00.353Z host=gpu-node-009 service=scheduler level=INFO namespace=monitoring pod=checkpoint-394167 event=completed gpu_util=66
2026-07-16T15:58:03.032Z host=gpu-node-090 service=containerd level=INFO namespace=inference pod=node-exporter-c8e946 event=completed gpu_util=97
2026-07-16T15:58:29.759Z host=gpu-node-043 service=kubelet level=INFO namespace=training pod=trainer-ef1959 event=started gpu_util=32
2026-07-16T15:58:45.663Z host=eng-x12 service=sshd level=INFO user=mchen repo=safety-filters event=checkout status=success job=48139 trace=44bee634077d33
2026-07-16T16:00:12.918Z host=eng-x12 service=sshd level=INFO user=deploybot repo=evaluation event=session_close status=success job=48622 trace=69273ab7c2251f
2026-07-16T16:01:04.514Z host=eng-x12 service=dockerd level=INFO user=mchen repo=model-runtime event=session_close status=success job=45944 trace=5cc7b30bc6afc6
2026-07-16T16:01:49.192Z host=gpu-node-044 service=scheduler level=INFO namespace=training pod=checkpoint-f4e9e0 event=image_present gpu_util=0
2026-07-16T16:01:52.560Z host=eng-x12 service=auditd level=INFO user=sre repo=safety-filters event=push status=success job=41588 trace=3187163689cb85
2026-07-16T16:02:29.047Z host=eng-x12 service=auditd level=INFO user=mchen repo=infra-charts event=fetch status=success job=47719 trace=c63cd97b0a2758
2026-07-16T16:02:31.800Z host=gpu-node-098 service=scheduler level=INFO namespace=training pod=model-eval-e2253b event=probe_ok gpu_util=28
2026-07-16T16:03:15.896Z host=gpu-node-019 service=kubelet level=INFO namespace=inference pod=checkpoint-1b83fa event=completed gpu_util=3
2026-07-16T16:04:14.972Z host=gpu-node-081 service=containerd level=INFO namespace=monitoring pod=node-exporter-57ce42 event=started gpu_util=85
2026-07-16T16:04:21.861Z host=gpu-node-087 service=containerd level=INFO namespace=monitoring pod=node-exporter-f2f079 event=probe_ok gpu_util=3
2026-07-16T16:04:36.642Z host=gpu-node-059 service=nvidia-dcgm level=INFO namespace=training pod=trainer-c2720c event=image_present gpu_util=41
2026-07-16T16:05:46.426Z host=gpu-node-091 service=nvidia-dcgm level=INFO namespace=monitoring pod=node-exporter-b47b0a event=completed gpu_util=3
2026-07-16T16:07:14.757Z host=gpu-node-117 service=scheduler level=INFO namespace=training pod=node-exporter-feb3df event=image_present gpu_util=75
2026-07-16T16:07:30.874Z host=gpu-node-011 service=nvidia-dcgm level=INFO namespace=training pod=checkpoint-f62f92 event=probe_ok gpu_util=69
2026-07-16T16:08:05.348Z host=gpu-node-113 service=nvidia-dcgm level=INFO namespace=training pod=trainer-b2010b event=started gpu_util=26
2026-07-16T16:08:48.843Z host=eng-x12 service=dockerd level=INFO user=deploybot repo=safety-filters event=checkout status=success job=44060 trace=2b3272c3c9b904
2026-07-16T16:09:22.960Z host=eng-x12 service=sshd level=INFO user=deploybot repo=evaluation event=fetch status=success job=41861 trace=8f32b8f872dea0
2026-07-16T16:10:03.267Z host=gpu-node-109 service=scheduler level=INFO namespace=training pod=model-eval-0b198e event=image_present gpu_util=84
2026-07-16T16:12:42.505Z host=gpu-node-064 service=kubelet level=INFO namespace=training pod=trainer-d28abc event=completed gpu_util=89
2026-07-16T16:12:48.687Z host=eng-x12 service=gitlab-runner level=INFO user=sre repo=infra-charts event=checkout status=success job=42591 trace=f138127b44ac90
2026-07-16T16:16:07.000Z host=gpu-node-052 service=kubelet level=INFO namespace=training pod=trainer-225489 event=completed gpu_util=57
2026-07-16T16:16:07.434Z host=gpu-node-022 service=containerd level=INFO namespace=monitoring pod=trainer-fa3c67 event=probe_ok gpu_util=28
2026-07-16T16:18:37.260Z host=gpu-node-119 service=kubelet level=INFO namespace=monitoring pod=node-exporter-73f919 event=image_present gpu_util=7
2026-07-16T16:19:48.694Z host=eng-x12 service=gitlab-runner level=INFO user=deploybot repo=model-runtime event=session_close status=success job=44142 trace=4b12c7d810b5e1
2026-07-16T16:22:05.878Z host=eng-x12 service=gitlab-runner level=INFO user=sre repo=infra-charts event=build status=success job=45408 trace=0c701bf8693691
2026-07-16T16:22:36.451Z host=eng-x12 service=sshd level=INFO user=deploybot repo=evaluation event=fetch status=success job=43933 trace=16dac5a47576ea
2026-07-16T16:22:42.229Z host=gpu-node-050 service=containerd level=INFO namespace=training pod=node-exporter-ee9c45 event=started gpu_util=57
2026-07-16T16:24:01.458Z host=gpu-node-100 service=nvidia-dcgm level=INFO namespace=training pod=node-exporter-66ff3d event=started gpu_util=75
2026-07-16T16:24:37.434Z host=gpu-node-089 service=nvidia-dcgm level=INFO namespace=inference pod=checkpoint-3b2eaf event=probe_ok gpu_util=74
2026-07-16T16:26:12.723Z host=eng-x12 service=dockerd level=INFO user=deploybot repo=api-gateway event=build status=success job=47564 trace=712b38a8d83d84
2026-07-16T16:28:25.874Z host=eng-x12 service=auditd level=INFO user=deploybot repo=api-gateway event=session_close status=success job=45288 trace=c38704a6c39225
2026-07-16T16:28:58.769Z host=eng-x12 service=auditd level=INFO user=sre repo=model-runtime event=push status=success job=45812 trace=692334b9b45f5d
2026-07-16T16:30:54.348Z host=gpu-node-073 service=scheduler level=INFO namespace=inference pod=trainer-f1aacf event=completed gpu_util=43
2026-07-16T16:31:25.789Z host=eng-x12 service=gitlab-runner level=INFO user=deploybot repo=evaluation event=session_close status=success job=48839 trace=07452c28659df7
2026-07-16T16:32:40.016Z host=gpu-node-100 service=kubelet level=INFO namespace=inference pod=trainer-0c503c event=image_present gpu_util=21
2026-07-16T16:33:29.229Z host=eng-x12 service=auditd level=INFO user=builder repo=safety-filters event=build status=success job=46144 trace=7d61f1bb332478
2026-07-16T16:34:12.602Z host=gpu-node-101 service=kubelet level=INFO namespace=training pod=checkpoint-70cd77 event=probe_ok gpu_util=24
2026-07-16T16:36:20.281Z host=gpu-node-039 service=kubelet level=INFO namespace=training pod=model-eval-32a098 event=probe_ok gpu_util=82
2026-07-16T16:36:43.436Z host=eng-x12 service=auditd level=INFO user=mchen repo=safety-filters event=fetch status=success job=47271 trace=3a2924e35c5abc
2026-07-16T16:37:06.785Z host=eng-x12 service=sshd level=INFO user=deploybot repo=evaluation event=checkout status=success job=44548 trace=489532b4c822af
2026-07-16T16:37:32.645Z host=gpu-node-038 service=containerd level=INFO namespace=training pod=node-exporter-0c83ec event=started gpu_util=49
2026-07-16T16:37:36.389Z host=eng-x12 service=dockerd level=INFO user=builder repo=infra-charts event=fetch status=success job=48520 trace=b9f273bd49d452
2026-07-16T16:38:28.612Z host=gpu-node-026 service=nvidia-dcgm level=INFO namespace=inference pod=model-eval-dec796 event=completed gpu_util=28
2026-07-16T16:38:48.827Z host=eng-x12 service=dockerd level=INFO user=mchen repo=api-gateway event=push status=success job=43652 trace=5876d2e55ab72c
2026-07-16T16:39:59.525Z host=eng-x12 service=auditd level=INFO user=sre repo=infra-charts event=build status=success job=45171 trace=62ce3f155a1a6c
2026-07-16T16:46:39.401Z host=eng-x12 service=dockerd level=INFO user=mchen repo=api-gateway event=session_close status=success job=44108 trace=9c8eddc32398cc
2026-07-16T16:47:06.272Z host=eng-x12 service=sshd level=INFO user=deploybot repo=api-gateway event=build status=success job=44795 trace=f7921ab581c1a0
2026-07-16T16:48:32.575Z host=gpu-node-085 service=kubelet level=INFO namespace=training pod=model-eval-a18840 event=completed gpu_util=28
2026-07-16T16:48:33.349Z host=gpu-node-082 service=containerd level=INFO namespace=training pod=trainer-9254e6 event=completed gpu_util=20
2026-07-16T16:50:06.486Z host=gpu-node-017 service=containerd level=INFO namespace=monitoring pod=node-exporter-1d3c76 event=probe_ok gpu_util=76
2026-07-16T16:50:14.399Z host=eng-x12 service=dockerd level=INFO user=mchen repo=evaluation event=checkout status=success job=43697 trace=653721f27ed510
2026-07-16T16:51:04.424Z host=gpu-node-104 service=scheduler level=INFO namespace=monitoring pod=checkpoint-0e1b70 event=image_present gpu_util=4
2026-07-16T16:52:37.979Z host=eng-x12 service=sshd level=INFO user=mchen repo=api-gateway event=build status=success job=41369 trace=5b236beeddbfcd
2026-07-16T16:55:52.648Z host=eng-x12 service=dockerd level=INFO user=mchen repo=evaluation event=checkout status=success job=42042 trace=309c1cd9e28345
2026-07-16T16:56:39.820Z host=gpu-node-063 service=containerd level=INFO namespace=training pod=checkpoint-413e06 event=image_present gpu_util=31
2026-07-16T16:56:58.826Z host=gpu-node-067 service=scheduler level=INFO namespace=training pod=model-eval-0ff78e event=image_present gpu_util=29
2026-07-16T16:59:48.206Z host=eng-x12 service=dockerd level=INFO user=sre repo=safety-filters event=checkout status=success job=41497 trace=a796d09926b005
2026-07-16T17:01:37.684Z host=gpu-node-107 service=nvidia-dcgm level=INFO namespace=training pod=trainer-731c7b event=completed gpu_util=2
2026-07-16T17:02:34.040Z host=eng-x12 service=gitlab-runner level=INFO user=builder repo=infra-charts event=push status=success job=48489 trace=c0b68554cd7275
2026-07-16T17:02:51.031Z host=gpu-node-126 service=kubelet level=INFO namespace=training pod=checkpoint-5c3d17 event=image_present gpu_util=57
2026-07-16T17:03:36.919Z host=eng-x12 service=gitlab-runner level=INFO user=mchen repo=model-runtime event=session_close status=success job=41290 trace=a85d93de13b929
2026-07-16T17:04:06.885Z host=gpu-node-126 service=containerd level=INFO namespace=inference pod=node-exporter-0912db event=completed gpu_util=3
2026-07-16T17:04:18.545Z host=eng-x12 service=auditd level=INFO user=sre repo=evaluation event=checkout status=success job=41222 trace=dd3e0912d6dd35
2026-07-16T17:05:43.083Z host=gpu-node-109 service=scheduler level=INFO namespace=monitoring pod=node-exporter-9e7fef event=completed gpu_util=84
2026-07-16T17:06:08.548Z host=gpu-node-081 service=containerd level=INFO namespace=inference pod=node-exporter-8ba814 event=probe_ok gpu_util=49
2026-07-16T17:06:19.621Z host=eng-x12 service=dockerd level=INFO user=builder repo=api-gateway event=fetch status=success job=44364 trace=7e130f3f523f52
2026-07-16T17:07:25.452Z host=gpu-node-001 service=scheduler level=INFO namespace=training pod=trainer-a3ad47 event=image_present gpu_util=8
2026-07-16T17:08:03.232Z host=eng-x12 service=auditd level=INFO user=builder repo=api-gateway event=session_close status=success job=43496 trace=e4332624418f59
2026-07-16T17:09:30.538Z host=gpu-node-122 service=kubelet level=INFO namespace=inference pod=checkpoint-a43935 event=completed gpu_util=11
2026-07-16T17:11:07.027Z host=eng-x12 service=gitlab-runner level=INFO user=sre repo=api-gateway event=session_close status=success job=44472 trace=b60404b276256a
2026-07-16T17:14:29.606Z host=gpu-node-124 service=nvidia-dcgm level=INFO namespace=training pod=node-exporter-a76760 event=probe_ok gpu_util=30
2026-07-16T17:14:42.018Z host=eng-x12 service=dockerd level=INFO user=builder repo=evaluation event=checkout status=success job=45727 trace=7d50f8e8e7ef83
2026-07-16T17:15:50.759Z host=gpu-node-080 service=scheduler level=INFO namespace=inference pod=checkpoint-ad9630 event=image_present gpu_util=5
2026-07-16T17:16:01.349Z host=eng-x12 service=auditd level=INFO user=builder repo=infra-charts event=checkout status=success job=44622 trace=bd306d35565fd3
2026-07-16T17:17:04.377Z host=eng-x12 service=gitlab-runner level=INFO user=sre repo=api-gateway event=push status=success job=46392 trace=73483a2b9d3ade
2026-07-16T17:18:27.310Z host=eng-x12 service=sshd level=INFO user=sre repo=safety-filters event=checkout status=success job=42630 trace=5f81d2118498d8
2026-07-16T17:19:26.953Z host=gpu-node-085 service=kubelet level=INFO namespace=training pod=node-exporter-c0940f event=started gpu_util=90
2026-07-16T17:19:48.059Z host=gpu-node-115 service=nvidia-dcgm level=INFO namespace=training pod=checkpoint-fa1c30 event=started gpu_util=69
2026-07-16T17:21:42.372Z host=eng-x12 service=auditd level=INFO user=deploybot repo=api-gateway event=build status=success job=47883 trace=40e0de7d322371
2026-07-16T17:23:03.830Z host=eng-x12 service=gitlab-runner level=INFO user=mchen repo=infra-charts event=checkout status=success job=48458 trace=9a76e944d421e9
2026-07-16T17:24:34.764Z host=eng-x12 service=auditd level=INFO user=deploybot repo=model-runtime event=session_close status=success job=42925 trace=3526ee64a63ccf
2026-07-16T17:30:48.924Z host=gpu-node-058 service=scheduler level=INFO namespace=monitoring pod=node-exporter-784b8b event=started gpu_util=43
2026-07-16T17:32:14.438Z host=gpu-node-079 service=scheduler level=INFO namespace=inference pod=trainer-480841 event=started gpu_util=26
2026-07-16T17:32:44.826Z host=eng-x12 service=dockerd level=INFO user=sre repo=safety-filters event=push status=success job=48092 trace=54447c6dbf3e57
2026-07-16T17:33:22.910Z host=eng-x12 service=sshd level=INFO user=builder repo=model-runtime event=checkout status=success job=42303 trace=0953c000c3ca57
2026-07-16T17:37:00.049Z host=gpu-node-065 service=nvidia-dcgm level=INFO namespace=training pod=trainer-555334 event=completed gpu_util=80
2026-07-16T17:37:54.603Z host=eng-x12 service=gitlab-runner level=INFO user=deploybot repo=model-runtime event=build status=success job=48109 trace=ee4df951333560
2026-07-16T17:37:56.276Z host=gpu-node-014 service=scheduler level=INFO namespace=monitoring pod=trainer-62cb5f event=completed gpu_util=61
2026-07-16T17:38:27.169Z host=gpu-node-124 service=nvidia-dcgm level=INFO namespace=inference pod=trainer-aa7daa event=completed gpu_util=72
2026-07-16T17:39:30.754Z host=gpu-node-085 service=scheduler level=INFO namespace=training pod=node-exporter-49d499 event=completed gpu_util=50
2026-07-16T17:40:12.236Z host=gpu-node-029 service=nvidia-dcgm level=INFO namespace=inference pod=model-eval-8a4ac5 event=completed gpu_util=71
2026-07-16T17:44:25.252Z host=gpu-node-023 service=scheduler level=INFO namespace=inference pod=model-eval-966cd7 event=started gpu_util=48
2026-07-16T17:44:35.707Z host=eng-x12 service=dockerd level=INFO user=sre repo=api-gateway event=push status=success job=45044 trace=b3caba1e4046c4
2026-07-16T17:45:32.214Z host=gpu-node-029 service=scheduler level=INFO namespace=training pod=node-exporter-cd869f event=started gpu_util=81
2026-07-16T17:45:58.280Z host=gpu-node-085 service=containerd level=INFO namespace=training pod=node-exporter-28e9f1 event=started gpu_util=73
2026-07-16T17:48:40.998Z host=gpu-node-104 service=scheduler level=INFO namespace=training pod=model-eval-845768 event=started gpu_util=8
2026-07-16T17:49:14.943Z host=eng-x12 service=auditd level=INFO user=sre repo=infra-charts event=push status=success job=44124 trace=c98cd63eb1d89c
2026-07-16T17:49:28.755Z host=gpu-node-094 service=kubelet level=INFO namespace=monitoring pod=trainer-88306a event=image_present gpu_util=3
2026-07-16T17:49:57.778Z host=gpu-node-097 service=kubelet level=INFO namespace=inference pod=checkpoint-655214 event=started gpu_util=22
2026-07-16T17:50:09.391Z host=eng-x12 service=dockerd level=INFO user=deploybot repo=model-runtime event=session_close status=success job=48347 trace=4a15a44d06cbe9
2026-07-16T17:50:37.545Z host=gpu-node-058 service=containerd level=INFO namespace=training pod=node-exporter-8d4ed8 event=started gpu_util=7
2026-07-16T17:52:06.234Z host=eng-x12 service=sshd level=INFO user=sre repo=model-runtime event=push status=success job=45213 trace=b9a7d7c8636740
2026-07-16T17:52:55.319Z host=gpu-node-126 service=nvidia-dcgm level=INFO namespace=training pod=model-eval-5de6c9 event=completed gpu_util=62
2026-07-16T17:53:30.791Z host=eng-x12 service=auditd level=INFO user=sre repo=api-gateway event=fetch status=success job=47777 trace=570a10dcb9af60
2026-07-16T17:55:03.885Z host=eng-x12 service=auditd level=INFO user=sre repo=safety-filters event=fetch status=success job=41349 trace=d2937ddda4000c
2026-07-16T17:56:44.786Z host=gpu-node-081 service=kubelet level=INFO namespace=monitoring pod=checkpoint-03d1e9 event=probe_ok gpu_util=32
2026-07-16T17:57:49.615Z host=gpu-node-062 service=kubelet level=INFO namespace=inference pod=node-exporter-e9deb8 event=probe_ok gpu_util=32
2026-07-16T17:58:33.063Z host=gpu-node-095 service=nvidia-dcgm level=INFO namespace=training pod=checkpoint-124d2d event=probe_ok gpu_util=9
2026-07-16T18:00:03.645Z host=eng-x12 service=auditd level=INFO user=builder repo=api-gateway event=fetch status=success job=48304 trace=21cabdf5f3e898
2026-07-16T18:00:03.932Z host=gpu-node-060 service=scheduler level=INFO namespace=inference pod=trainer-71fcb8 event=completed gpu_util=91
2026-07-16T18:01:05.300Z host=eng-x12 service=gitlab-runner level=INFO user=builder repo=infra-charts event=build status=success job=45018 trace=161827131959e0
2026-07-16T18:01:22.477Z host=eng-x12 service=sshd level=INFO user=sre repo=evaluation event=build status=success job=43613 trace=41b591ac559f46
2026-07-16T18:03:55.830Z host=gpu-node-067 service=containerd level=INFO namespace=training pod=node-exporter-1c940e event=probe_ok gpu_util=95
2026-07-16T18:05:45.431Z host=eng-x12 service=sshd level=INFO user=mchen repo=api-gateway event=build status=success job=45457 trace=627dc423883996
2026-07-16T18:07:03.227Z host=gpu-node-085 service=nvidia-dcgm level=INFO namespace=inference pod=trainer-977588 event=started gpu_util=21
2026-07-16T18:11:55.481Z host=eng-x12 service=sshd level=INFO user=deploybot repo=evaluation event=push status=success job=44846 trace=c2ba5c90a3b44d
2026-07-16T18:12:09.606Z host=gpu-node-128 service=containerd level=INFO namespace=monitoring pod=trainer-6e5107 event=image_present gpu_util=0
2026-07-16T18:12:18.692Z host=eng-x12 service=sshd level=INFO user=builder repo=infra-charts event=fetch status=success job=41736 trace=a354e17a917be3
2026-07-16T18:13:34.576Z host=eng-x12 service=gitlab-runner level=INFO user=sre repo=infra-charts event=push status=success job=45819 trace=aa880ab2a2b3b0
2026-07-16T18:16:50.501Z host=gpu-node-005 service=scheduler level=INFO namespace=training pod=model-eval-e47681 event=image_present gpu_util=94
2026-07-16T18:17:05.912Z host=eng-x12 service=gitlab-runner level=INFO user=deploybot repo=safety-filters event=session_close status=success job=47856 trace=7af6f2f0208d7d
2026-07-16T18:18:50.397Z host=eng-x12 service=sshd level=INFO user=mchen repo=safety-filters event=build status=success job=42763 trace=c8090e03b0b779
2026-07-16T18:19:23.967Z host=eng-x12 service=auditd level=INFO user=builder repo=model-runtime event=push status=success job=48181 trace=5c998d1596be3d
2026-07-16T18:19:56.362Z host=gpu-node-107 service=kubelet level=INFO namespace=training pod=node-exporter-ec658a event=started gpu_util=8
2026-07-16T18:22:19.258Z host=eng-x12 service=auditd level=INFO user=mchen repo=evaluation event=checkout status=success job=44800 trace=fa215138c54a51
2026-07-16T18:23:43.658Z host=eng-x12 service=sshd level=INFO user=sre repo=safety-filters event=checkout status=success job=45682 trace=10d705e5e6ca27
2026-07-16T18:24:32.434Z host=gpu-node-123 service=scheduler level=INFO namespace=training pod=node-exporter-53c529 event=completed gpu_util=9
2026-07-16T18:24:47.162Z host=eng-x12 service=gitlab-runner level=INFO user=builder repo=infra-charts event=checkout status=success job=44152 trace=8d54b4498de2c7
2026-07-16T18:28:08.269Z host=eng-x12 service=gitlab-runner level=INFO user=mchen repo=evaluation event=session_close status=success job=41011 trace=cd464577187650
2026-07-16T18:28:40.032Z host=gpu-node-047 service=scheduler level=INFO namespace=inference pod=checkpoint-a9934d event=image_present gpu_util=99
2026-07-16T18:28:41.831Z host=eng-x12 service=gitlab-runner level=INFO user=sre repo=evaluation event=build status=success job=41989 trace=ffda371caba397
2026-07-16T18:28:50.545Z host=gpu-node-101 service=kubelet level=INFO namespace=training pod=checkpoint-7cd434 event=completed gpu_util=82
2026-07-16T18:29:13.659Z host=gpu-node-041 service=kubelet level=INFO namespace=monitoring pod=trainer-d464fd event=started gpu_util=31
2026-07-16T18:30:11.812Z host=gpu-node-009 service=kubelet level=INFO namespace=inference pod=checkpoint-3882be event=started gpu_util=11
2026-07-16T18:31:32.871Z host=gpu-node-074 service=containerd level=INFO namespace=training pod=checkpoint-269458 event=started gpu_util=0
2026-07-16T18:32:20.664Z host=gpu-node-018 service=containerd level=INFO namespace=monitoring pod=model-eval-9f2862 event=probe_ok gpu_util=2
2026-07-16T18:32:26.772Z host=gpu-node-072 service=kubelet level=INFO namespace=inference pod=trainer-2fb54b event=started gpu_util=29
2026-07-16T18:32:42.478Z host=gpu-node-087 service=containerd level=INFO namespace=training pod=checkpoint-b4d6f7 event=started gpu_util=56
2026-07-16T18:32:49.536Z host=gpu-node-123 service=nvidia-dcgm level=INFO namespace=training pod=node-exporter-754c33 event=completed gpu_util=28
2026-07-16T18:32:59.600Z host=gpu-node-061 service=containerd level=INFO namespace=training pod=model-eval-4c8df3 event=started gpu_util=68
2026-07-16T18:34:05.702Z host=gpu-node-086 service=scheduler level=INFO namespace=monitoring pod=trainer-8136c8 event=completed gpu_util=19
2026-07-16T18:34:12.207Z host=gpu-node-098 service=nvidia-dcgm level=INFO namespace=training pod=node-exporter-f09f8c event=started gpu_util=80
2026-07-16T18:37:44.659Z host=gpu-node-064 service=kubelet level=INFO namespace=monitoring pod=checkpoint-ddc0f9 event=started gpu_util=71
2026-07-16T18:38:03.585Z host=eng-x12 service=gitlab-runner level=INFO user=sre repo=model-runtime event=build status=success job=47402 trace=bb8623bf64da35
2026-07-16T18:38:56.888Z host=eng-x12 service=sshd level=INFO user=mchen repo=infra-charts event=build status=success job=44917 trace=309aef35d95dd0
2026-07-16T18:39:32.835Z host=eng-x12 service=dockerd level=INFO user=deploybot repo=api-gateway event=session_close status=success job=47939 trace=a8adae59f9aecf
2026-07-16T18:40:04.616Z host=gpu-node-064 service=scheduler level=INFO namespace=monitoring pod=model-eval-d08ba9 event=completed gpu_util=65
2026-07-16T18:41:50.225Z host=eng-x12 service=gitlab-runner level=INFO user=mchen repo=evaluation event=session_close status=success job=44248 trace=c221fa7b8c0c4e
2026-07-16T18:42:51.959Z host=eng-x12 service=dockerd level=INFO user=builder repo=infra-charts event=session_close status=success job=48581 trace=b9d0424597aba0
2026-07-16T18:44:24.378Z host=eng-x12 service=auditd level=INFO user=mchen repo=evaluation event=push status=success job=42691 trace=19502699e3e4ea
2026-07-16T18:46:20.954Z host=eng-x12 service=sshd level=INFO user=deploybot repo=model-runtime event=fetch status=success job=46646 trace=a0b0f0e32c939a
2026-07-16T18:47:34.391Z host=eng-x12 service=dockerd level=INFO user=mchen repo=api-gateway event=fetch status=success job=43949 trace=045dfb89f24811
2026-07-16T18:48:22.768Z host=eng-x12 service=dockerd level=INFO user=deploybot repo=infra-charts event=checkout status=success job=43498 trace=5afa761e2cf35d
2026-07-16T18:48:41.641Z host=gpu-node-110 service=nvidia-dcgm level=INFO namespace=monitoring pod=node-exporter-e270fb event=completed gpu_util=75
2026-07-16T18:48:55.348Z host=gpu-node-073 service=kubelet level=INFO namespace=training pod=node-exporter-1367ec event=completed gpu_util=86
2026-07-16T18:49:44.680Z host=gpu-node-127 service=kubelet level=INFO namespace=training pod=checkpoint-2c3045 event=image_present gpu_util=64
2026-07-16T18:50:10.911Z host=gpu-node-005 service=scheduler level=INFO namespace=monitoring pod=trainer-5e2b95 event=completed gpu_util=18
2026-07-16T18:51:36.708Z host=gpu-node-122 service=scheduler level=INFO namespace=inference pod=model-eval-08b532 event=image_present gpu_util=48
2026-07-16T18:52:04.547Z host=gpu-node-104 service=kubelet level=INFO namespace=training pod=trainer-ce8880 event=completed gpu_util=69
2026-07-16T18:53:46.899Z host=gpu-node-089 service=containerd level=INFO namespace=training pod=checkpoint-3d07be event=probe_ok gpu_util=97
2026-07-16T18:56:25.917Z host=eng-x12 service=sshd level=INFO user=mchen repo=infra-charts event=build status=success job=45253 trace=cda62de0cdb199
2026-07-16T18:56:36.869Z host=eng-x12 service=auditd level=INFO user=deploybot repo=model-runtime event=checkout status=success job=42143 trace=cccfd761b4fe0d
2026-07-16T18:56:41.438Z host=eng-x12 service=gitlab-runner level=INFO user=sre repo=model-runtime event=session_close status=success job=47993 trace=d962ac862731d0
2026-07-16T18:56:45.516Z host=gpu-node-023 service=scheduler level=INFO namespace=monitoring pod=trainer-52ee3e event=completed gpu_util=88
2026-07-16T18:56:52.755Z host=eng-x12 service=sshd level=INFO user=builder repo=safety-filters event=fetch status=success job=43980 trace=e63912d39526d4
2026-07-16T18:56:54.564Z host=eng-x12 service=gitlab-runner level=INFO user=mchen repo=api-gateway event=push status=success job=41350 trace=78016b338d8e3b
2026-07-16T18:56:56.795Z host=eng-x12 service=gitlab-runner level=INFO user=sre repo=infra-charts event=push status=success job=47223 trace=5e9606084516cb
2026-07-16T18:57:08.061Z host=eng-x12 service=auditd level=INFO user=mchen repo=model-runtime event=fetch status=success job=46013 trace=344daeaca25227
2026-07-16T18:58:08.672Z host=gpu-node-113 service=scheduler level=INFO namespace=training pod=node-exporter-bf13ab event=started gpu_util=44
2026-07-16T19:01:20.315Z host=gpu-node-112 service=kubelet level=INFO namespace=training pod=trainer-bf2801 event=image_present gpu_util=14
2026-07-16T19:02:55.329Z host=gpu-node-127 service=nvidia-dcgm level=INFO namespace=monitoring pod=model-eval-d4f7ed event=completed gpu_util=76
2026-07-16T19:04:19.623Z host=gpu-node-030 service=kubelet level=INFO namespace=inference pod=model-eval-5b39f3 event=probe_ok gpu_util=68
2026-07-16T19:12:35.244Z host=gpu-node-072 service=containerd level=INFO namespace=monitoring pod=trainer-f61257 event=started gpu_util=87
2026-07-16T19:13:54.592Z host=eng-x12 service=dockerd level=INFO user=mchen repo=api-gateway event=checkout status=success job=44159 trace=3d5cf77cd30331
2026-07-16T19:15:29.648Z host=gpu-node-059 service=kubelet level=INFO namespace=monitoring pod=checkpoint-e18ab4 event=started gpu_util=9
2026-07-16T19:15:52.380Z host=eng-x12 service=auditd level=INFO user=sre repo=model-runtime event=push status=success job=43016 trace=905e38767aec93
2026-07-16T19:17:07.503Z host=gpu-node-028 service=scheduler level=INFO namespace=training pod=model-eval-e4d770 event=probe_ok gpu_util=99
2026-07-16T19:17:26.236Z host=eng-x12 service=dockerd level=INFO user=sre repo=api-gateway event=push status=success job=42420 trace=477c6a73898109
2026-07-16T19:18:25.169Z host=gpu-node-059 service=kubelet level=INFO namespace=monitoring pod=model-eval-0c9f79 event=started gpu_util=57
2026-07-16T19:18:34.821Z host=eng-x12 service=gitlab-runner level=INFO user=builder repo=safety-filters event=push status=success job=43090 trace=90ee25213aa538
2026-07-16T19:18:55.609Z host=eng-x12 service=sshd level=INFO user=deploybot repo=safety-filters event=checkout status=success job=42001 trace=b17d269cf324a1
2026-07-16T19:19:44.186Z host=gpu-node-060 service=scheduler level=INFO namespace=training pod=checkpoint-e40935 event=image_present gpu_util=14
2026-07-16T19:19:48.552Z host=gpu-node-057 service=kubelet level=INFO namespace=inference pod=checkpoint-320b94 event=completed gpu_util=70
2026-07-16T19:20:13.175Z host=eng-x12 service=sshd level=INFO user=sre repo=infra-charts event=checkout status=success job=41738 trace=c884d62af580ca
2026-07-16T19:21:50.500Z host=gpu-node-055 service=kubelet level=INFO namespace=training pod=node-exporter-fe62bd event=started gpu_util=90
2026-07-16T19:22:15.133Z host=eng-x12 service=gitlab-runner level=INFO user=builder repo=model-runtime event=build status=success job=47271 trace=a67f8972c3bb35
2026-07-16T19:22:57.953Z host=eng-x12 service=sshd level=INFO user=builder repo=model-runtime event=push status=success job=47052 trace=23a3c1b0b99768
2026-07-16T19:23:13.633Z host=eng-x12 service=dockerd level=INFO user=mchen repo=safety-filters event=build status=success job=46017 trace=85815ea11f5d08
2026-07-16T19:23:49.674Z host=gpu-node-036 service=scheduler level=INFO namespace=inference pod=node-exporter-ccd3d7 event=started gpu_util=96
2026-07-16T19:26:15.141Z host=gpu-node-010 service=containerd level=INFO namespace=training pod=node-exporter-234fc9 event=completed gpu_util=32
2026-07-16T19:26:28.143Z host=gpu-node-081 service=scheduler level=INFO namespace=training pod=model-eval-a04b3d event=started gpu_util=92
2026-07-16T19:26:38.384Z host=eng-x12 service=sshd level=INFO user=mchen repo=api-gateway event=session_close status=success job=47137 trace=ed39e6b87e1e77
2026-07-16T19:30:35.772Z host=gpu-node-015 service=nvidia-dcgm level=INFO namespace=monitoring pod=checkpoint-098ea9 event=started gpu_util=90
2026-07-16T19:31:50.322Z host=eng-x12 service=dockerd level=INFO user=mchen repo=model-runtime event=build status=success job=42459 trace=66de92a971dbfa
2026-07-16T19:31:59.842Z host=eng-x12 service=auditd level=INFO user=deploybot repo=evaluation event=session_close status=success job=42457 trace=3f04a5920cb0bc
2026-07-16T19:32:36.812Z host=eng-x12 service=gitlab-runner level=INFO user=builder repo=infra-charts event=build status=success job=41310 trace=a749ae54d19426
2026-07-16T19:34:26.757Z host=gpu-node-123 service=nvidia-dcgm level=INFO namespace=inference pod=trainer-b20e59 event=image_present gpu_util=12
2026-07-16T19:35:56.989Z host=gpu-node-106 service=nvidia-dcgm level=INFO namespace=inference pod=node-exporter-b5a5d9 event=probe_ok gpu_util=9
2026-07-16T19:36:33.283Z host=gpu-node-084 service=containerd level=INFO namespace=training pod=model-eval-382446 event=started gpu_util=79
2026-07-16T19:36:49.960Z host=gpu-node-091 service=nvidia-dcgm level=INFO namespace=inference pod=trainer-73ee8c event=image_present gpu_util=88
2026-07-16T19:38:35.819Z host=gpu-node-048 service=scheduler level=INFO namespace=inference pod=model-eval-5858c4 event=probe_ok gpu_util=89
2026-07-16T19:38:38.489Z host=eng-x12 service=auditd level=INFO user=sre repo=api-gateway event=checkout status=success job=43758 trace=d6de02292b6602
2026-07-16T19:39:45.482Z host=eng-x12 service=sshd level=INFO user=deploybot repo=evaluation event=push status=success job=48059 trace=5209ba90c2f23b
2026-07-16T19:41:00.997Z host=gpu-node-098 service=containerd level=INFO namespace=inference pod=node-exporter-ba337e event=image_present gpu_util=3
2026-07-16T19:42:14.415Z host=gpu-node-001 service=scheduler level=INFO namespace=monitoring pod=node-exporter-9c3df1 event=started gpu_util=13
2026-07-16T19:43:32.214Z host=gpu-node-110 service=containerd level=INFO namespace=training pod=trainer-a76353 event=image_present gpu_util=92
2026-07-16T19:46:15.498Z host=gpu-node-037 service=containerd level=INFO namespace=training pod=trainer-d0bb01 event=image_present gpu_util=68
2026-07-16T19:47:52.267Z host=gpu-node-120 service=scheduler level=INFO namespace=monitoring pod=node-exporter-8c30a6 event=probe_ok gpu_util=8
2026-07-16T19:49:10.582Z host=eng-x12 service=auditd level=INFO user=mchen repo=model-runtime event=fetch status=success job=47617 trace=0642adfb9ed043
2026-07-16T19:49:15.683Z host=gpu-node-073 service=nvidia-dcgm level=INFO namespace=monitoring pod=checkpoint-62250f event=completed gpu_util=6
2026-07-16T19:49:24.627Z host=gpu-node-096 service=containerd level=INFO namespace=monitoring pod=model-eval-cdfd86 event=started gpu_util=17
2026-07-16T19:49:52.097Z host=eng-x12 service=auditd level=INFO user=deploybot repo=api-gateway event=checkout status=success job=46142 trace=a187da901d932c
2026-07-16T19:50:08.691Z host=gpu-node-093 service=kubelet level=INFO namespace=inference pod=trainer-fa9243 event=started gpu_util=5
2026-07-16T19:50:16.319Z host=gpu-node-040 service=containerd level=INFO namespace=monitoring pod=checkpoint-60e33a event=completed gpu_util=64
2026-07-16T19:51:18.751Z host=gpu-node-121 service=containerd level=INFO namespace=training pod=model-eval-f6c4a9 event=started gpu_util=93
2026-07-16T19:56:00.700Z host=gpu-node-042 service=scheduler level=INFO namespace=training pod=model-eval-e659f8 event=completed gpu_util=13
2026-07-16T19:57:08.231Z host=gpu-node-029 service=scheduler level=INFO namespace=training pod=node-exporter-0b4ed6 event=probe_ok gpu_util=37
2026-07-16T19:57:27.815Z host=gpu-node-025 service=scheduler level=INFO namespace=training pod=node-exporter-babbab event=completed gpu_util=61
2026-07-16T19:59:42.429Z host=eng-x12 service=dockerd level=INFO user=builder repo=evaluation event=build status=success job=42940 trace=24a75863223fd8
2026-07-16T19:59:51.862Z host=eng-x12 service=dockerd level=INFO user=mchen repo=safety-filters event=build status=success job=45096 trace=472d84e173339e
2026-07-16T20:01:15.483Z host=gpu-node-069 service=containerd level=INFO namespace=training pod=model-eval-dea1c7 event=completed gpu_util=1
2026-07-16T20:01:40.717Z host=gpu-node-124 service=containerd level=INFO namespace=training pod=node-exporter-049d7c event=completed gpu_util=46
2026-07-16T20:03:24.404Z host=eng-x12 service=auditd level=INFO user=deploybot repo=infra-charts event=session_close status=success job=45029 trace=cc0f57c69a7ac1
2026-07-16T20:05:33.082Z host=eng-x12 service=gitlab-runner level=INFO user=mchen repo=api-gateway event=checkout status=success job=44941 trace=ecbada4eb9120a
2026-07-16T20:05:48.692Z host=gpu-node-028 service=containerd level=INFO namespace=training pod=checkpoint-36ba7c event=image_present gpu_util=60
2026-07-16T20:05:57.002Z host=gpu-node-022 service=kubelet level=INFO namespace=monitoring pod=trainer-8a0f94 event=image_present gpu_util=80
2026-07-16T20:06:34.212Z host=gpu-node-059 service=kubelet level=INFO namespace=inference pod=node-exporter-ffa20a event=completed gpu_util=42
2026-07-16T20:08:45.417Z host=eng-x12 service=sshd level=INFO user=mchen repo=safety-filters event=session_close status=success job=46292 trace=f55f9594b17b3a
2026-07-16T20:09:30.551Z host=gpu-node-048 service=kubelet level=INFO namespace=training pod=node-exporter-032eee event=started gpu_util=99
2026-07-16T20:09:57.498Z host=eng-x12 service=sshd level=INFO user=deploybot repo=evaluation event=fetch status=success job=43466 trace=b6738e9e0f9939
2026-07-16T20:11:33.157Z host=gpu-node-073 service=scheduler level=INFO namespace=monitoring pod=checkpoint-b4cead event=completed gpu_util=62
2026-07-16T20:13:48.424Z host=eng-x12 service=sshd level=INFO user=deploybot repo=infra-charts event=session_close status=success job=48144 trace=23b725f3201812
2026-07-16T20:14:25.415Z host=gpu-node-116 service=nvidia-dcgm level=INFO namespace=inference pod=model-eval-2ef6b8 event=started gpu_util=36
2026-07-16T20:19:36.685Z host=gpu-node-048 service=containerd level=INFO namespace=inference pod=node-exporter-e62912 event=probe_ok gpu_util=61
2026-07-16T20:19:43.089Z host=eng-x12 service=sshd level=INFO user=sre repo=evaluation event=checkout status=success job=48830 trace=df6a7cb4aa1f3a
2026-07-16T20:19:46.580Z host=eng-x12 service=gitlab-runner level=INFO user=deploybot repo=infra-charts event=session_close status=success job=41405 trace=63b4595ec5716f
2026-07-16T20:19:53.411Z host=eng-x12 service=gitlab-runner level=INFO user=builder repo=api-gateway event=fetch status=success job=45095 trace=4578e56ad2ec48
2026-07-16T20:20:56.912Z host=eng-x12 service=gitlab-runner level=INFO user=sre repo=api-gateway event=session_close status=success job=45387 trace=4ee1306c3abb05
2026-07-16T20:22:00.379Z host=gpu-node-030 service=scheduler level=INFO namespace=monitoring pod=checkpoint-8a9308 event=started gpu_util=29
2026-07-16T20:22:32.555Z host=gpu-node-062 service=containerd level=INFO namespace=inference pod=node-exporter-03d94a event=completed gpu_util=46
2026-07-16T20:22:32.854Z host=eng-x12 service=dockerd level=INFO user=sre repo=safety-filters event=fetch status=success job=43009 trace=52e39a8599d2e4
2026-07-16T20:22:37.530Z host=eng-x12 service=auditd level=INFO user=sre repo=evaluation event=session_close status=success job=45827 trace=671176c9cfd40c
2026-07-16T20:25:26.841Z host=eng-x12 service=sshd level=INFO user=sre repo=model-runtime event=build status=success job=41706 trace=e15b84a64d10ca
2026-07-16T20:27:04.865Z host=gpu-node-018 service=nvidia-dcgm level=INFO namespace=monitoring pod=model-eval-b70fd0 event=probe_ok gpu_util=3
2026-07-16T20:28:59.341Z host=eng-x12 service=sshd level=INFO user=sre repo=model-runtime event=checkout status=success job=41653 trace=fb9296497d3268
2026-07-16T20:30:57.646Z host=eng-x12 service=gitlab-runner level=INFO user=builder repo=api-gateway event=checkout status=success job=41883 trace=b71efd0e4a5622
2026-07-16T20:31:04.133Z host=gpu-node-014 service=containerd level=INFO namespace=training pod=checkpoint-3d663a event=completed gpu_util=66
2026-07-16T20:33:21.985Z host=gpu-node-048 service=scheduler level=INFO namespace=inference pod=node-exporter-f78508 event=image_present gpu_util=96
2026-07-16T20:33:34.472Z host=gpu-node-128 service=scheduler level=INFO namespace=monitoring pod=checkpoint-d6beb2 event=completed gpu_util=16
2026-07-16T20:34:00.493Z host=gpu-node-095 service=kubelet level=INFO namespace=inference pod=model-eval-66415f event=completed gpu_util=72
2026-07-16T20:35:15.524Z host=gpu-node-032 service=containerd level=INFO namespace=inference pod=trainer-ae0082 event=started gpu_util=5
2026-07-16T20:35:43.776Z host=eng-x12 service=auditd level=INFO user=builder repo=infra-charts event=build status=success job=47935 trace=9d95d92afd04b6
2026-07-16T20:35:57.656Z host=eng-x12 service=sshd level=INFO user=deploybot repo=infra-charts event=build status=success job=41818 trace=a4c69867d1ab00
2026-07-16T20:36:23.954Z host=eng-x12 service=sshd level=INFO user=mchen repo=evaluation event=build status=success job=43554 trace=1bd01a5e526f95
2026-07-16T20:36:57.094Z host=gpu-node-074 service=kubelet level=INFO namespace=training pod=trainer-161475 event=started gpu_util=85
2026-07-16T20:40:29.634Z host=eng-x12 service=dockerd level=INFO user=builder repo=infra-charts event=checkout status=success job=45503 trace=c7f93284597881
2026-07-16T20:41:42.005Z host=eng-x12 service=gitlab-runner level=INFO user=sre repo=model-runtime event=build status=success job=44042 trace=10c161518aea64
2026-07-16T20:48:01.341Z host=eng-x12 service=gitlab-runner level=INFO user=deploybot repo=evaluation event=push status=success job=46641 trace=0caa172c24b5c2
2026-07-16T20:48:12.201Z host=eng-x12 service=auditd level=INFO user=deploybot repo=infra-charts event=build status=success job=48183 trace=158144fe8fbfc2
2026-07-16T20:49:04.611Z host=gpu-node-067 service=containerd level=INFO namespace=training pod=trainer-0f90f4 event=image_present gpu_util=66
2026-07-16T20:52:13.620Z host=eng-x12 service=gitlab-runner level=INFO user=sre repo=infra-charts event=fetch status=success job=42169 trace=2f1986b12e1942
2026-07-16T20:53:24.277Z host=eng-x12 service=dockerd level=INFO user=deploybot repo=model-runtime event=session_close status=success job=46774 trace=ea174b65e1ebcc
2026-07-16T20:53:54.167Z host=gpu-node-074 service=nvidia-dcgm level=INFO namespace=monitoring pod=model-eval-6daa2e event=probe_ok gpu_util=59
2026-07-16T20:55:01.326Z host=gpu-node-066 service=containerd level=INFO namespace=training pod=model-eval-e65b3d event=probe_ok gpu_util=74
2026-07-16T20:56:21.703Z host=gpu-node-018 service=kubelet level=INFO namespace=inference pod=node-exporter-f962dd event=probe_ok gpu_util=43
2026-07-16T20:58:49.433Z host=gpu-node-018 service=containerd level=INFO namespace=monitoring pod=node-exporter-0f2738 event=completed gpu_util=80
2026-07-16T21:01:28.790Z host=gpu-node-086 service=nvidia-dcgm level=INFO namespace=training pod=node-exporter-870ccf event=completed gpu_util=52
2026-07-16T21:05:18.593Z host=gpu-node-084 service=nvidia-dcgm level=INFO namespace=inference pod=checkpoint-c9dc06 event=completed gpu_util=14
2026-07-16T21:06:51.956Z host=eng-x12 service=dockerd level=INFO user=deploybot repo=model-runtime event=checkout status=success job=42088 trace=61fccb5f9ee246
2026-07-16T21:07:20.489Z host=eng-x12 service=sshd level=INFO user=sre repo=api-gateway event=push status=success job=48381 trace=1f02b619e5fc84
2026-07-16T21:07:50.630Z host=gpu-node-081 service=nvidia-dcgm level=INFO namespace=training pod=model-eval-deecd7 event=probe_ok gpu_util=32
2026-07-16T21:08:13.363Z host=gpu-node-096 service=kubelet level=INFO namespace=monitoring pod=model-eval-d460b8 event=started gpu_util=44
2026-07-16T21:10:53.739Z host=eng-x12 service=auditd level=INFO user=deploybot repo=evaluation event=checkout status=success job=47719 trace=c611594d534bca
2026-07-16T21:10:58.587Z host=gpu-node-012 service=nvidia-dcgm level=INFO namespace=monitoring pod=trainer-c1b01f event=completed gpu_util=32
2026-07-16T21:12:00.738Z host=eng-x12 service=sshd level=INFO user=builder repo=infra-charts event=push status=success job=44661 trace=22faed2b4e3513
2026-07-16T21:15:39.024Z host=eng-x12 service=gitlab-runner level=INFO user=builder repo=model-runtime event=session_close status=success job=43040 trace=2529a79dd801d6
2026-07-16T21:16:36.092Z host=gpu-node-124 service=nvidia-dcgm level=INFO namespace=inference pod=trainer-70b334 event=started gpu_util=97
2026-07-16T21:17:06.046Z host=gpu-node-088 service=containerd level=INFO namespace=training pod=trainer-0db863 event=image_present gpu_util=11
2026-07-16T21:18:25.920Z host=eng-x12 service=dockerd level=INFO user=deploybot repo=api-gateway event=session_close status=success job=48110 trace=b6030cae023120
2026-07-16T21:19:15.081Z host=gpu-node-034 service=kubelet level=INFO namespace=inference pod=node-exporter-789076 event=image_present gpu_util=55
2026-07-16T21:20:43.579Z host=eng-x12 service=sshd level=INFO user=mchen repo=api-gateway event=checkout status=success job=43817 trace=d683d2c9c0c7d2
2026-07-16T21:21:58.414Z host=gpu-node-119 service=nvidia-dcgm level=INFO namespace=inference pod=model-eval-2ac4f9 event=image_present gpu_util=99
2026-07-16T21:23:10.054Z host=eng-x12 service=gitlab-runner level=INFO user=mchen repo=model-runtime event=build status=success job=44390 trace=f4be72561883ab
2026-07-16T21:23:17.908Z host=eng-x12 service=dockerd level=INFO user=mchen repo=evaluation event=session_close status=success job=43594 trace=4b673afac6c4ed
2026-07-16T21:23:40.621Z host=gpu-node-035 service=kubelet level=INFO namespace=training pod=checkpoint-2cc179 event=probe_ok gpu_util=93
2026-07-16T21:25:50.049Z host=eng-x12 service=sshd level=INFO user=sre repo=infra-charts event=fetch status=success job=46400 trace=66e63a3aa2d6ed
2026-07-16T21:26:31.186Z host=gpu-node-127 service=nvidia-dcgm level=INFO namespace=monitoring pod=checkpoint-1c5131 event=image_present gpu_util=81
2026-07-16T21:27:17.304Z host=gpu-node-088 service=nvidia-dcgm level=INFO namespace=training pod=node-exporter-99717b event=image_present gpu_util=41
2026-07-16T21:27:56.707Z host=gpu-node-078 service=containerd level=INFO namespace=monitoring pod=checkpoint-e00e66 event=image_present gpu_util=77
2026-07-16T21:28:02.118Z host=gpu-node-071 service=scheduler level=INFO namespace=training pod=trainer-06ed3b event=image_present gpu_util=93
2026-07-16T21:29:08.150Z host=eng-x12 service=sshd level=INFO user=deploybot repo=safety-filters event=build status=success job=47046 trace=05a33a098fc35c
2026-07-16T21:31:44.633Z host=gpu-node-102 service=scheduler level=INFO namespace=training pod=node-exporter-82287d event=completed gpu_util=93
2026-07-16T21:32:48.759Z host=eng-x12 service=dockerd level=INFO user=builder repo=api-gateway event=session_close status=success job=42177 trace=4aa4a1f006b229
2026-07-16T21:34:27.896Z host=eng-x12 service=gitlab-runner level=INFO user=sre repo=evaluation event=build status=success job=48305 trace=1fd785414fb759
2026-07-16T21:34:39.688Z host=eng-x12 service=gitlab-runner level=INFO user=builder repo=api-gateway event=fetch status=success job=47911 trace=907daf6a85c2b0
2026-07-16T21:35:58.013Z host=eng-x12 service=gitlab-runner level=INFO user=mchen repo=api-gateway event=fetch status=success job=48883 trace=05446a0582d2ce
2026-07-16T21:36:08.978Z host=gpu-node-063 service=containerd level=INFO namespace=inference pod=node-exporter-14108b event=probe_ok gpu_util=31
2026-07-16T21:37:20.998Z host=eng-x12 service=dockerd level=INFO user=builder repo=api-gateway event=fetch status=success job=44587 trace=ca4e4279d3d54c
2026-07-16T21:38:29.953Z host=gpu-node-112 service=nvidia-dcgm level=INFO namespace=training pod=model-eval-320a77 event=started gpu_util=2
2026-07-16T21:39:17.942Z host=gpu-node-123 service=containerd level=INFO namespace=monitoring pod=trainer-0d1c22 event=probe_ok gpu_util=90
2026-07-16T21:39:57.618Z host=gpu-node-089 service=scheduler level=INFO namespace=training pod=checkpoint-c95df3 event=probe_ok gpu_util=5
2026-07-16T21:41:13.137Z host=eng-x12 service=dockerd level=INFO user=sre repo=evaluation event=fetch status=success job=45327 trace=d88208f8942167
2026-07-16T21:41:16.929Z host=eng-x12 service=sshd level=INFO user=deploybot repo=safety-filters event=session_close status=success job=45046 trace=119a2d5aefd9d4
2026-07-16T21:41:37.870Z host=eng-x12 service=gitlab-runner level=INFO user=builder repo=evaluation event=push status=success job=47778 trace=2d3117060dc0e6
2026-07-16T21:41:53.927Z host=eng-x12 service=sshd level=INFO user=mchen repo=safety-filters event=fetch status=success job=46720 trace=fb905d1a7fecfe
2026-07-16T21:44:25.357Z host=eng-x12 service=auditd level=INFO user=deploybot repo=infra-charts event=checkout status=success job=41910 trace=d2feba5f440ced
2026-07-16T21:44:40.418Z host=eng-x12 service=sshd level=INFO user=deploybot repo=safety-filters event=checkout status=success job=46982 trace=1cca4058803cad
2026-07-16T21:45:19.483Z host=gpu-node-009 service=containerd level=INFO namespace=monitoring pod=checkpoint-7352e9 event=probe_ok gpu_util=37
2026-07-16T21:47:21.601Z host=eng-x12 service=sshd level=INFO user=sre repo=safety-filters event=push status=success job=43068 trace=cce33bcf10d2dc
2026-07-16T21:50:22.627Z host=gpu-node-035 service=scheduler level=INFO namespace=inference pod=checkpoint-49094a event=completed gpu_util=0
2026-07-16T21:51:09.400Z host=eng-x12 service=dockerd level=INFO user=mchen repo=infra-charts event=build status=success job=41792 trace=212aa62dde125d
2026-07-16T21:51:34.223Z host=eng-x12 service=auditd level=INFO user=deploybot repo=infra-charts event=session_close status=success job=46681 trace=cf07e282434b83
2026-07-16T21:51:38.343Z host=eng-x12 service=sshd level=INFO user=mchen repo=model-runtime event=checkout status=success job=43912 trace=7afb64bf55b6b2
2026-07-16T21:51:42.929Z host=eng-x12 service=sshd level=INFO user=builder repo=safety-filters event=push status=success job=44349 trace=0ffab1aa3ea8f4
2026-07-16T21:52:36.016Z host=gpu-node-086 service=nvidia-dcgm level=INFO namespace=training pod=node-exporter-15224b event=started gpu_util=44
2026-07-16T21:54:26.071Z host=gpu-node-053 service=nvidia-dcgm level=INFO namespace=monitoring pod=trainer-2dbdb7 event=image_present gpu_util=99
2026-07-16T21:56:26.949Z host=eng-x12 service=gitlab-runner level=INFO user=sre repo=safety-filters event=checkout status=success job=46757 trace=684ccb364b54b9
2026-07-16T21:56:34.436Z host=eng-x12 service=dockerd level=INFO user=deploybot repo=model-runtime event=push status=success job=44447 trace=f53b44da90f795
2026-07-16T21:58:58.212Z host=gpu-node-014 service=kubelet level=INFO namespace=inference pod=model-eval-2f2853 event=image_present gpu_util=89
2026-07-16T21:59:18.100Z host=eng-x12 service=dockerd level=INFO user=builder repo=infra-charts event=fetch status=success job=42710 trace=15c0ab457837c8
2026-07-16T21:59:33.310Z host=eng-x12 service=sshd level=INFO user=sre repo=infra-charts event=push status=success job=45792 trace=dcf877c16b478d
2026-07-16T22:00:23.084Z host=eng-x12 service=sshd level=INFO user=mchen repo=infra-charts event=fetch status=success job=48868 trace=d02f55f9a55a9c
2026-07-16T22:02:56.255Z host=gpu-node-038 service=containerd level=INFO namespace=training pod=model-eval-3d6ca2 event=probe_ok gpu_util=70
2026-07-16T22:03:25.514Z host=gpu-node-084 service=nvidia-dcgm level=INFO namespace=inference pod=trainer-e4e8ac event=image_present gpu_util=18
2026-07-16T22:03:32.177Z host=gpu-node-105 service=kubelet level=INFO namespace=monitoring pod=trainer-cf1ee6 event=started gpu_util=96
2026-07-16T22:07:40.994Z host=gpu-node-044 service=scheduler level=INFO namespace=training pod=node-exporter-5df8e2 event=completed gpu_util=35
2026-07-16T22:07:59.928Z host=eng-x12 service=auditd level=INFO user=builder repo=evaluation event=build status=success job=43537 trace=e865a439343fd3
2026-07-16T22:08:01.429Z host=gpu-node-083 service=containerd level=INFO namespace=monitoring pod=trainer-1e1c7f event=probe_ok gpu_util=74
2026-07-16T22:09:28.932Z host=gpu-node-020 service=containerd level=INFO namespace=monitoring pod=trainer-c1dbce event=completed gpu_util=92
2026-07-16T22:10:21.879Z host=gpu-node-047 service=nvidia-dcgm level=INFO namespace=inference pod=model-eval-9201dc event=completed gpu_util=18
2026-07-16T22:10:30.998Z host=gpu-node-125 service=containerd level=INFO namespace=inference pod=checkpoint-5b7abc event=started gpu_util=1
2026-07-16T22:10:52.619Z host=gpu-node-018 service=nvidia-dcgm level=INFO namespace=monitoring pod=model-eval-d83c5d event=probe_ok gpu_util=91
2026-07-16T22:10:58.944Z host=eng-x12 service=auditd level=INFO user=builder repo=evaluation event=checkout status=success job=44971 trace=c61dd824cf6641
2026-07-16T22:11:15.852Z host=gpu-node-027 service=scheduler level=INFO namespace=training pod=trainer-4b6876 event=completed gpu_util=68
2026-07-16T22:11:18.994Z host=eng-x12 service=sshd level=INFO user=deploybot repo=model-runtime event=checkout status=success job=47373 trace=6efdebf29111ce
2026-07-16T22:11:36.937Z host=gpu-node-020 service=containerd level=INFO namespace=monitoring pod=checkpoint-a69166 event=started gpu_util=67
2026-07-16T22:11:53.144Z host=gpu-node-076 service=scheduler level=INFO namespace=monitoring pod=checkpoint-534b11 event=probe_ok gpu_util=62
2026-07-16T22:12:56.986Z host=eng-x12 service=dockerd level=INFO user=builder repo=api-gateway event=push status=success job=41657 trace=db5c75f32d852c
2026-07-16T22:13:58.268Z host=gpu-node-042 service=kubelet level=INFO namespace=monitoring pod=model-eval-f24929 event=started gpu_util=46
2026-07-16T22:15:44.713Z host=eng-x12 service=gitlab-runner level=INFO user=deploybot repo=safety-filters event=push status=success job=47202 trace=01624c9e8bba52
2026-07-16T22:16:16.318Z host=eng-x12 service=gitlab-runner level=INFO user=builder repo=infra-charts event=checkout status=success job=43968 trace=3077c1cd1ad74a
2026-07-16T22:17:26.697Z host=eng-x12 service=dockerd level=INFO user=sre repo=infra-charts event=build status=success job=47404 trace=106fd65138461e
2026-07-16T22:19:20.040Z host=eng-x12 service=sshd level=INFO user=builder repo=safety-filters event=session_close status=success job=41366 trace=9cf4e2c692bcba
2026-07-16T22:21:42.006Z host=eng-x12 service=auditd level=INFO user=sre repo=safety-filters event=checkout status=success job=47334 trace=c1f12c7d1f041e
2026-07-16T22:22:13.913Z host=gpu-node-101 service=nvidia-dcgm level=INFO namespace=inference pod=model-eval-da0cbd event=probe_ok gpu_util=13
2026-07-16T22:23:55.041Z host=gpu-node-097 service=nvidia-dcgm level=INFO namespace=training pod=node-exporter-26e7d2 event=image_present gpu_util=66
2026-07-16T22:25:22.814Z host=gpu-node-102 service=scheduler level=INFO namespace=inference pod=checkpoint-e7dfee event=started gpu_util=87
2026-07-16T22:26:36.869Z host=gpu-node-076 service=containerd level=INFO namespace=training pod=checkpoint-acea36 event=started gpu_util=39
2026-07-16T22:27:37.670Z host=gpu-node-112 service=nvidia-dcgm level=INFO namespace=monitoring pod=checkpoint-7712e9 event=image_present gpu_util=8
2026-07-16T22:27:46.851Z host=gpu-node-110 service=containerd level=INFO namespace=monitoring pod=model-eval-3310dd event=image_present gpu_util=7
2026-07-16T22:27:49.687Z host=gpu-node-096 service=kubelet level=INFO namespace=monitoring pod=trainer-26c8a5 event=image_present gpu_util=36
2026-07-16T22:27:52.956Z host=eng-x12 service=dockerd level=INFO user=sre repo=evaluation event=build status=success job=48441 trace=85107e1ce94601
2026-07-16T22:28:46.365Z host=eng-x12 service=sshd level=INFO user=deploybot repo=safety-filters event=push status=success job=46375 trace=2e1180f3c1a4ac
2026-07-16T22:28:51.444Z host=eng-x12 service=dockerd level=INFO user=deploybot repo=evaluation event=fetch status=success job=46538 trace=070ce428e105ae
2026-07-16T22:31:06.783Z host=gpu-node-026 service=nvidia-dcgm level=INFO namespace=training pod=model-eval-5329a0 event=completed gpu_util=54
2026-07-16T22:31:12.670Z host=gpu-node-053 service=kubelet level=INFO namespace=inference pod=checkpoint-4bfbec event=probe_ok gpu_util=5
2026-07-16T22:32:45.203Z host=gpu-node-024 service=containerd level=INFO namespace=training pod=trainer-2ec0c3 event=image_present gpu_util=30
2026-07-16T22:33:02.074Z host=gpu-node-097 service=containerd level=INFO namespace=training pod=checkpoint-782d8b event=started gpu_util=58
2026-07-16T22:34:03.388Z host=gpu-node-123 service=nvidia-dcgm level=INFO namespace=inference pod=node-exporter-3ca4ed event=started gpu_util=8
2026-07-16T22:34:15.933Z host=eng-x12 service=dockerd level=INFO user=builder repo=evaluation event=checkout status=success job=47863 trace=f73fb011b78bc4
2026-07-16T22:34:19.760Z host=eng-x12 service=sshd level=INFO user=deploybot repo=safety-filters event=checkout status=success job=45830 trace=7a3810b5f86b12
2026-07-16T22:37:55.823Z host=eng-x12 service=dockerd level=INFO user=mchen repo=api-gateway event=fetch status=success job=44754 trace=077da7c593e03d
2026-07-16T22:38:51.218Z host=eng-x12 service=sshd level=INFO user=sre repo=infra-charts event=checkout status=success job=46662 trace=c44f08d1279f35
2026-07-16T22:39:21.137Z host=gpu-node-053 service=containerd level=INFO namespace=training pod=checkpoint-0603b7 event=probe_ok gpu_util=97
2026-07-16T22:39:26.687Z host=gpu-node-006 service=kubelet level=INFO namespace=training pod=checkpoint-92893e event=probe_ok gpu_util=10
2026-07-16T22:40:06.810Z host=gpu-node-088 service=nvidia-dcgm level=INFO namespace=training pod=checkpoint-9286dc event=image_present gpu_util=27
2026-07-16T22:40:43.655Z host=eng-x12 service=auditd level=INFO user=builder repo=model-runtime event=session_close status=success job=42840 trace=83694a65f9921d
2026-07-16T22:40:54.709Z host=eng-x12 service=gitlab-runner level=INFO user=sre repo=api-gateway event=fetch status=success job=42005 trace=d8f0ef4784ea03
2026-07-16T22:40:58.208Z host=gpu-node-028 service=scheduler level=INFO namespace=inference pod=checkpoint-896927 event=completed gpu_util=6
2026-07-16T22:41:16.371Z host=eng-x12 service=dockerd level=INFO user=builder repo=evaluation event=fetch status=success job=44271 trace=06d90ab62d960a
2026-07-16T22:42:19.030Z host=eng-x12 service=auditd level=INFO user=builder repo=evaluation event=fetch status=success job=47749 trace=eaa0b7a6624f47
2026-07-16T22:45:24.205Z host=eng-x12 service=dockerd level=INFO user=mchen repo=api-gateway event=session_close status=success job=47989 trace=451ca38df6ccad
2026-07-16T22:46:27.158Z host=gpu-node-127 service=scheduler level=INFO namespace=training pod=model-eval-55d492 event=image_present gpu_util=76
2026-07-16T22:46:38.880Z host=gpu-node-101 service=nvidia-dcgm level=INFO namespace=training pod=checkpoint-60bd15 event=probe_ok gpu_util=60
2026-07-16T22:49:07.827Z host=gpu-node-074 service=nvidia-dcgm level=INFO namespace=inference pod=model-eval-681169 event=started gpu_util=64
2026-07-16T22:51:45.849Z host=gpu-node-110 service=scheduler level=INFO namespace=training pod=model-eval-2300f7 event=probe_ok gpu_util=27
2026-07-16T22:54:29.092Z host=eng-x12 service=sshd level=INFO user=mchen repo=evaluation event=session_close status=success job=47829 trace=2cc240823bc7f2
2026-07-16T22:55:02.270Z host=gpu-node-106 service=kubelet level=INFO namespace=training pod=checkpoint-145a81 event=completed gpu_util=63
2026-07-16T22:55:57.247Z host=gpu-node-125 service=scheduler level=INFO namespace=inference pod=trainer-e7f04a event=probe_ok gpu_util=19
2026-07-16T22:56:21.032Z host=gpu-node-054 service=containerd level=INFO namespace=inference pod=model-eval-51d59f event=probe_ok gpu_util=33
2026-07-16T23:00:53.717Z host=eng-x12 service=gitlab-runner level=INFO user=mchen repo=model-runtime event=push status=success job=42159 trace=ba3b2157de944d
2026-07-16T23:01:05.268Z host=eng-x12 service=dockerd level=INFO user=deploybot repo=safety-filters event=session_close status=success job=45667 trace=e6daa7cc1f14ec
2026-07-16T23:03:23.409Z host=gpu-node-098 service=nvidia-dcgm level=INFO namespace=training pod=trainer-bc5c86 event=image_present gpu_util=28
2026-07-16T23:03:32.674Z host=eng-x12 service=gitlab-runner level=INFO user=deploybot repo=infra-charts event=build status=success job=43399 trace=21ce8aa353704b
2026-07-16T23:03:35.255Z host=gpu-node-040 service=kubelet level=INFO namespace=monitoring pod=checkpoint-5c77c6 event=probe_ok gpu_util=25
2026-07-16T23:04:22.115Z host=eng-x12 service=sshd level=INFO user=deploybot repo=safety-filters event=fetch status=success job=43186 trace=5b23e913e58548
2026-07-16T23:04:56.241Z host=gpu-node-103 service=nvidia-dcgm level=INFO namespace=training pod=checkpoint-a21032 event=completed gpu_util=92
2026-07-16T23:05:34.225Z host=eng-x12 service=auditd level=INFO user=sre repo=safety-filters event=checkout status=success job=44474 trace=892c84afee3f53
2026-07-16T23:08:18.694Z host=eng-x12 service=gitlab-runner level=INFO user=builder repo=safety-filters event=checkout status=success job=44736 trace=e9a0b7afc10014
2026-07-16T23:08:35.384Z host=gpu-node-073 service=containerd level=INFO namespace=training pod=checkpoint-85a583 event=image_present gpu_util=94
2026-07-16T23:08:45.640Z host=gpu-node-106 service=scheduler level=INFO namespace=inference pod=checkpoint-0df02f event=completed gpu_util=88
2026-07-16T23:12:18.878Z host=gpu-node-034 service=scheduler level=INFO namespace=inference pod=node-exporter-631a15 event=probe_ok gpu_util=4
2026-07-16T23:13:01.575Z host=eng-x12 service=auditd level=INFO user=deploybot repo=evaluation event=fetch status=success job=41383 trace=6aa317de91852b
2026-07-16T23:14:22.301Z host=eng-x12 service=gitlab-runner level=INFO user=mchen repo=model-runtime event=build status=success job=45359 trace=1aba7d3c2dfb06
2026-07-16T23:16:12.723Z host=gpu-node-070 service=nvidia-dcgm level=INFO namespace=monitoring pod=trainer-0433ee event=image_present gpu_util=79
2026-07-16T23:16:46.307Z host=gpu-node-077 service=kubelet level=INFO namespace=inference pod=checkpoint-f82b8e event=completed gpu_util=6
2026-07-16T23:17:04.793Z host=gpu-node-117 service=kubelet level=INFO namespace=training pod=node-exporter-2941f0 event=image_present gpu_util=65
2026-07-16T23:17:13.015Z host=eng-x12 service=dockerd level=INFO user=mchen repo=model-runtime event=session_close status=success job=46305 trace=58c61602f8c989
2026-07-16T23:17:30.313Z host=gpu-node-008 service=containerd level=INFO namespace=monitoring pod=trainer-766dea event=completed gpu_util=34
2026-07-16T23:20:45.907Z host=eng-x12 service=sshd level=INFO user=deploybot repo=model-runtime event=session_close status=success job=46260 trace=8790c1eb3dd73d
2026-07-16T23:21:32.839Z host=gpu-node-091 service=nvidia-dcgm level=INFO namespace=monitoring pod=node-exporter-b64a6d event=started gpu_util=68
2026-07-16T23:23:06.607Z host=gpu-node-014 service=scheduler level=INFO namespace=training pod=node-exporter-56de8a event=image_present gpu_util=51
2026-07-16T23:24:28.415Z host=gpu-node-038 service=nvidia-dcgm level=INFO namespace=inference pod=node-exporter-e1b3be event=probe_ok gpu_util=29
2026-07-16T23:24:41.366Z host=gpu-node-123 service=scheduler level=INFO namespace=inference pod=model-eval-3da9f8 event=image_present gpu_util=85
2026-07-16T23:24:57.538Z host=gpu-node-111 service=kubelet level=INFO namespace=monitoring pod=model-eval-4adfc9 event=completed gpu_util=19
2026-07-16T23:25:41.429Z host=gpu-node-085 service=nvidia-dcgm level=INFO namespace=training pod=model-eval-5c9e5a event=image_present gpu_util=82
2026-07-16T23:25:50.241Z host=gpu-node-047 service=kubelet level=INFO namespace=inference pod=node-exporter-f91b41 event=started gpu_util=75
2026-07-16T23:27:00.447Z host=gpu-node-066 service=nvidia-dcgm level=INFO namespace=training pod=model-eval-463048 event=started gpu_util=74
2026-07-16T23:27:31.602Z host=eng-x12 service=gitlab-runner level=INFO user=sre repo=safety-filters event=build status=success job=47823 trace=7d820cc9cb435e
2026-07-16T23:29:24.494Z host=gpu-node-068 service=scheduler level=INFO namespace=monitoring pod=checkpoint-dc59b5 event=probe_ok gpu_util=88
2026-07-16T23:29:33.428Z host=gpu-node-118 service=nvidia-dcgm level=INFO namespace=inference pod=model-eval-5af55a event=completed gpu_util=5
2026-07-16T23:29:45.250Z host=gpu-node-074 service=containerd level=INFO namespace=monitoring pod=model-eval-83d521 event=probe_ok gpu_util=22
2026-07-16T23:30:48.739Z host=eng-x12 service=dockerd level=INFO user=builder repo=api-gateway event=checkout status=success job=44295 trace=89ae55f823b555
2026-07-16T23:31:15.566Z host=gpu-node-026 service=kubelet level=INFO namespace=monitoring pod=node-exporter-016a2f event=probe_ok gpu_util=77
2026-07-16T23:31:39.983Z host=gpu-node-109 service=scheduler level=INFO namespace=training pod=checkpoint-89d0b6 event=image_present gpu_util=15
2026-07-16T23:32:54.005Z host=eng-x12 service=auditd level=INFO user=mchen repo=safety-filters event=push status=success job=43927 trace=7180ebdaf4a649
2026-07-16T23:33:14.493Z host=eng-x12 service=dockerd level=INFO user=mchen repo=safety-filters event=build status=success job=41043 trace=25bdc1fff0e200
2026-07-16T23:33:19.817Z host=eng-x12 service=sshd level=INFO user=deploybot repo=safety-filters event=session_close status=success job=44782 trace=c98afbf7408870
2026-07-16T23:33:24.856Z host=gpu-node-025 service=kubelet level=INFO namespace=inference pod=checkpoint-02e6ae event=probe_ok gpu_util=78
2026-07-16T23:34:03.931Z host=eng-x12 service=dockerd level=INFO user=mchen repo=api-gateway event=push status=success job=42263 trace=12e80067d68323
2026-07-16T23:34:05.462Z host=gpu-node-009 service=kubelet level=INFO namespace=inference pod=node-exporter-e09c5c event=started gpu_util=7
2026-07-16T23:34:52.856Z host=eng-x12 service=gitlab-runner level=INFO user=sre repo=infra-charts event=push status=success job=41712 trace=bcf02f8b2ddcf3
2026-07-16T23:34:54.746Z host=gpu-node-126 service=kubelet level=INFO namespace=training pod=trainer-869b04 event=completed gpu_util=85
2026-07-16T23:35:21.886Z host=gpu-node-033 service=nvidia-dcgm level=INFO namespace=inference pod=checkpoint-7103b2 event=started gpu_util=57
2026-07-16T23:36:13.571Z host=eng-x12 service=sshd level=INFO user=mchen repo=evaluation event=push status=success job=45677 trace=83459061283925
2026-07-16T23:38:12.174Z host=gpu-node-114 service=scheduler level=INFO namespace=monitoring pod=trainer-215421 event=probe_ok gpu_util=57
2026-07-16T23:38:20.908Z host=gpu-node-058 service=nvidia-dcgm level=INFO namespace=monitoring pod=model-eval-7f6d74 event=started gpu_util=11
2026-07-16T23:41:16.738Z host=eng-x12 service=dockerd level=INFO user=builder repo=model-runtime event=checkout status=success job=46355 trace=f12682b1a8ea73
2026-07-16T23:42:24.957Z host=gpu-node-022 service=containerd level=INFO namespace=inference pod=model-eval-fb807a event=started gpu_util=45
2026-07-16T23:45:40.878Z host=gpu-node-106 service=kubelet level=INFO namespace=training pod=model-eval-05bdc3 event=image_present gpu_util=34
2026-07-16T23:47:03.289Z host=gpu-node-111 service=scheduler level=INFO namespace=training pod=trainer-38b39e event=completed gpu_util=36
2026-07-16T23:47:07.566Z host=eng-x12 service=gitlab-runner level=INFO user=sre repo=evaluation event=push status=success job=43989 trace=60efa0895aa7b0
2026-07-16T23:47:16.343Z host=gpu-node-076 service=kubelet level=INFO namespace=monitoring pod=node-exporter-d90746 event=probe_ok gpu_util=0
2026-07-16T23:47:43.024Z host=gpu-node-039 service=scheduler level=INFO namespace=monitoring pod=model-eval-98cd2a event=probe_ok gpu_util=84
2026-07-16T23:49:39.647Z host=gpu-node-108 service=scheduler level=INFO namespace=inference pod=checkpoint-5a86d9 event=completed gpu_util=97
2026-07-16T23:55:04.422Z host=eng-x12 service=auditd level=INFO user=builder repo=api-gateway event=build status=success job=41643 trace=9fb43e7dfb7c9b
2026-07-16T23:55:23.800Z host=gpu-node-003 service=nvidia-dcgm level=INFO namespace=inference pod=model-eval-1597b6 event=probe_ok gpu_util=64
2026-07-16T23:57:23.589Z host=eng-x12 service=gitlab-runner level=INFO user=sre repo=evaluation event=checkout status=success job=43175 trace=3474d4bb186289
2026-07-16T23:58:54.511Z host=gpu-node-053 service=scheduler level=INFO namespace=monitoring pod=trainer-e16843 event=probe_ok gpu_util=35
2026-07-16T23:58:57.533Z host=eng-x12 service=gitlab-runner level=INFO user=deploybot repo=api-gateway event=build status=success job=47650 trace=20ad6872119d9f
